,2013.01 월,2013.02 월,2013.03 월,2013.04 월,2013.05 월,2013.06 월,2013.07 월,2013.08 월,2013.09 월,2013.10 월,2013.11 월,2013.12 월,2014.01 월,2014.02 월,2014.03 월,2014.04 월,2014.05 월,2014.06 월,2014.07 월,2014.08 월,2014.09 월,2014.10 월,2014.11 월,2014.12 월,2015.01 월,2015.02 월,2015.03 월,2015.04 월,2015.05 월,2015.06 월,2015.07 월,2015.08 월,2015.09 월,2015.10 월,2015.11 월,2015.12 월,2016.01 월,2016.02 월,2016.03 월,2016.04 월,2016.05 월,2016.06 월,2016.07 월,2016.08 월,2016.09 월,2016.10 월,2016.11 월,2016.12 월,2017.01 월,2017.02 월,2017.03 월,2017.04 월,2017.05 월,2017.06 월,2017.07 월,2017.08 월,2017.09 월,2017.10 월,2017.11 월,2017.12 월,2018.01 월,2018.02 월,2018.03 월,2018.04 월,2018.05 월,2018.06 월,2018.07 월,2018.08 월,2018.09 월,2018.10 월,2018.11 월,2018.12 월,2019.01 월,2019.02 월,2019.03 월,2019.04 월,2019.05 월,2019.06 월,2019.07 월,2019.08 월,2019.09 월,2019.10 월,2019.11 월,2019.12 월,2020.01 월,2020.02 월,2020.03 월,2020.04 월,2020.05 월,2020.06 월,2020.07 월,2020.08 월,2020.09 월,2020.10 월,2020.11 월,2020.12 월,2021.01 월,2021.02 월,2021.03 월,2021.04 월,2021.05 월,2021.06 월,2021.07 월,2021.08 월,2021.09 월,2021.10 월,2021.11 월,2021.12 월,2022.01 월,2022.02 월,2022.03 월,2022.04 월,2022.05 월,2022.06 월,2022.07 월,2022.08 월,2022.09 월,2022.10 월,2022.11 월,2022.12 월
1,0.0839,0.0959,0.1009,0.094,0.1116,0.0676,0.0866,0.0251,0.0214,0.0138,0.0463,0.0234,0.0497,0.0107,0.0301,0.0482,0.0671,0.019,0.0377,0.0229,0.0202,0.0156,0.0289,0.0326,0.0,0.0,0.0,0.0,0.0,0.0,0.0,0.0,0.0,0.0,0.0,0.0,0.0,0.0,0.0,0.0,0.0,0.0,0.0,0.0,0.0,0.0,0.0,0.0,0.0,0.0,0.0,0.0,0.0,0.0,0.0,0.0,0.0,0.0,0.0,0.0,0.0,0.0,0.0,0.0,0.0,0.0,0.0,0.0,0.0,0.0,0.0,0.0,0.0,0.0,0.0,0.0,0.0,0.0,0.0,0.0,0.0,0.0,0.0,0.0,0.0,0.0,0.0,0.0,0.0,0.0,0.0,0.0,0.0,0.0,0.0,0.0,0.0,0.0,0.0,0.0,0.0,0.0,0.0,0.0,0.0,0.0,0.0,0.0,0.0,0.0,0.0,0.0,0.0,0.0,0.0,0.0,0.0,0.0,0.0,0.0
2,0.0846,0.042,0.1215,0.1385,0.1506,0.112,0.0342,0.0413,0.0332,0.031,0.0619,0.0461,0.0707,0.014,0.0296,0.0503,0.0543,0.0175,0.0398,0.0237,0.0176,0.0188,0.0415,0.0323,0.0,0.0,0.0,0.0,0.0,0.0,0.0,0.0,0.0,0.0,0.0,0.0,0.0,0.0,0.0,0.0,0.0,0.0,0.0,0.0,0.0,0.0,0.0,0.0,0.0,0.0,0.0,0.0,0.0,0.0,0.0,0.0,0.0,0.0,0.0,0.0,0.0,0.0,0.0,0.0,0.0,0.0,0.0,0.0,0.0,0.0,0.0,0.0,0.0,0.0,0.0,0.0,0.0,0.0,0.0,0.0,0.0,0.0,0.0,0.0,0.0,0.0,0.0,0.0,0.0,0.0,0.0,0.0,0.0,0.0,0.0,0.0,0.0,0.0,0.0,0.0,0.0,0.0,0.0,0.0,0.0,0.0,0.0,0.0,0.0,0.0,0.0,0.0,0.0,0.0,0.0,0.0,0.0,0.0,0.0,0.0
3,0.0,0.0,0.0,0.0,0.0,0.0,0.0,0.0,0.0,0.0,0.0,0.0,0.0,0.0,0.0,0.0,0.0,0.0,0.0,0.0,0.0,0.0,0.0,0.0,0.0389,0.0626,0.0182,0.0265,0.0244,0.0244,0.005,0.0257,0.0124,0.0111,0.0049,0.0171,0.0284,0.0255,0.0221,0.0416,0.0186,0.0208,0.0147,0.0255,0.0325,0.0382,0.0179,0.0234,0.019,0.0172,0.0169,0.0203,0.043,0.0223,0.022,0.0,0.0213,0.0207,0.0228,0.0272,0.0224,0.0293,0.0214,0.0183,0.0147,0.0079,0.0042,0.0079,0.0031,0.0157,0.038,0.0368,0.0386,0.0435,0.021,0.0196,0.0434,0.026,0.0041,0.0,0.004,0.0285,0.0198,0.0441,0.0268,0.0278,0.0162,0.0204,0.0087,0.0215,0.0127,0.006,0.0102,0.0171,0.0326,0.0319,0.0307,0.0258,0.0458,0.0224,0.0217,0.0189,0.0097,0.0079,0.014,0.0154,0.0124,0.0171,0.0276,0.0248,0.0171,0.0086,0.0138,0.0034,0.0119,0.0196,0.0074,0.0132,0.0203,0.0237
4,0.0,0.0,0.0,0.0,0.0,0.0,0.0,0.0,0.0,0.0,0.0,0.0,0.0,0.0,0.0,0.0,0.0,0.0,0.0,0.0,0.0,0.0,0.0,0.0,0.0,0.0,0.0,0.0,0.0,0.0,0.0,0.0,0.0,0.0,0.0,0.0,0.0,0.0,0.0,0.0,0.0,0.0,0.0,0.0,0.0,0.0,0.0,0.0,0.0,0.0,0.0,0.0,0.0,0.0,0.0,0.0,0.0,0.0,0.0,0.0,0.0,0.0,0.0,0.0,0.0,0.0,0.0,0.0,0.0,0.0,0.0,0.0,0.0,0.0,0.0,0.0,0.0,0.0,0.0055,0.0107,0.0032,0.0348,0.0202,0.0361,0.0245,0.027,0.0179,0.0189,0.0079,0.0217,0.0132,0.0044,0.0086,0.0148,0.0308,0.0329,0.0291,0.0268,0.0377,0.0158,0.0138,0.0086,0.008,0.0068,0.0069,0.0145,0.0114,0.0123,0.0243,0.0261,0.0183,0.0092,0.0133,0.004,0.01,0.0145,0.0096,0.0105,0.0214,0.0228
5,0.0,0.0,0.0,0.0,0.0,0.0,0.0,0.0,0.0,0.0,0.0,0.0,0.0,0.0,0.0,0.0,0.0,0.0,0.0,0.0,0.0,0.0,0.0,0.0,0.0409,0.0458,0.0181,0.0243,0.0221,0.0224,0.0069,0.025,0.0114,0.0139,0.0049,0.0138,0.0288,0.0263,0.0201,0.0298,0.0147,0.0264,0.0117,0.0212,0.0315,0.0302,0.0201,0.0253,0.02,0.0181,0.0169,0.0196,0.035,0.0211,0.0221,0.0088,0.0174,0.0179,0.0226,0.044,0.016,0.0266,0.0165,0.0176,0.0123,0.0075,0.0071,0.007,0.0027,0.0154,0.0331,0.0322,0.0346,0.0431,0.0203,0.0147,0.0277,0.0172,0.0,0.0,0.0,0.0,0.0,0.0,0.0,0.0,0.0,0.0,0.0,0.0,0.0,0.0,0.0,0.0,0.0,0.0,0.0,0.0,0.0,0.0,0.0,0.0,0.0,0.0,0.0,0.0,0.0,0.0,0.0,0.0,0.0,0.0,0.0,0.0,0.0,0.0,0.0,0.0,0.0,0.0
6,0.0673,0.1041,0.11,0.1022,0.1083,0.0699,0.1024,0.0256,0.0247,0.0149,0.0472,0.0276,0.0797,0.013,0.0317,0.0571,0.0704,0.0199,0.0418,0.026,0.021,0.0213,0.0288,0.0351,0.0356,0.0608,0.0203,0.036,0.0314,0.0273,0.0077,0.0325,0.0141,0.0117,0.0065,0.0166,0.0266,0.0273,0.0206,0.0468,0.02,0.0212,0.0129,0.0255,0.0341,0.0293,0.0179,0.0245,0.019,0.0165,0.0173,0.0239,0.0433,0.0233,0.026,0.015,0.0206,0.0196,0.0254,0.0298,0.0193,0.0305,0.0218,0.0248,0.0189,0.0094,0.0069,0.0087,0.0032,0.0148,0.0377,0.0375,0.0401,0.0423,0.0238,0.0198,0.0413,0.0528,0.005,0.0179,0.0042,0.0254,0.0204,0.0417,0.0268,0.028,0.0256,0.0208,0.0085,0.0237,0.016,0.0064,0.0134,0.0172,0.0321,0.0324,0.0296,0.0267,0.0573,0.0203,0.0252,0.0198,0.0116,0.0086,0.0169,0.0171,0.0119,0.0178,0.0275,0.027,0.0214,0.0096,0.0159,0.0041,0.0142,0.0199,0.0099,0.016,0.0234,0.0271
7,0.0,0.0,0.0,0.0,0.0,0.0,0.0,0.0,0.0,0.0,0.0,0.0,0.0,0.0,0.0,0.0,0.0,0.0,0.0,0.0,0.0,0.0,0.0,0.0,0.064,0.0508,0.0192,0.0338,0.0256,0.0,0.0066,0.0212,0.0109,0.0122,0.0063,0.0208,0.0318,0.0339,0.0222,0.0297,0.0149,0.0263,0.0111,0.0193,0.0306,0.034,0.0198,0.0274,0.0197,0.0215,0.0183,0.0222,0.0314,0.0218,0.018,0.01,0.0169,0.0179,0.0243,0.0336,0.0174,0.0272,0.0168,0.0169,0.0133,0.0072,0.0055,0.0058,0.0033,0.0176,0.0323,0.0334,0.036,0.0422,0.0186,0.0148,0.0219,0.0212,0.0056,0.0085,0.0035,0.0267,0.0186,0.034,,0.0195,0.0193,0.0195,0.0079,0.0205,0.0135,0.0071,0.0093,0.0145,0.0302,0.03,0.0284,0.0213,0.0366,0.0163,0.0148,0.0082,0.0079,0.0071,0.0073,0.0166,0.0105,0.0123,0.0235,0.0259,0.0183,0.0084,0.0127,0.0034,0.0076,0.0169,0.0079,0.0106,0.0197,0.021
8,0.109,0.0509,0.1537,0.1318,0.1332,0.1547,0.0412,0.0396,0.0418,0.0353,0.0808,0.0479,0.089,0.0267,0.0394,0.0725,0.0741,0.0238,0.0445,0.0272,0.0178,0.021,0.039,0.0429,0.0,0.0,0.0,0.0,0.0,0.0262,0.0,0.0,0.0,0.0,0.0,0.0,0.0,0.0,0.0,0.0,0.0,0.0,0.0,0.0,0.0,0.0,0.0,0.0,0.0,0.0,0.0,0.0,0.0,0.0,0.0,0.0,0.0,0.0,0.0,0.0,0.0,0.0,0.0,0.0,0.0,0.0,0.0,0.0,0.0,0.0,0.0,0.0,0.0,0.0,0.0,0.0,0.0,0.0,0.0,0.0,0.0,0.0,0.0,0.0,0.0,0.0,0.0,0.0,0.0,0.0,0.0,0.0,0.0,0.0,0.0,0.0,0.0,0.0,0.0,0.0,0.0,0.0,0.0,0.0,0.0,0.0,0.0,0.0,0.0,0.0,0.0,0.0,0.0,0.0,0.0,0.0,0.0,0.0,0.0,0.0
9,0.1022,0.0752,0.0745,0.0544,0.0567,0.0253,0.0146,0.0214,0.0216,0.0134,0.0313,0.0355,0.0784,0.0383,0.0341,0.0593,0.0483,0.0145,0.0296,0.0208,0.0193,0.0136,0.0324,0.0482,0.0497,0.0591,0.0258,0.0375,0.0215,0.0235,0.0066,0.0237,0.0106,0.0114,0.0103,0.0333,0.0535,0.0611,0.0252,0.0319,0.0162,0.029,0.0159,0.0207,0.034,0.0277,0.0229,0.0387,0.0279,0.0281,0.0273,0.0215,0.0308,0.0237,0.0161,0.011,0.0158,0.018,0.0297,0.0436,0.0272,0.057,0.0303,0.0235,0.0139,0.0084,0.0077,0.0078,0.0036,0.0149,0.0527,0.0598,0.0719,0.0675,0.0316,0.0186,0.03,0.0237,0.005,0.0074,0.006,0.0259,0.03,0.0553,0.0424,0.0523,0.0686,0.0229,0.0084,0.0201,0.0129,0.005,0.0083,0.0157,0.0479,0.0546,0.0685,0.048,0.0607,0.0188,0.0155,0.0083,0.0094,0.0082,0.0089,0.0147,0.0147,0.0445,0.0431,0.0591,0.036,0.0088,0.0144,0.0032,0.0086,0.0186,0.0074,0.0159,0.0291,0.0435
10,0.0836,0.0397,0.0502,0.0576,0.0549,0.0707,0.0234,0.0282,0.0221,0.0332,0.0403,0.0301,0.049,0.0399,0.0307,0.0633,0.0503,0.0264,0.0093,0.0259,0.0402,0.0376,0.0419,0.0483,0.0406,0.0458,0.0455,0.0443,0.0464,0.0363,0.0804,0.0237,0.0173,0.0485,0.0309,0.0388,0.0421,0.0207,0.0345,0.0341,0.0373,0.033,0.0356,0.0311,0.0249,0.0273,0.0217,0.0406,0.0261,0.028,0.023,0.0223,0.0173,0.0309,0.0155,0.0177,0.0202,0.0143,0.0265,0.013,0.0178,0.0129,0.0102,0.0159,0.0094,0.0187,0.0164,0.0265,0.018,0.0325,0.0379,0.0386,0.0341,0.0295,0.0327,0.0162,0.0256,0.0137,0.0202,0.0093,0.0077,0.0187,0.0256,0.0399,0.023,0.0291,0.0232,0.0284,0.015,0.0106,0.016,0.0087,0.0207,0.0332,0.0254,0.024,0.0376,0.0246,0.0257,0.0139,0.0251,0.0258,0.0091,0.0126,0.016,0.0132,0.0145,0.0223,0.0252,0.0309,0.0299,0.0113,0.0216,0.0189,0.0193,0.0089,0.021,0.0203,0.0242,0.0235
11,0.0,0.0,0.0,0.0,0.0,0.0,0.0,0.009,0.0182,0.0168,0.0273,0.0113,0.0072,0.0036,0.0084,0.0356,0.0212,0.0186,0.015,0.007,0.0257,0.0159,0.016,0.0208,0.0168,0.0184,0.0135,0.0164,0.0141,0.0112,0.0266,0.0071,0.006,0.0159,0.0048,0.0121,0.0153,0.0143,0.0142,0.0106,0.021,0.0194,0.0107,0.0159,0.0188,0.0278,0.0088,0.0192,0.0105,0.0099,0.0086,0.0152,0.0101,0.018,0.0085,0.0081,0.018,0.0061,0.0103,0.0072,0.0088,0.0142,0.0074,0.0098,0.0049,0.0144,0.0,0.0,0.0112,0.0188,0.0,0.0,0.0,0.0,0.0,0.0075,0.0163,0.0156,0.0126,0.0065,0.0332,0.0077,0.0163,0.0113,0.0125,0.0187,0.0109,0.0167,0.0076,0.0042,0.0096,0.0037,0.0135,0.0187,0.0122,0.0116,0.0135,0.0148,0.0194,0.0106,0.0211,0.0176,0.0014,0.004,0.0121,0.007,0.0047,0.0114,0.0088,0.0155,0.0093,0.0064,0.0163,0.0145,0.0129,0.0025,0.0118,0.0135,0.0132,0.0079
12,0.0478,0.0256,0.0288,0.0278,0.0257,0.0378,0.0072,0.0069,0.0164,0.0172,0.0116,0.012,0.0293,0.0052,0.0092,0.0355,0.0237,0.0196,0.0215,0.0075,0.0353,0.019,0.021,0.023,0.0267,0.0219,0.0165,0.0173,0.0196,0.0214,0.0336,0.0201,0.0052,0.0201,0.0056,0.0155,0.0177,0.0181,0.0172,0.0129,0.0247,0.0267,0.0086,0.02,0.0205,0.0227,0.0123,0.0234,0.0113,0.0163,0.0107,0.0129,0.0132,0.0186,0.0093,0.0117,0.0126,0.0099,0.0114,0.0125,0.0101,0.0152,0.0079,0.0118,0.0107,0.0249,0.0164,0.0241,0.0139,0.0142,0.0226,0.0087,0.0203,0.0196,0.0257,0.0106,0.0169,0.0,0.0,0.0,0.0,0.0,0.0,0.0,0.0,0.0,0.0,0.0,0.0,0.0,0.0,0.0,0.0,0.0,0.0,0.0,0.0,0.0,0.0,0.0,0.0,0.0,0.0,0.0,0.0,0.0,0.0,0.0,0.0,0.0,0.0,0.0,0.0,0.0,0.0,0.0,0.0,0.0,0.0,0.0
13,0.0434,0.0208,0.029,0.0282,0.0233,0.0357,0.0068,0.0127,0.0164,0.0355,0.024,0.0118,0.0287,0.0066,0.0097,0.0329,0.0281,0.0169,0.0186,0.0081,0.0349,0.0173,0.0193,0.0162,0.0242,0.0196,0.0148,0.0212,0.0187,0.0384,0.039,0.02,0.0037,0.0197,0.0055,0.0138,0.0157,0.0153,0.0215,0.0105,0.029,0.0274,0.0085,0.019,0.0193,0.0209,0.0108,0.0232,0.01,0.0111,0.0097,0.0134,0.0142,0.0219,0.0088,0.011,0.0143,0.008,0.0121,0.0083,0.0,0.0,0.0,0.0117,0.0143,0.0,0.0145,0.0188,0.0143,0.016,0.0224,0.0091,0.0191,0.0206,0.0291,0.0123,0.0203,0.026,0.0167,0.0079,0.008,0.016,0.0203,0.0186,0.0118,0.0276,0.0156,0.0148,0.0087,0.0064,0.006,0.0035,0.0198,0.0198,0.0194,0.0151,0.0169,0.018,0.021,0.0108,0.0208,0.0327,0.0022,0.0073,0.0143,0.0086,0.0048,0.0117,0.0099,0.0171,0.0132,0.0079,0.0266,0.0177,0.0165,0.0031,0.0187,0.0141,0.0181,0.0096
14,0.0,0.0,0.0,0.0,0.0,0.0,0.0,0.0,0.0,0.0,0.0,0.0,0.0,0.0,0.0,0.0,0.0,0.0,0.0,0.0,0.0,0.0,0.0,0.0,0.0,0.0,0.0,0.0,0.0,0.0,0.0,0.0,0.0,0.0,0.0,0.0,0.0,0.0,0.0,0.0,0.0,0.0,0.0,0.0,0.0,0.0,0.0,0.0,0.0,0.0,0.0,0.0,0.0,0.0,0.0,0.0,0.0,0.0,0.0,0.0,0.0,0.0,0.0,0.0,0.0,0.0,0.0,0.0,0.0,0.0,0.0,0.0,0.0,0.0,0.0,0.0,0.0,0.0,0.0,0.0,0.0,0.0,0.0169,0.0116,0.0088,0.0215,0.0149,0.0139,0.0081,0.0038,0.0104,0.0033,0.012,0.0181,0.0186,0.0108,0.0134,0.0172,0.017,0.0128,0.0285,0.0254,0.0016,0.0041,0.0129,0.0071,0.0044,0.008,0.0094,0.0131,0.0084,0.0053,0.0191,0.0192,0.0139,0.003,0.0118,0.0108,0.0153,0.0082
15,0.0,0.0,0.0,0.0,0.0,0.0,0.0,0.0065,0.0148,0.017,0.0178,0.0092,0.0278,0.0057,0.0107,0.0272,0.029,0.0204,0.0192,0.0093,0.0338,0.0148,0.0103,0.0117,0.0192,0.017,0.0136,0.0176,0.0188,0.0165,0.0388,0.0223,0.0073,0.0311,0.0045,0.0096,0.012,0.0147,0.0167,0.0103,0.0229,0.0202,0.0062,0.0218,0.0235,0.0175,0.0112,0.0197,0.0085,0.0097,0.009,0.0096,0.0,0.0,0.0089,0.012,0.0135,0.0108,0.0111,0.0179,0.0103,0.0167,0.0066,0.011,0.0115,0.0226,0.0209,0.0152,0.0181,0.0156,0.0234,0.0096,0.0174,0.0183,0.0248,0.0125,0.0217,0.0255,0.02,0.013,0.0133,0.0109,0.0217,0.0168,0.0109,0.0325,0.0161,0.0128,0.0107,0.005,0.0017,0.0035,0.0147,0.0187,0.0222,0.0142,0.0149,0.0145,0.0176,0.01,0.0213,0.0306,0.0012,0.0077,0.0141,0.0116,0.0043,0.0145,0.0087,0.0156,0.0114,0.0096,0.0267,0.0116,0.0141,0.0028,0.0369,0.0097,0.0168,0.0074
16,0.0561,0.0327,0.095,0.0346,0.0414,0.0289,0.0097,0.0431,0.0259,0.019,0.0445,0.0327,0.0594,0.0199,0.026,0.0446,0.0298,0.0217,0.0296,0.0221,0.0143,0.0298,0.0313,0.0395,0.0445,0.0511,0.0216,0.0176,0.033,0.0277,0.0342,0.0187,0.0108,0.0272,0.0154,0.0356,0.0279,0.0415,0.0305,0.029,0.0213,0.021,0.017,0.0245,0.0218,0.0251,0.0315,0.0547,0.025,0.0194,0.0172,0.0238,0.0299,0.0142,0.0188,0.0162,0.0268,0.016,0.0293,0.0277,0.0414,0.0276,0.0212,0.0201,0.0159,0.0202,0.0083,0.013,0.0242,0.018,0.0378,0.0235,0.0321,0.0287,0.0257,0.0176,0.0265,0.0224,0.011,0.0172,0.0238,0.0217,0.0293,0.0448,0.0214,0.0168,0.028,0.0176,0.0269,0.0209,0.0294,0.0297,0.0195,0.0248,0.0275,0.0329,0.0294,0.012,0.0233,0.0191,0.0223,0.0241,0.0225,0.0066,0.017,0.0118,0.0166,0.0218,0.0171,0.0143,0.012,,,,,0.0074,0.0218,,0.0371,0.0214
17,0.0535,0.0314,0.0682,0.033,0.0293,0.0255,0.0122,0.0365,0.0208,0.0167,0.0372,0.0282,0.047,0.018,0.0333,0.0453,0.0324,0.0188,0.0319,0.0255,0.0179,0.0268,0.0318,0.0361,0.0574,0.0547,0.0348,0.0144,0.0394,0.0304,0.0313,0.0177,0.0185,0.0285,0.0119,0.0354,0.0391,0.0422,0.0458,0.0297,0.0252,0.0228,0.0157,0.0201,0.0321,0.0214,0.0281,0.0624,0.0375,0.0254,0.0231,0.0245,0.0293,0.0153,0.0184,0.0183,0.026,0.021,0.0308,0.0301,0.0401,0.0331,0.0243,0.0233,0.0168,0.023,0.0105,0.0129,0.0286,0.024,0.0334,0.0262,0.0424,0.0396,0.0333,0.0203,0.0332,0.0179,0.0096,0.0133,0.0186,0.017,0.0492,0.037,0.0153,0.0123,0.0184,0.0167,0.0116,0.0207,0.0382,0.0462,0.0191,0.0138,0.0142,0.0214,0.0217,0.0082,0.0219,0.021,0.0163,,0.0151,,0.0079,0.0021,0.0134,0.0128,0.0113,0.0082,0.0063,0.0145,0.0246,0.0167,0.0147,0.0042,0.0118,0.0141,0.0277,0.0155
18,0.0398,0.025,0.0654,0.0237,0.0251,0.0239,0.0065,0.0345,0.0184,0.0138,0.0321,0.0243,0.0369,0.0117,0.0231,0.0323,0.0243,0.0165,0.0218,0.0215,0.0152,0.0191,0.024,0.0297,0.03,0.0449,0.0205,0.0118,0.0245,0.0253,0.032,0.014,0.0091,0.0285,0.0121,0.0263,0.024,0.0325,0.0212,0.0193,0.0191,0.0182,0.0142,0.0244,0.026,0.0155,0.0202,0.0368,0.0199,0.0154,0.0121,0.0184,0.0427,0.0119,0.0127,0.0119,0.0199,0.0133,0.0218,0.0228,0.0253,0.0179,0.0184,0.0138,0.0137,0.0201,0.006,0.0167,0.0173,0.0179,0.0271,0.0172,0.0265,0.0294,0.0269,0.0144,0.0279,0.0164,0.013,0.0148,0.0163,0.0172,0.0349,0.0528,0.0153,0.022,0.0145,0.0135,0.0134,0.047,0.0267,0.0343,0.0168,0.0144,0.0217,0.0528,0.0238,0.0067,0.0225,0.0204,0.0227,0.0272,0.029,0.002,0.0311,0.0083,0.0182,0.0094,0.0096,0.0099,0.005,0.0171,0.0305,0.0187,0.0144,0.0077,0.0112,0.0104,0.0299,0.0289
19,0.052,0.0245,0.0549,0.0196,0.0254,0.0267,0.0052,0.0255,0.0173,0.0114,0.0255,0.0182,0.0315,0.0087,0.0205,0.0321,0.0219,0.0187,0.022,0.0152,0.0168,0.0162,0.0181,0.0274,0.0265,0.0263,0.0175,0.0112,0.0185,0.0237,0.027,0.014,0.008,0.0167,0.0123,0.024,0.0199,0.02,0.021,0.014,0.0132,0.0184,0.0157,0.0213,0.0254,0.0151,0.0162,0.0273,0.0175,0.0119,0.0092,0.017,0.0226,0.0107,0.0098,0.0124,0.0169,0.0111,0.0147,0.0151,0.0211,0.0167,0.0,0.0155,0.0094,0.019,0.0018,0.0186,0.0085,0.0134,0.0242,0.014,0.0224,0.0212,0.0244,0.0106,0.0155,0.0153,0.0093,0.0159,0.0194,0.0152,0.0218,0.0211,0.014,0.0128,0.0106,0.0123,0.016,0.0229,0.0196,0.0122,0.017,0.0103,0.0131,0.0182,0.0159,0.007,0.0155,0.01,0.0259,0.0195,0.0136,0.0019,0.0171,0.0059,0.0092,0.0103,0.0092,0.0084,0.0057,0.0082,0.031,0.0236,0.0161,0.0092,0.0163,0.0105,0.0183,0.0095
20,0.0,0.0,0.0,0.0,0.0,0.0,0.0,0.0,0.0,0.0,0.0,0.0,0.0,0.0,0.0,0.0,0.0,0.0,0.0,0.0,0.0,0.0,0.0,0.0,0.0,0.0,0.0,0.0,0.0,0.0,0.0,0.0,0.0,0.0,0.0,0.0,0.0,0.0,0.0,0.0,0.0,0.0,0.0,0.0,0.0,0.0,0.0,0.0,0.0,0.0,0.0,0.0,0.0,0.0,0.0,0.0,0.0,0.0,0.0,0.0,0.0,0.0,0.0,0.0,0.0,0.0,0.0,0.0,0.0,0.0,0.0,0.0,0.0,0.0,0.0,0.0,0.0,0.0,0.0,0.0,0.0,0.0,0.0,0.0,0.0,0.0,0.0,0.0,0.0,0.0,0.0,0.0,0.0,0.0,0.0,0.0,0.0,0.0,0.0,0.0,0.0,0.0,0.0,0.0,0.0,0.0,0.0,0.0,0.0,0.0,0.0,0.0,0.0,0.0,0.0,0.0,0.0,0.0,0.0,0.0729
21,0.1115,0.0584,0.1269,0.0409,0.0592,0.0431,0.0082,0.0403,0.0449,0.0648,0.0897,0.0509,0.0932,0.0399,0.0444,0.0444,0.0577,0.0266,0.0325,0.0355,0.0366,0.0453,0.0264,0.0527,0.0431,0.0382,0.1031,0.0341,0.0293,0.0204,0.0119,0.0357,0.0139,0.0261,0.0172,0.0726,0.0305,0.0318,0.0246,0.0214,0.0301,0.0173,0.0244,0.0214,0.0333,0.0319,0.0308,0.0313,0.0236,0.02,0.0175,0.0244,0.029,0.0163,0.0133,0.0155,0.0248,0.0161,0.0438,0.025,0.0194,0.0235,0.024,0.0162,0.0172,0.0119,0.0059,0.0081,0.0189,0.0184,0.048,0.0359,0.0373,0.0255,0.0111,0.0169,0.0119,0.0092,0.02,0.0099,0.0169,0.0254,0.0228,0.0392,0.0476,0.0315,0.0219,0.0239,0.0122,0.0261,0.019,0.0038,0.0092,0.0387,0.0336,0.0408,0.034,0.025,0.0422,0.01,0.0192,0.0163,0.005,0.013,0.0063,0.0085,0.0058,0.0213,0.0159,0.019,0.0136,0.0057,0.0124,0.0039,0.0085,0.0089,0.0138,0.0097,0.0149,0.0193
22,0.1026,0.0536,0.1224,0.0382,0.0733,0.0435,0.0137,0.0449,0.0525,0.0324,0.0642,0.0394,0.0757,0.0196,0.0346,0.0677,0.0603,0.0272,0.031,0.0302,0.0363,0.028,0.0313,0.041,0.0334,0.0652,0.027,0.0237,0.0231,0.0215,0.0135,0.0383,0.0186,0.0159,0.0098,0.0343,0.0249,0.0227,0.0178,0.027,0.0257,0.0271,0.0272,0.0209,0.029,0.0276,0.019,0.0245,0.0248,0.019,0.0224,0.0235,0.033,0.0205,0.019,0.0131,0.0194,0.0135,0.0279,0.0205,0.02,0.019,0.0217,0.0196,0.0167,0.0178,0.0039,0.0093,0.0174,0.013,0.035,0.0257,0.0378,0.0243,0.0146,0.0143,0.0274,0.0191,0.003,0.0095,0.0073,0.0193,0.0244,0.0473,0.0443,0.0372,0.0186,0.0251,0.0164,0.0283,0.0129,0.0064,0.0096,0.0314,0.0291,0.0288,0.0305,0.0249,,0.0158,0.0218,0.0166,0.0077,0.0064,0.0076,0.0039,0.005,0.0194,0.0124,0.0141,,0.0047,0.0111,0.0041,0.0083,0.0108,0.0094,0.0077,0.0124,0.0157
23,0.1122,0.0566,0.1383,0.0442,0.0621,0.0434,0.0112,0.04,0.0432,0.0356,0.0631,0.0353,0.0723,0.0176,0.0341,0.0585,0.0,0.0,0.0,0.0,0.0,0.0228,0.0339,0.0323,0.0335,0.0481,0.0374,0.0186,0.0244,0.0183,0.0097,0.0319,0.0164,0.0211,0.012,0.0385,0.025,0.0292,0.0203,0.0333,0.0239,0.0259,0.0258,0.0213,0.0363,0.0283,0.0202,0.024,0.0227,0.0179,0.02,0.0246,0.0297,0.0188,0.0197,0.01,0.0219,0.0143,0.0282,0.0176,0.0173,0.0239,0.0215,0.016,0.021,0.0149,0.0078,0.0106,0.0138,0.0136,0.0373,0.0315,0.0295,0.0193,0.0139,0.0148,0.017,0.0125,0.0043,0.0083,0.0081,0.0205,0.0223,0.0392,0.0427,0.0292,0.0178,0.0241,0.0137,0.0236,0.0152,0.0046,0.0078,0.029,0.0288,0.0274,0.0288,0.0193,0.0422,0.0059,0.0191,0.0148,0.0098,0.0051,0.0068,0.0056,0.0061,0.0162,0.0168,0.0214,0.0149,0.0055,0.0113,0.0039,0.009,0.0112,0.0093,0.008,0.0098,0.0164
24,0.1145,0.0505,0.1245,0.043,0.0597,0.0408,0.0136,0.0212,0.0404,0.0406,0.068,0.0377,0.0694,0.0181,0.0323,0.0381,0.0561,0.0235,0.0287,0.0254,0.034,0.0237,0.0302,0.0351,0.0327,0.0408,0.0224,0.0152,0.0224,0.0195,0.0098,0.0251,0.0129,0.021,0.0089,0.027,0.0239,0.0309,0.0215,0.0232,0.0242,0.0161,0.0247,0.0205,0.0275,0.0247,0.021,0.0272,0.0238,0.0207,0.017,0.022,0.0261,0.0238,0.019,0.0117,0.0206,0.011,0.0274,0.0212,0.0145,0.0167,0.0151,0.0119,0.0132,0.0089,0.0107,0.0082,0.0125,0.0139,0.0318,0.0283,0.0288,0.0196,0.0158,0.0125,0.0124,0.0142,0.003,0.0068,0.0062,0.017,0.0173,0.0339,0.0454,0.023,0.0146,0.0257,0.0154,0.0231,0.0121,0.0084,0.0097,0.0301,0.0224,0.0279,0.0221,0.0181,0.0267,0.0162,0.0145,0.0123,0.005,0.0035,0.0034,0.0048,0.0064,0.0129,0.0172,0.014,0.0148,0.0044,0.0112,0.0028,0.0065,0.0092,0.0096,0.0075,0.0119,0.0155
25,0.1112,0.0538,0.176,0.0408,0.0883,0.0567,0.0243,0.0468,0.0689,0.0386,0.0896,0.0652,0.092,0.02,0.0615,0.0839,0.069,0.0269,0.024,0.0356,0.0395,0.0415,0.0255,0.0526,0.0426,0.0806,0.0311,0.0237,0.0335,0.0287,0.0139,0.0353,0.0314,0.0263,0.0192,0.0535,0.0273,0.038,0.0199,0.0298,0.0284,0.0245,0.0332,0.0198,0.0287,0.0305,0.0293,0.0369,0.024,0.0153,0.0206,0.0356,0.0377,0.0275,0.0219,0.0171,0.0218,0.0225,0.0457,0.0224,0.0184,0.0302,0.0308,0.0206,0.0187,0.0141,0.0201,0.0079,0.0199,0.0176,0.0423,0.0274,0.0344,0.0211,0.0158,0.0264,0.0251,0.0172,0.0051,0.0093,0.0127,0.0192,0.0248,0.0504,0.0521,0.0557,0.0228,0.0275,0.0142,0.024,0.0191,0.007,0.0093,0.0308,0.0315,0.0285,0.0279,0.029,0.0574,0.023,0.0252,0.0171,0.0077,0.0078,0.0121,0.0068,0.0056,0.0173,0.0129,0.0215,0.0163,0.0102,0.0322,0.0051,0.0088,0.0144,0.0097,0.0138,0.0147,0.0215
26,0.0,0.0,0.1004,0.0268,0.0159,0.0158,0.0037,0.0192,0.0079,0.0077,0.0161,0.0185,0.021,0.0054,0.0093,0.0328,0.0102,0.016,0.0208,0.0081,0.0237,0.0085,0.0243,0.0117,0.0289,0.0406,0.0211,0.0178,0.0283,0.0126,0.0038,0.0024,0.0081,0.0159,0.0026,0.004,0.0145,0.0197,0.0123,0.0196,0.0101,0.0177,0.0039,0.0089,0.0223,0.0094,0.0089,0.0366,0.0151,0.0166,0.0247,0.019,0.0142,0.0095,0.0034,0.0118,0.0059,0.0047,0.0158,0.016,0.0019,0.0047,0.0025,0.0085,0.0082,0.0098,,0.0052,0.0065,0.0095,0.0221,0.0081,0.0143,0.0161,0.0362,0.0139,0.0144,0.0094,0.0036,0.0052,0.0032,0.0099,0.0197,0.0131,0.0095,0.0067,0.007,0.0093,0.0044,0.0058,0.0038,0.0025,0.0038,0.001,0.0018,0.0139,0.0016,0.0075,0.0148,0.0027,0.0064,0.0006,0.0003,0.0041,0.0007,0.0011,0.0026,0.0112,0.01,0.0067,0.0073,0.0016,0.0107,0.0038,0.0023,0.0005,0.0053,0.002,0.0084,0.007
27,0.0,0.0,0.0,0.0,0.0,0.0,0.0,0.0,0.0066,0.0059,0.0,0.0174,0.0189,0.0046,0.0106,0.0271,0.0045,0.0132,0.0156,0.0062,0.017,0.0069,0.0164,0.0072,0.0211,0.0295,0.0153,0.0123,0.0141,0.0177,0.0023,0.0009,0.0033,0.0073,0.0007,0.0001,0.0104,0.0159,0.0094,0.0065,0.0042,0.0043,0.001,0.0023,0.0211,0.0094,0.0091,0.0303,0.0135,0.0107,0.0191,0.0184,0.0122,0.0075,0.0029,0.0085,0.0,0.0,0.0095,0.0111,0.0003,0.0022,0.0018,0.0035,0.0061,0.006,0.0005,0.0006,0.0,0.0064,0.0165,0.0067,0.0111,0.0115,0.0251,0.0079,0.008,0.0051,0.0019,0.0028,0.0024,0.0064,0.0174,0.0081,0.0078,0.0054,0.0053,0.0071,0.0045,0.0045,0.0,0.0054,0.0035,0.0002,0.0001,0.0097,,0.0031,0.0074,0.0005,0.0037,0.0004,0.0034,0.003,0.001,0.001,0.0018,0.0089,0.0056,0.0076,0.005,0.0032,0.009,0.0031,0.0011,0.0003,0.0012,0.0005,0.0061,0.005
28,0.0,0.0,0.0882,0.0264,0.0144,0.0164,0.004,0.0191,0.0079,0.0127,0.0207,0.0219,0.022,0.0053,0.0096,0.0288,0.006,0.0191,0.0185,0.0134,0.0245,0.0114,0.0209,0.0091,0.0252,0.034,0.0193,0.0224,0.0595,0.0202,0.0036,0.0089,0.003,0.0136,0.0016,0.002,0.017,0.0178,0.0114,0.0218,0.0164,0.0199,0.0022,0.0069,0.024,0.0121,0.0141,0.0268,0.0169,0.0134,0.0256,0.024,0.0163,0.008,0.005,0.011,0.0074,0.0063,0.0147,0.013,0.0008,0.0057,0.0025,0.0062,0.0055,0.0094,0.0011,0.0065,0.0073,0.0113,0.0192,0.0077,0.0149,0.0107,0.029,0.0086,0.0095,0.0064,0.0021,0.0053,0.0042,0.0087,0.0186,0.0137,0.0083,0.006,0.008,0.0086,0.0064,0.0073,0.0036,0.0,0.0,0.002,0.0007,0.014,0.0043,0.0061,0.01,0.0005,0.0046,0.0011,0.0011,,,0.0009,0.0031,0.0126,0.0097,0.0115,0.0086,0.0058,0.0141,0.0044,0.0024,,0.0047,,0.0068,0.0064
29,0.0,0.0,0.0,0.0,0.0,0.0,0.0,0.0,0.0,0.0,0.0,0.0,0.0,0.0,0.0,0.0,0.0,0.0,0.0,0.0,0.0,0.0,0.0,0.0,0.0,0.0,0.0,0.0,0.0,0.0,0.0,0.0,0.0,0.0,0.0,0.0,0.0,0.0,0.0,0.0,0.0,0.0,0.0,0.0,0.0,0.0,0.0,0.0,0.0,0.0,0.0,0.0,0.0,0.0,0.0,0.0,0.0,0.0,0.0,0.0,0.0,0.0,0.0,0.0,0.0,0.0,0.0,0.0,0.0,0.0,0.0,0.0,0.0,0.0,0.0,0.0,0.0,0.0,0.0,0.0,0.0,0.0,0.0,0.0,0.0265,0.0297,0.0078,0.0132,0.0064,0.006,0.0019,0.001,0.0047,0.002,0.0031,0.0164,0.0022,0.0065,0.009,,0.0062,0.001,0.001,0.0034,0.0012,0.0015,0.0021,0.0123,0.0046,0.0107,0.0066,0.002,0.0123,0.0037,0.0021,0.0001,0.0062,0.0012,0.0084,0.007
30,0.0,0.0,0.0,0.0,0.0,0.0,0.0,0.0,0.0,0.0,0.0,0.0,0.0,0.0,0.0,0.0,0.0,0.0,0.0,0.0,0.0,0.0,0.0,0.0,0.0,0.0,0.0,0.0,0.0,0.0,0.0,0.0,0.0,0.0,0.0,0.0,0.0,0.0,0.0,0.0,0.0,0.0,0.0,0.0,0.0,0.0,0.0,0.0,0.0,0.0,0.0,0.0,0.0,0.0,0.0,0.0,0.0,0.0,0.0,0.0,0.0,0.0,0.0,0.0,0.0,0.0,0.0,0.0,0.0,0.0,0.0,0.0,0.0,0.0,0.0,0.0,0.0,0.0,0.0,0.0,0.0,0.0,0.0,0.0,0.015,0.0256,0.0238,0.0306,0.01,0.0137,0.0063,0.0,0.0,0.0,0.045,0.0531,0.019,0.029,0.0288,0.0056,0.0164,0.0066,0.0021,0.022,0.0089,0.0065,0.002,0.0186,0.0244,0.0351,0.018,0.0063,0.0265,0.0096,0.0075,0.001,0.0215,0.0201,0.0306,0.0308
31,0.0,0.0,0.0,0.0,0.0,0.0,0.0,0.0,0.0063,0.0092,0.0224,0.0121,0.0191,0.0054,0.0102,0.0242,0.0044,0.0149,0.0187,0.0053,0.0221,0.0077,0.0212,0.0098,0.0263,0.0379,0.0198,0.0152,0.0182,0.0116,0.0047,0.0002,0.0039,0.0146,0.0027,0.0061,0.0129,0.0179,0.0091,0.0121,0.0074,0.0115,0.0008,0.0037,0.0183,0.0097,0.0082,0.0332,0.0113,0.0143,0.0187,0.0148,0.0116,0.0085,0.0034,0.008,0.0054,0.0017,0.0107,0.0115,0.0004,0.0027,0.0013,0.0037,0.0051,0.0057,,0.0043,0.0036,0.0077,0.015,0.0066,0.0123,0.0091,0.0245,0.0091,0.008,0.0059,0.0019,0.0023,0.0021,0.0073,0.0168,0.0121,0.0052,0.0035,0.0073,0.0091,0.0054,0.0043,0.0017,0.0014,0.0034,0.0007,0.0031,0.0091,0.0047,0.0037,0.0104,0.0029,0.005,0.0001,0.0008,0.0028,0.0005,0.001,0.0018,0.0098,0.0058,0.007,0.0054,0.0009,0.007,0.0032,0.0014,0.0003,0.0031,0.0007,0.0058,0.0057
32,0.0,0.0,0.0,0.0,0.0,0.0,0.0,0.0,0.0,0.0311,0.0454,0.0323,0.0571,0.0236,0.0415,0.0544,0.0314,0.0307,0.0399,0.009,0.0369,0.0307,0.0576,0.0607,0.0908,0.0922,0.0444,0.0224,0.0355,0.0397,0.0107,0.0311,0.0186,0.0377,0.0237,0.0619,0.0351,0.0455,0.0328,0.0234,0.0437,0.0286,0.035,0.0193,0.0354,0.0143,0.0394,0.034,0.0312,0.0299,0.029,0.0244,0.0384,0.0341,0.0321,0.0044,0.0263,0.017,0.0255,0.0213,0.0223,0.0276,0.0214,0.0247,0.0153,0.0102,0.0127,0.0073,0.0097,0.0085,0.0369,0.0132,0.0334,0.0225,0.0401,0.0176,0.0284,0.0212,0.0204,0.0043,0.0052,0.0157,0.0233,0.0261,0.0283,0.0327,0.0356,0.044,0.0603,0.039,0.017,0.0142,0.02,0.0122,0.0311,0.0311,0.0377,0.0203,0.0203,0.0128,0.011,0.0111,0.0133,0.0075,0.0093,0.0062,0.0146,0.0269,0.0242,0.0267,0.0479,0.0142,0.0199,0.005,0.038,0.0199,0.0096,0.0153,0.0251,0.0211
33,0.0,0.0,0.0,0.0,0.0,0.0,0.0,0.0,0.0,0.0164,0.04,0.0321,0.0638,0.0334,0.0396,0.0433,0.0227,0.0204,0.0303,0.0072,0.0141,0.0159,0.039,0.0569,0.055,0.0421,0.0277,0.0195,0.0234,0.0176,0.0065,0.0068,0.0111,0.0252,0.0203,0.0463,0.0344,0.0487,0.0474,0.015,0.0166,0.0146,0.0105,0.0163,0.0291,0.014,0.0282,0.0331,0.0313,0.0286,0.0196,0.0222,0.0205,0.0141,0.0121,0.0044,0.0217,0.0147,0.0167,0.0238,0.0193,0.0289,0.0164,0.0152,0.0082,0.0082,0.0018,0.0051,0.0035,0.0061,0.0314,0.0133,0.0344,0.0218,0.0367,0.0117,0.0113,0.008,0.004,0.0024,0.003,0.0127,0.021,0.0312,0.0232,0.018,0.0131,0.0143,0.0117,0.0141,0.0081,0.003,0.0091,0.009,0.0265,0.0265,0.0268,0.0172,0.0172,0.0097,0.0069,0.0073,0.0039,0.004,0.004,0.0037,0.0038,0.0201,0.0186,0.0184,0.0139,0.0046,0.0093,0.003,0.0046,0.0022,0.0073,0.0116,0.0148,
34,0.0,0.0,0.0,0.0,0.0,0.0,0.0,0.0,0.0,0.0169,0.031,0.0212,0.0422,0.0201,0.0299,0.0378,0.0202,0.0193,0.0343,0.005,0.0139,0.0144,0.0245,0.0317,0.0413,0.0312,0.019,0.0161,0.0232,0.0179,0.0087,0.0075,0.0128,0.0227,0.013,0.0325,0.0235,0.034,0.0195,0.0154,0.0165,0.0118,0.0123,0.0154,0.0289,0.0111,0.0226,0.02,0.0188,0.0203,0.0154,0.019,0.0173,0.0133,0.015,0.0058,0.0206,0.0116,0.0126,0.0137,0.0123,0.0165,0.0137,0.0129,0.0093,0.0079,0.0019,0.006,0.0082,0.0056,0.0247,0.0104,0.0256,0.0136,0.0301,0.0113,0.0116,0.0073,0.0058,0.0038,0.0025,0.0119,0.0167,0.0161,0.0141,0.0132,0.0112,0.0125,0.0111,0.0153,0.0074,0.0031,0.01,0.0088,0.0177,0.0178,0.0184,0.0131,0.0155,0.0079,0.0064,0.007,0.0031,0.0047,0.0033,0.0042,0.0027,0.013,0.0162,0.0132,0.0116,0.0057,0.0093,0.0038,0.0043,0.0014,0.0156,0.0119,0.0121,0.0103
35,0.0,0.0,0.0,0.0,0.0,0.0,0.0,0.0,0.0,0.0155,0.0327,0.0273,0.0489,0.0258,0.0309,0.0447,0.0204,0.0211,0.0323,0.0055,0.0166,0.0281,0.0259,0.0335,0.0409,0.034,0.0219,0.0196,0.0264,0.0195,0.0042,0.0067,0.0121,0.027,0.0122,0.0349,0.0262,0.0365,0.0215,0.0159,0.0165,0.0116,0.0127,0.0144,0.0273,0.011,0.0249,0.0203,0.0213,0.0185,0.0179,0.0207,0.0196,0.0133,0.0155,0.0037,0.0204,0.0126,0.0144,0.016,0.0146,0.0186,0.0145,0.0153,0.0089,0.0078,0.0038,0.0054,0.0055,0.0054,0.0267,0.0115,0.0297,0.016,0.0336,0.0115,0.0112,0.0074,0.0038,0.0017,0.0029,0.0122,0.0183,0.0177,0.0149,0.0145,0.0115,0.0131,0.0108,0.0137,0.0078,0.0026,0.0108,0.0086,0.0199,0.0199,0.019,0.0139,0.0139,0.009,0.0071,0.0066,0.0042,0.0037,0.003,0.0039,0.0044,0.0137,0.0181,0.0134,0.012,0.0075,0.009,0.003,0.0049,0.0017,0.0071,0.0109,0.0125,0.0132
36,0.0271,0.0404,0.0394,0.0377,0.0213,0.0236,0.0709,0.0722,0.0315,0.0211,0.0175,0.0298,0.0628,0.047,0.0412,0.1044,0.0332,0.0331,0.0374,0.0362,0.0297,0.0106,0.0237,0.0278,0.0276,0.0498,0.0167,0.009,0.0588,0.0583,0.0105,0.0147,0.0236,0.0184,0.0038,0.0151,0.0141,0.0247,0.0179,0.0358,0.048,0.0334,0.027,0.051,0.0283,0.0176,0.0112,0.0193,0.0124,0.0132,0.0127,0.0354,0.0423,0.0239,0.075,0.0056,0.0,0.0142,0.0221,0.014,0.0217,0.0164,0.0183,0.0261,0.0722,0.0222,0.0957,0.0022,0.0016,0.0234,0.0212,0.0098,0.0161,0.0283,0.0138,0.0118,0.0293,0.0109,0.0186,0.028,0.0126,0.0061,,0.0203,0.0172,0.0124,0.0183,0.0223,0.0679,0.0739,0.0489,0.1266,0.0509,0.0213,0.0195,0.0173,0.0165,0.0129,0.0199,0.0186,0.0308,0.0266,0.0361,0.0051,0.0064,0.0115,0.007,0.0141,0.0107,0.022,0.0225,0.0307,0.0616,0.0079,0.0422,0.0533,0.0078,0.0075,0.0297,0.0131
37,0.02,0.0221,0.0222,0.0259,0.0183,0.0202,0.0148,0.0236,0.0121,0.0151,0.0216,0.0271,0.0392,0.0273,0.0197,0.0631,0.0313,0.0141,0.0573,0.0142,0.014,0.0067,0.0167,0.0085,0.0209,0.0257,0.0123,0.0147,0.0452,0.0698,0.0071,0.0089,0.0254,0.0081,0.0008,0.0058,0.0137,0.0148,0.0173,0.0232,0.0214,0.0294,0.0119,0.0323,0.0406,0.0166,0.0113,0.0194,0.0197,0.0129,0.0125,0.0187,0.0326,0.0101,0.0239,0.0036,0.0095,0.0085,0.0192,0.0122,0.0261,0.0099,0.0009,0.0149,0.034,0.0138,0.0484,0.001,0.0002,0.0132,0.0156,0.0098,0.0152,0.0173,0.022,0.0116,0.0236,0.0116,0.0114,0.0345,0.0107,0.0062,0.0037,0.0233,0.0157,0.0086,0.019,0.0152,0.0235,0.0649,0.0596,0.016,0.016,0.0,0.0,0.0183,0.0201,0.0116,0.0231,0.0225,0.0703,0.0365,0.0369,0.0081,0.0073,0.0066,0.0038,0.0139,0.0102,0.0188,0.0247,0.0144,0.0208,0.0137,0.0526,0.0478,,0.004,0.0236,0.008
38,0.0198,0.0301,0.0173,0.0298,0.0315,0.0223,0.0127,0.0289,0.0154,0.0219,0.0146,0.0268,0.0521,0.0881,0.0253,0.0724,0.0344,0.0209,0.0439,0.0161,0.0229,0.007,0.0149,0.0174,0.0216,0.0341,0.0153,0.005,0.0668,0.0741,0.0031,0.0127,0.019,0.0096,0.0015,0.0126,0.011,0.0145,0.0168,0.0214,0.0216,0.042,0.0121,0.0384,0.0601,0.0184,0.0097,0.017,0.0122,0.0117,0.0125,0.0189,0.0278,0.0106,0.0182,0.0052,0.0125,0.0114,0.0217,0.0113,0.0112,0.0,0.0036,0.0162,0.0286,0.0023,0.0944,0.0024,0.0015,0.0166,0.0165,0.0105,0.0146,0.0242,0.0167,0.0094,0.0217,0.0113,0.0124,0.0407,0.0128,0.0063,0.0051,0.018,0.0122,0.0114,0.0157,0.0171,0.0196,0.0688,0.0708,0.0123,0.0218,0.0268,0.0247,0.0159,0.0169,0.0085,0.0162,0.0128,0.0901,0.0298,0.0335,0.0058,0.0374,0.0061,0.0041,0.0123,0.0105,0.0184,0.0221,0.0095,0.0139,0.0126,0.0699,0.0446,0.0056,0.0061,0.0244,0.01
39,0.0,0.0,0.0,0.0,0.0,0.0,0.0,0.0,0.0,0.0,0.0,0.0,0.0,0.0,0.0,0.0,0.0,0.0,0.0,0.0,0.0,0.0,0.0,0.0,0.0,0.0,0.0,0.0,0.0,0.0,0.0,0.0,0.0,0.0,0.0,0.0,0.0,0.0,0.0,0.0,0.0,0.0,0.0,0.0,0.0,0.0,0.0,0.0,0.0,0.0,0.0,0.0,0.0,0.0,0.0,0.0,0.0,0.0,0.0,0.0,0.0,0.0,0.0,0.0,0.0,0.0,0.0,0.0,0.0,0.0,0.0,0.0,0.0,0.0,0.0,0.0,0.0,0.0,0.0,0.0,0.0,0.0,0.0,0.0,0.0,0.0,0.0,0.0,0.0,0.0,0.0,0.0,0.0,0.0,0.0,0.0,0.0,0.0,0.0,0.0,0.0,0.0,0.0,0.0,0.0,0.0,0.0,0.0,0.0,0.0,0.0,0.0,0.0,0.0,0.0385,0.0458,0.0036,0.0046,0.0245,0.011
40,0.0277,0.0227,0.0403,0.0255,0.0133,0.0316,0.0151,0.0175,0.2637,0.0135,0.0244,0.0321,0.0484,0.0597,0.0336,0.0884,0.0563,0.0316,0.0815,0.0286,0.0357,0.0416,0.0362,0.0221,0.0349,0.0533,0.0195,0.0337,0.1079,0.08,0.0202,0.0507,0.0317,0.0488,0.0139,0.0293,0.0356,0.0247,0.0502,0.0492,0.0822,0.1105,0.0825,0.0399,0.1701,0.0543,0.0356,0.034,0.0229,0.0277,0.0434,0.037,0.0,0.0543,0.0282,0.0196,0.0248,0.0788,0.032,0.0224,0.0301,0.0238,0.0105,0.0132,0.017,0.0379,0.179,0.165,0.0048,0.0318,0.0217,0.0105,0.0258,0.0392,0.0244,0.016,0.0272,0.0136,0.0255,0.0546,0.0352,0.0253,0.0035,0.0381,0.0188,0.0339,0.0174,0.0356,0.0216,0.0725,0.1516,0.0259,0.0219,0.039,0.051,0.0343,0.0675,0.0179,0.021,0.0462,0.3915,0.2898,0.0937,0.0237,0.0171,0.0113,0.0102,0.0282,0.0284,0.0592,0.0689,0.0263,0.0175,0.0881,0.1281,0.1866,0.1066,0.0103,0.0423,0.0297
41,0.0,0.0,0.0,0.0,0.0,0.0,0.0,0.0,0.0,0.0,0.0,0.0,0.0,0.0,0.0,0.0,0.0,0.0,0.0,0.0,0.0,0.0,0.0,0.0,0.0,0.0,0.0,0.0,0.0,0.0,0.0,0.0,0.0,0.0,0.0,0.0,0.0,0.0,0.0,0.0,0.0,0.0,0.0,0.0,0.0,0.0,0.0,0.0,0.0,0.0,0.0,0.0,0.0,0.0,0.0,0.0,0.0,0.0,0.0,0.0,0.0,0.0,0.0,0.0,0.0,0.0,0.0,0.0,0.0,0.0,0.0,0.0,0.0,0.0,0.0,0.0,0.0,0.0,0.0,0.0,0.0,0.0,0.0,0.0,0.0,0.0,0.0111,0.0117,0.0092,0.0174,0.0088,0.0037,0.0096,0.0105,0.0165,0.0174,0.0193,0.0846,0.0231,0.0275,0.0103,0.0191,0.0463,0.0104,0.0073,0.0052,0.0068,0.0097,0.0121,0.0141,0.0296,0.0294,0.0596,0.0014,0.0228,0.1016,0.0022,0.0027,0.0258,0.0201
42,0.0,0.0,0.0,0.0,0.0,0.0,0.0,0.0,0.0,0.0,0.0,0.0,0.0,0.0,0.0,0.0,0.0,0.0,0.0,0.0,0.0,0.0,0.0,0.0,0.0,0.0,0.0,0.0,0.0,0.0,0.0,0.0,0.0,0.0,0.0,0.0,0.0,0.0,0.0,0.0,0.0,0.0,0.0,0.0,0.0,0.0,0.0,0.0,0.0,0.0,0.0,0.0,0.0,0.0,0.0,0.0,0.0,0.0,0.0,0.0,0.0,0.0,0.0,0.0,0.0,0.0,0.0,0.0,0.0,0.0,0.0,0.0,0.0,0.0,0.0,0.0,0.0,0.0,0.0,0.0,0.0,0.0,0.0,0.0,0.0,0.0,0.0,0.0,0.0,0.0,0.0,0.0,0.0,0.0,0.0,0.0,0.0,0.0,0.0,0.0,0.0,0.0,0.0,0.0,0.0,0.0,0.0,0.0,0.0,0.0,0.0,0.0,0.0,0.0,0.0576,0.0093,0.0902,0.2503,0.1216,0.1363
43,0.0,0.0,0.0,0.0,0.0,0.0,0.0,0.0,0.0,0.0,0.0,0.0,0.0,0.0,0.0,0.0,0.0,0.0,0.0,0.0,0.0,0.0,0.0,0.0,0.0,0.0,0.0,0.0,0.0,0.0,0.0,0.0,0.0,0.0,0.0,0.0,0.0,0.0,0.0,0.0,0.0,0.0,0.0,0.0,0.0,0.0,0.0,0.0,0.0,0.0,0.0,0.0,0.0,0.0,0.0,0.0,0.0,0.0,0.0,0.0,0.0,0.0,0.0,0.0,0.0,0.0,0.0,0.0,0.0,0.0,0.0,0.0,0.0,0.0,0.0,0.0,0.0,0.0,0.0,0.0,0.0,0.0,0.0,0.0,0.0,0.0364,0.027,0.0523,0.1333,0.0457,0.0377,0.1804,0.1364,0.0246,0.0297,0.0228,0.1037,0.0133,0.019,0.0101,0.0104,0.0098,0.0037,0.0051,0.0097,0.0041,0.0126,0.0143,0.0168,0.0153,0.0135,0.0097,0.0086,0.0058,0.0059,0.005,0.0069,0.0093,0.0119,0.0115
44,0.0,0.0626,0.0728,0.0386,0.0667,0.06,0.0056,0.0361,0.0132,0.0043,0.0301,0.0689,0.0633,0.0162,0.0427,0.0754,0.0435,0.0261,0.0457,0.024,0.0399,0.0,0.0,0.0,0.0,0.0,0.0,0.0,0.0,0.0,0.0,0.0,0.0,0.0,0.0,0.0,0.0,0.0,0.0,0.0,0.0,0.0,0.0,0.0,0.0,0.0,0.0,0.0,0.0,0.0269,0.0293,0.0205,0.028,0.0195,0.0241,0.0064,0.0223,0.0184,0.0263,0.0252,0.023,0.0324,0.0232,0.0183,0.0285,0.0132,0.0072,0.0057,0.0036,0.03,0.0295,0.033,0.0465,0.0335,0.0216,0.0144,0.0263,0.0406,0.0371,0.0073,0.0036,0.016,0.0302,0.0277,0.0375,0.0268,0.0245,0.0205,0.0082,0.0188,0.0195,0.0062,0.0145,0.0345,0.033,0.0226,0.0244,0.0209,0.0533,0.0266,0.0182,,0.0062,0.0093,0.009,0.0114,0.0089,0.0155,0.0285,0.0317,0.0258,0.0083,0.0194,0.0059,0.0063,0.0122,0.0114,0.0088,0.0191,0.0225
45,0.0,0.0512,0.0719,0.0368,0.057,0.0254,0.0093,0.038,0.0118,0.004,0.0205,0.0696,0.051,0.0145,0.0323,0.0563,0.0207,0.0264,0.0717,0.0224,0.0342,0.0,0.0,0.0,0.0,0.0,0.0,0.0,0.0,0.0,0.0,0.0,0.0,0.0,0.0,0.0,0.0,0.0,0.0,0.0,0.0,0.0,0.0,0.0,0.0,0.0,0.0,0.0,0.0,0.0,0.0,0.0,0.0,0.0,0.0,0.0,0.0,0.0,0.0,0.0,0.0,0.0,0.0,0.0,0.0,0.0,0.0,0.0,0.0,0.0,0.0,0.0,0.0,0.0,0.0,0.0,0.0,0.0,0.0,0.0,0.0,0.0,0.0,0.0,0.0,0.0,0.0,0.0,0.0,0.0,0.0,0.0,0.0,0.0,0.0,0.0,0.0,0.0,0.0,0.0,0.0,0.0,0.0,0.0,0.0,0.0,0.0,0.0,0.0,0.0,0.0,0.0,0.0,0.0,0.0,0.0,0.0,0.0,0.0,0.0
46,0.0,0.0,0.0,0.0,0.0,0.0,0.0,0.0,0.0,0.0,0.0,0.0,0.0,0.0,0.0,0.0,0.0,0.0,0.0,0.0,0.0,0.0243,0.0557,0.036,0.0919,0.057,0.0378,0.0361,0.0232,0.0191,0.0078,0.0304,0.0145,0.0289,0.0255,0.0643,0.0449,0.042,0.0272,0.0302,0.0243,0.0198,0.0177,0.0175,0.034,0.0326,0.0213,0.0259,0.0338,0.0306,0.0254,0.0197,0.0315,0.0164,0.0159,0.0028,0.0184,0.0239,0.0306,0.0477,0.0296,0.0244,0.0185,0.017,0.0101,0.0076,0.0098,0.0059,0.0046,0.0391,0.0436,0.0442,0.0532,0.0343,0.0268,0.013,0.0197,0.0127,0.0158,0.0039,0.0021,0.0225,0.0307,0.0252,0.0416,0.0355,0.0213,0.0152,0.0077,0.0206,0.0188,0.005,0.0146,0.0297,0.0368,0.0246,0.0306,0.0225,0.0349,0.0179,0.0118,0.01,0.0069,0.0079,0.0118,0.0121,0.0111,0.0301,0.0334,0.0372,0.0207,0.01,0.013,0.0029,0.0063,0.0133,0.012,0.0147,0.0226,0.0304
47,0.0,0.1014,0.138,0.0768,0.0972,0.2066,0.0152,0.0808,0.0317,0.0173,0.0,0.0,0.0701,0.0349,0.0679,0.2033,0.1018,0.0394,0.0826,0.0431,0.0516,0.0683,0.0775,0.0381,0.0775,0.0804,0.0899,0.1121,0.0701,0.0802,0.0468,0.0,0.0326,0.0614,0.0301,0.0436,0.0501,0.0487,0.067,0.0541,0.0663,0.1227,0.0778,0.0951,0.0725,0.0653,0.0172,0.0178,0.0443,0.064,0.083,0.0504,0.0375,0.0465,0.0702,0.015,0.05,0.0352,0.0618,0.0394,0.0538,0.0574,0.0514,0.0388,0.082,0.0337,0.0374,0.0,0.0119,0.069,0.0414,0.0403,0.0676,0.056,0.0595,0.0446,0.1136,0.1345,0.1144,0.0266,0.0253,0.0273,0.0502,0.0338,0.0724,0.0682,0.0488,0.0441,0.0199,0.0335,0.0408,0.0,0.0,0.05,0.0587,0.0428,0.0385,0.0576,0.0935,0.0962,0.0648,0.0788,0.0169,0.0206,0.0272,0.0197,0.0202,0.042,0.0481,0.0513,0.0538,0.0271,0.0446,0.0318,0.0201,0.0504,0.03,0.0251,0.0344,0.0417
48,0.0,0.0,0.0,0.0,0.0,0.0,0.0,0.0,0.0,0.0,0.0,0.0,0.0,0.0,0.0,0.0,0.0,0.0,0.0,0.0,0.0,0.0205,0.043,0.0378,0.0443,0.0372,0.0287,0.0318,0.0183,0.0183,0.0081,0.0359,0.0065,0.0303,0.0237,0.0393,0.0436,0.033,0.0309,0.0326,0.0276,0.0205,0.0138,0.0234,0.0364,0.0409,0.0196,0.024,0.0381,0.0271,0.0207,0.0184,0.0272,0.0168,0.0159,0.0064,0.03,0.0256,0.0297,0.0353,0.0302,0.042,0.0183,0.0276,0.0152,0.0115,0.0091,0.0117,0.0102,0.0427,0.0395,0.0339,0.0544,0.035,0.0238,0.0183,0.0228,0.012,0.0069,0.0076,0.0059,0.0241,0.064,0.0264,0.0393,0.0281,0.0312,0.0169,0.0122,0.021,0.0149,0.0089,0.0186,0.0491,0.0363,0.021,0.0277,0.0202,0.0481,0.0209,0.0166,0.0093,,0.0124,0.0075,0.0162,0.0087,0.0299,0.03,0.0428,0.0604,0.0067,0.0174,0.0052,0.0082,0.0122,0.0119,0.0105,0.0292,0.039
49,0.0,0.0647,0.075,0.0385,0.0581,0.0256,0.0054,0.0369,0.0104,0.0034,0.0243,0.0779,0.058,0.0192,0.041,0.0726,0.0261,0.0261,0.0495,0.0258,0.0394,0.0168,0.0441,0.0359,0.0491,0.0452,0.0688,0.0354,0.028,0.0186,0.0126,0.0372,0.02,0.0322,0.0153,0.0429,0.0322,0.0329,0.0279,0.0306,0.0221,0.0371,0.0241,0.0325,0.0372,0.0314,0.0161,0.0255,0.0326,0.0,0.0,0.0,0.0,0.0,0.0,0.0,0.0,0.0,0.0,0.0,0.0,0.0,0.0,0.0,0.0,0.0,0.0,0.0,0.0,0.0,0.0,0.0,0.0,0.0,0.0,0.0,0.0,0.0,0.0,0.0,0.0,0.0,0.0,0.0,0.0,0.0,0.0,0.0,0.0,0.0,0.0,0.0,0.0,0.0,0.0,0.0,0.0,0.0,0.0,0.0,0.0,0.0,0.0,0.0,0.0,0.0,0.0,0.0,0.0,0.0,0.0,0.0,0.0,0.0,0.0,0.0,0.0,0.0,0.0,0.0
50,0.0,0.0,0.0,0.0,0.0,0.0,0.0,0.0,0.0,0.0,0.0,0.0,0.0,0.0,0.0,0.0,0.0,0.0,0.0,0.0,0.0,0.0,0.0,0.0,0.0,0.0,0.0,0.0,0.0,0.0,0.0,0.0,0.0,0.0,0.0,0.0,0.0,0.0,0.0,0.0,0.0,0.0,0.0,0.0,0.0,0.0,0.0,0.0,0.0,0.0,0.0,0.0,0.0,0.0,0.0,0.0,0.0,0.0,0.0,0.0,0.0,0.0,0.0,0.0,0.0,0.0,0.0,0.0,0.0,0.0,0.0,0.0,0.0,0.0,0.0,0.0,0.0,0.0,0.0,0.0,0.0,0.0,0.0,0.0,0.029,0.0295,0.0225,0.0149,0.007,0.0161,0.0064,0.0127,0.0191,0.033,0.0362,0.0204,0.0306,0.022,0.0273,0.0172,0.0113,0.0092,0.0043,0.0063,0.0108,0.012,0.0184,0.0194,0.0337,0.0241,0.0191,0.0085,0.0118,0.0045,0.0058,0.0045,0.008,0.0195,0.0221,0.0233
51,0.0,0.0,0.0,0.0,0.0,0.0,0.0,0.0,0.0,0.0,0.0,0.0,0.0,0.0,0.0,0.0,0.0,0.0,0.0,0.0,0.0,0.0,0.0,0.0,0.0,0.0,0.0,0.0,0.0,0.0,0.0,0.0,0.0,0.0,0.0,0.0,0.0,0.0,0.0,0.0,0.0,0.0,0.0,0.0,0.0,0.0,0.0,0.0,0.0,0.0,0.0,0.0,0.0,0.0,0.0,0.0,0.0,0.0,0.0,0.0,0.0,0.0,0.0,0.0,0.0,0.0,0.0,0.0,0.0,0.0,0.0,0.0,0.0,0.0,0.0,0.0,0.0,0.0,0.0,0.0,0.0,0.0,0.0,0.0,0.0719,0.0394,0.0286,0.0244,0.013,0.0192,0.0208,0.0059,0.0228,0.0414,0.0397,0.0237,0.0352,0.0239,0.0518,0.0442,0.0249,0.0133,0.008,0.0108,0.0043,0.0141,0.0156,0.0837,0.0337,0.041,0.0234,0.0101,0.0112,0.0029,0.006,0.0131,0.013,0.0143,0.0223,0.0327
52,0.0,0.0,0.0,0.0,0.0,0.0,0.0,0.0,0.0,0.0,0.0,0.0,0.0,0.0,0.0,0.0,0.0,0.0,0.0,0.0,0.0,0.0,0.0,0.0,0.0,0.0,0.0,0.0,0.0,0.0,0.0,0.0,0.0,0.0,0.0,0.0,0.0,0.0,0.0,0.0,0.0,0.0,0.0,0.0,0.0,0.0,0.0,0.0,0.0,0.0,0.0,0.0,0.0,0.0,0.0,0.0,0.0,0.0,0.0,0.0,0.0,0.0,0.0,0.0,0.0,0.0,0.0,0.0,0.0,0.0,0.0,0.0,0.0,0.0,0.0,0.0,0.0,0.0,0.0,0.0,0.0,0.0,0.0,0.0,0.0246,0.0237,0.014,0.0111,0.0048,0.0144,0.0081,0.0,0.0115,0.0253,0.0217,0.0158,0.0261,0.0169,0.026,0.011,0.0083,0.0079,,0.0052,0.004,0.0077,0.0092,0.0122,0.0231,0.0259,0.0177,0.0061,0.0094,0.002,0.0052,0.0072,0.0081,0.0066,0.0152,0.0191
53,0.0,0.0,0.0,0.0,0.0,0.0,0.0,0.0,0.0,0.0,0.0,0.0,0.0,0.0,0.0,0.0,0.0,0.0,0.0,0.0,0.0,0.0,0.0,0.0,0.0,0.0,0.0,0.0,0.0,0.0,0.0,0.0,0.0,0.0,0.0,0.0,0.0247,0.0239,0.0174,0.0204,0.0119,0.0136,0.0068,0.0109,0.0151,0.0081,0.0524,0.0222,0.018,0.0189,0.0159,0.0173,0.016,0.0138,0.0113,0.0053,0.0106,0.0006,0.0153,0.0333,0.0151,0.0238,0.012,0.0114,0.0058,0.01,0.0073,0.0032,0.0087,0.0147,0.0181,0.0223,0.0313,0.0228,0.0279,0.0087,0.0155,0.009,0.0023,0.0048,0.0014,0.0126,0.0275,0.0267,0.0384,0.0123,0.0095,0.0135,0.0052,0.0129,0.0108,0.0014,0.0053,0.0087,0.0171,0.0219,0.0259,0.0108,0.0171,0.0076,0.0061,0.0061,0.0038,0.0043,0.0035,0.0074,0.0188,0.0131,0.0163,0.016,0.0131,0.0048,0.0077,0.0022,0.0085,0.01,0.0082,0.0052,0.0118,
54,0.1177,0.0474,0.0592,0.0238,0.0385,0.0154,0.0321,0.0202,0.0158,0.0161,0.0121,0.016,0.0314,0.0086,0.0368,0.0274,0.027,0.0047,0.0105,0.0043,0.0102,0.0083,0.0181,0.0237,0.0195,0.0331,0.0112,0.0119,0.0174,0.0123,0.001,0.0077,0.0083,0.0116,0.0028,0.0219,0.0161,0.0186,0.0148,0.0174,0.0118,0.0127,0.0066,0.0129,0.0151,0.0105,0.0264,0.0456,0.0154,0.0165,0.0134,0.0185,0.0146,0.0133,0.0113,0.0048,0.0104,0.0134,0.0118,0.0129,0.0266,0.0166,0.0118,0.0091,0.0051,0.0098,0.005,0.0029,0.008,0.0082,0.015,0.0129,0.0205,0.02,0.0266,0.0077,0.0155,0.0083,0.0021,0.0044,0.0012,0.012,0.0247,0.0227,0.0358,0.0125,0.0093,0.0128,0.005,0.0143,0.0104,0.0014,0.0048,0.0075,0.0144,0.0181,0.0168,0.0113,0.012,0.0069,0.0057,0.0051,0.0029,0.0037,0.0036,0.0058,0.0078,0.0081,0.0133,0.0111,0.0107,0.0041,0.0064,0.0011,0.0028,0.0088,0.0065,0.0044,0.0115,0.0147
55,0.0809,0.0759,0.0942,0.029,0.0416,0.0238,0.0449,0.0292,0.0193,0.0241,0.0249,0.0352,0.0458,0.0172,0.0352,0.0416,0.0218,0.0081,0.0203,0.0162,0.0124,0.0125,0.0303,0.0327,0.0353,0.0507,0.014,0.015,0.017,0.0133,0.0014,0.0105,0.0094,0.014,0.0067,0.0341,0.0,0.0,0.0,0.0,0.0,0.0,0.0,0.0,0.0,0.0,0.0,0.0,0.0,0.0,0.0,0.0,0.0,0.0,0.0,0.0,0.0,0.0,0.0,0.0,0.0,0.0,0.0,0.0,0.0,0.0,0.0,0.0,0.0,0.0,0.0,0.0,0.0,0.0,0.0,0.0,0.0,0.0,0.0,0.0,0.0,0.0,0.0,0.0,0.0,0.0,0.0,0.0,0.0,0.0,0.0,0.0,0.0,0.0089,0.0157,0.0183,0.0191,0.0,0.0,0.0,0.0,0.0,0.0,0.0,0.0,0.0,0.0,0.0,0.0,0.0,0.0,0.0,0.0,0.0,0.0,0.0,0.0,0.0,0.0,0.0
56,0.0,0.0721,0.1117,0.042,0.0416,0.0277,0.0459,0.0291,0.0206,0.0146,0.0242,0.0305,0.0463,0.0156,0.034,0.0411,0.0308,0.006,0.0198,0.0182,0.0144,0.0105,0.0263,0.03,0.031,0.038,0.0192,0.0135,0.0184,0.0125,0.0015,0.0102,0.0091,0.0171,0.0056,0.0276,0.021,0.0223,0.0151,0.0249,0.0114,0.0144,0.0069,0.011,0.0139,0.0076,0.0325,0.0445,0.0164,0.0171,0.0153,0.0165,0.0196,0.0102,0.0108,0.0072,0.011,0.0096,0.0145,0.0179,0.0245,0.0209,0.0107,0.0096,0.009,0.0091,0.0039,0.0031,0.0078,0.0112,0.0171,0.0148,0.0288,0.0204,0.0267,0.0084,0.0148,0.0081,0.0024,0.0047,0.0099,0.0126,0.0264,0.0239,0.029,0.0128,0.0088,0.0132,0.005,0.013,0.0119,0.0022,0.0075,0.0,0.0,0.0,0.0,0.0,0.0,0.0,0.0,0.0,0.0,0.0,0.0,0.0,0.0,0.0,0.0,0.0,0.0,0.0,0.0,0.0,0.0,0.0,0.0,0.0,0.0,0.0
57,0.0,0.0,0.0,0.0,0.0,0.0,0.0,0.0,0.0,0.0,0.0,0.0,0.0,0.0,0.0,0.0,0.0,0.0,0.0,0.0,0.0,0.0,0.0,0.0,0.0,0.0,0.0,0.0,0.0,0.0,0.0,0.0,0.0,0.0,0.0,0.0,0.0,0.0,0.0,0.0,0.0,0.0,0.0,0.0,0.0,0.0,0.0,0.0,0.0,0.0,0.0,0.0,0.0,0.0,0.0,0.0,0.0,0.0,0.0,0.0,0.0,0.0,0.0,0.0,0.0,0.0,0.0,0.0,0.0,0.0,0.0,0.0,0.0,0.0,0.0,0.0,0.0,0.0,0.0,0.0,0.0,0.0,0.0,0.0,0.0,0.0,0.0,0.0,0.0,0.0,0.0,0.0,0.0,0.0,0.0,0.0,0.0,0.0158,0.0177,0.0117,0.0103,0.0168,0.0106,0.0065,0.0146,0.0098,0.0067,0.0102,0.0146,0.0281,0.0265,0.004,0.0115,0.0034,0.0088,0.0144,0.0239,0.0038,0.0152,0.0117
58,0.0,0.0,0.0,0.0,0.0,0.0,0.0,0.0306,0.0126,0.0157,0.0278,0.0332,0.0552,0.0255,0.0366,0.0461,0.0335,0.013,0.0228,0.015,0.0144,0.0146,0.0458,0.0359,0.0393,0.0386,0.0285,0.0171,0.0167,0.0148,0.0035,0.0139,0.0168,0.0215,0.0274,0.0669,0.0288,0.0,0.0,0.0,0.0,0.0,0.0,0.014,0.0216,0.0127,0.0255,0.0516,0.0166,0.019,0.0192,0.0185,0.0257,0.0106,0.0113,0.0052,0.0173,0.0211,0.0243,0.0175,0.0121,0.0177,0.0099,0.0103,0.0086,0.018,0.0058,0.0045,0.0113,0.0161,0.0186,0.0247,0.0301,0.0225,0.0301,0.01,0.0168,0.0091,0.0029,0.0025,0.0122,0.0114,0.0138,0.0247,0.0262,0.0102,0.0126,0.0157,0.005,0.0193,0.0094,0.0038,0.0062,0.014,0.0223,0.0199,0.0216,0.0158,0.0135,0.0097,0.0067,0.007,0.0038,0.0053,0.0069,0.0079,0.0079,0.0151,0.0181,0.0175,0.0137,0.0057,0.0084,0.0079,0.0079,0.0036,0.0064,0.0125,0.022,0.0114
59,0.0,0.0,0.0,0.0,0.0,0.0,0.0,0.0275,0.0214,0.0237,0.0282,0.0315,0.04,0.0237,0.0252,0.0509,0.0199,0.0131,0.0265,0.0188,0.0157,0.0157,0.0292,0.0286,0.0289,0.0344,0.0148,0.0144,0.0165,0.0128,0.0064,0.0055,0.0162,0.0163,0.0124,0.0204,0.0184,0.0201,0.0169,0.0225,0.0114,0.0149,0.0099,0.0138,0.0212,0.0096,0.0223,0.0449,0.02,0.0181,0.0182,0.0191,0.0181,0.0181,0.0109,0.0093,0.0138,0.0,0.0,0.0,0.0198,0.0149,0.0225,0.0161,0.0115,0.0118,0.007,0.008,0.0108,0.0135,0.0222,0.0158,0.0261,0.0232,0.0306,0.0129,0.0177,0.016,0.0219,0.01,0.0058,0.0162,0.0257,0.0313,0.0295,0.0133,0.0129,0.0145,0.0077,0.0196,0.0105,0.0045,0.0079,0.0092,0.0188,0.0186,0.0237,0.0143,0.0154,0.0117,0.0093,0.0081,0.004,0.0054,0.015,0.0079,0.0075,0.0102,0.0163,0.014,0.0132,0.0073,0.0081,0.0047,0.0083,0.0039,0.008,0.0079,0.0106,0.0127
60,0.0,0.0,0.0,0.0,0.0,0.0,0.0,0.0,0.0,0.0,0.0,0.0,0.0,0.0,0.0,0.0,0.0,0.0,0.0,0.0,0.0,0.0,0.0,0.0,0.0,0.0,0.0,0.0,0.0,0.0,0.0,0.0,0.0,0.0,0.0,0.0,0.0,0.0,0.0,0.0,0.0,0.0,0.0,0.0,0.0,0.0,0.0,0.0,0.0,0.0,0.0,0.0,0.0,0.0,0.0,0.0,0.0,0.0,0.0,0.0,0.0,0.0,0.0,0.0,0.0,0.0,0.0,0.0,0.0,0.0,0.0,0.0,0.0,0.0,0.0,0.0,0.0,0.0,0.0,0.0,0.0,0.0,0.0,0.0,0.0,0.0,0.0,0.0,0.0,0.0,0.0,0.0,0.0,0.0238,0.0278,0.0264,0.0341,0.0264,0.0454,0.0193,0.0129,0.0253,0.0204,0.0047,0.0032,0.0149,0.0088,0.0232,0.0364,0.0464,0.0342,0.0055,0.0143,0.0045,0.0074,0.0241,0.0261,0.0133,0.0169,0.013
61,0.0964,0.0405,0.0717,0.0224,0.0323,0.0204,0.0088,0.0298,0.0193,0.0187,0.0335,0.0226,0.0382,0.0172,0.0283,0.0278,0.0144,0.0114,0.0184,0.0096,0.0144,0.0147,0.0246,0.0298,0.026,0.0326,0.0164,0.0167,0.0218,0.0171,0.0046,0.0084,0.0089,0.0194,0.0121,0.0319,0.022,0.0108,0.0212,0.0163,0.0102,0.012,0.0141,0.0136,0.0238,0.0131,0.0116,0.0351,0.0324,0.0152,0.0139,0.018,0.0141,0.0105,0.0118,0.0088,0.02,0.0091,0.0209,0.0159,0.015,0.0187,0.0144,0.014,0.0074,0.0087,0.0033,0.0073,0.0085,0.0144,0.0293,0.0165,0.0328,0.0202,0.0327,0.0103,0.013,0.0095,0.0044,0.0061,0.0048,0.0181,0.0247,0.0234,0.0174,0.0176,0.0149,0.0049,0.0049,0.0101,0.0014,0.0018,0.0077,0.0116,0.0154,0.0135,0.009,0.008,0.0115,0.0054,0.0042,0.0065,0.0016,0.0032,0.007,0.0046,0.0032,0.0137,0.0101,0.0109,0.0112,0.0054,0.0052,0.0032,0.0036,0.0022,0.0052,0.0066,0.0117,0.0082
62,0.122,0.0496,0.0933,0.0295,0.04,0.0212,0.0108,0.0283,0.0179,0.0178,0.043,0.0857,0.0513,0.0241,0.0324,0.0363,0.0162,0.0101,0.0188,0.0122,0.0196,0.0144,0.0261,0.0482,0.0706,0.0523,0.0291,0.0184,0.0216,0.0167,0.0081,0.0099,0.0068,0.0255,0.0155,0.0394,0.0467,0.0371,0.0319,0.0242,0.0103,0.0121,0.0134,0.0161,0.0214,0.0112,0.0215,0.0468,0.027,0.0227,0.0254,0.0218,0.0183,0.0114,0.0118,0.0077,0.018,0.0075,0.0263,0.0245,0.0235,0.0401,0.0189,0.0155,0.0093,0.0076,0.0059,0.0066,0.0118,0.0132,0.0261,0.0264,0.0396,0.0197,0.0269,0.0084,0.0108,0.0096,0.0027,0.0054,0.0066,0.0132,0.0166,0.0,0.0,0.0,0.0148,0.0106,0.0106,0.0107,0.0156,0.0,0.0106,0.01,0.0197,0.022,0.016,0.0174,0.0166,0.0151,0.0156,0.0164,0.0091,0.013,0.0049,0.0074,0.0065,0.0141,0.018,0.0206,0.0202,0.0068,0.0146,0.0049,0.0299,0.0082,0.0161,0.0085,0.0261,0.0346
63,0.0504,0.0523,0.0285,0.0356,0.0412,0.0222,0.0049,0.0387,0.0,0.0253,0.0296,0.0324,0.0513,0.0249,0.0304,0.0375,0.0554,0.0,0.0,0.0,0.0,0.0222,0.0283,0.0549,0.0509,0.069,0.0379,0.0,0.0,0.0,0.0,0.0,0.0,0.0,0.0,0.031,0.0213,0.0184,0.0233,0.0211,0.0156,0.0332,0.0107,0.0086,0.0069,0.0231,0.0173,0.0251,0.0175,0.0192,0.0147,0.0,0.0,0.0106,0.0248,0.0087,0.01,0.0326,0.0165,0.0267,0.0351,0.0184,0.008,0.0171,0.0097,0.0066,0.0007,0.0094,0.0111,0.0382,0.0339,0.0343,0.0256,0.0265,0.0168,0.0095,0.0125,0.02,0.0075,0.0101,0.0117,0.0269,0.0232,0.026,0.0344,0.0264,0.0,0.0,0.0,0.023,0.0128,0.0017,0.0138,0.0188,0.0316,0.034,0.0239,0.0198,0.0292,0.015,0.0122,0.0103,0.0055,0.0043,0.0113,0.0146,0.0177,0.033,0.0228,0.0224,0.019,0.0153,0.0087,0.0039,0.0081,0.0017,0.009,0.0166,0.0135,0.0216
64,0.0,0.0,0.0,0.0,0.0,0.0,0.0,0.0,0.0,0.0,0.0,0.0,0.0,0.0,0.0,0.0,0.0,0.0,0.0,0.0,0.0,0.0,0.0,0.0,0.0,0.0,0.0,0.0,0.0,0.0,0.0,0.0,0.0,0.0,0.0,0.0,0.0,0.0,0.0,0.0,0.0,0.0,0.0,0.0,0.0,0.0,0.0,0.0,0.0,0.0,0.0,0.0,0.0,0.0,0.0,0.0,0.0,0.0,0.0,0.0,0.0,0.0,0.0,0.0,0.0,0.0,0.0,0.0,0.0,0.0,0.0,0.0,0.0653,0.0393,0.0318,0.0301,0.0308,0.0385,0.0165,0.0221,0.0289,0.0463,0.0863,0.1326,0.0603,0.0364,0.0518,0.0292,0.0197,0.0382,0.0252,0.0088,0.0333,0.0,0.0581,0.0443,0.0393,0.0299,0.0822,0.0333,0.0276,0.0191,0.0348,0.0126,0.0093,0.0222,0.0497,0.045,0.0469,0.07,0.0371,0.0383,0.0609,0.0172,0.0148,0.008,0.0262,0.0203,0.039,0.0401
65,0.0409,0.0415,0.0197,0.0382,0.0524,0.03,0.0021,0.0336,0.0128,0.0242,0.0192,0.0373,0.0282,0.0224,0.0212,0.0497,0.0382,0.0304,0.0293,0.0148,0.0219,0.0146,0.0244,0.0406,0.0287,0.0336,0.0248,0.014,0.0128,0.0144,0.0121,0.028,0.0097,0.0122,0.0118,0.0379,0.0238,0.0197,0.0224,0.022,0.0223,0.0348,0.0134,0.0144,0.01,0.0272,0.0227,0.0221,0.0197,0.0121,0.0175,0.0144,0.0158,0.0102,0.0097,0.015,0.0191,0.0233,0.012,0.0194,0.0559,0.0159,0.0112,0.0178,0.0126,0.0088,0.0011,0.006,0.0097,0.0161,0.041,0.0253,0.0179,0.0179,0.0092,0.0102,0.0133,0.014,0.0069,0.0128,0.0322,0.0269,0.0178,0.0302,0.0262,0.0221,0.025,0.0088,0.0112,0.0185,0.0162,0.0007,0.0127,0.0358,0.0302,0.03,0.0232,0.0163,0.0412,0.015,0.0195,0.0073,0.0052,0.01,0.0068,,0.0101,0.0403,0.0211,0.0184,0.0147,0.0107,0.0044,0.006,0.0081,0.0055,0.0175,0.0153,0.0212,0.0227
66,0.0,0.0,0.0,0.0,0.0,0.0,0.0,0.0,0.0,0.0,0.0,0.0,0.0,0.0,0.0,0.0,0.0,0.0,0.0,0.0,0.0,0.0,0.0,0.0,0.0,0.0,0.0,0.0,0.0,0.0,0.0,0.0,0.0,0.0,0.0,0.0,0.0,0.0,0.0,0.0,0.0,0.0,0.0,0.0,0.0,0.0,0.0,0.0,0.0,0.0,0.0,0.0,0.0,0.0,0.0,0.0,0.0,0.0,0.0,0.0,0.0,0.0,0.0,0.0,0.0,0.0,0.0,0.0,0.0,0.0,0.0,0.0,0.0,0.0,0.0,0.0,0.0,0.0,0.0,0.0,0.0,0.0,0.0,0.0,0.0,0.0,0.0,0.0,0.0,0.0,0.0,0.0,0.0,0.0,0.0,0.0,0.0,0.0,0.0,0.0,0.0,0.0,0.0,0.0,0.0051,0.0148,0.0069,0.0303,0.0223,0.0231,0.015,0.0071,0.0097,0.0057,0.0042,0.0051,0.01,0.0099,0.0213,0.0221
67,0.0,0.0,0.0,0.0,0.0,0.0,0.0,0.0,0.0,0.0,0.0,0.0,0.0,0.0,0.0,0.0,0.0,0.0,0.0,0.0,0.0,0.0,0.0,0.0,0.0,0.0,0.0,0.0,0.0,0.0,0.0,0.0,0.0,0.0,0.0,0.0,0.0,0.0,0.0,0.0,0.0,0.0,0.0,0.0,0.0,0.0,0.0,0.0,0.0,0.0,0.0,0.0,0.0,0.0,0.0,0.0,0.0,0.0,0.0,0.0,0.0,0.0,0.0,0.0,0.0,0.0,0.0,0.0,0.0,0.0,0.0,0.0,0.0,0.0,0.0,0.0,0.0,0.0,0.0,0.0,0.0,0.0,0.0,0.0,0.0,0.0,0.0,0.0,0.0,0.0,0.0,0.0,0.0,0.0,0.0,0.0,0.0202,0.0203,0.0456,0.0147,0.0223,0.0055,0.0082,0.0094,0.0047,0.0082,0.0105,0.0286,0.0145,0.023,0.0177,0.0064,0.0119,0.0102,0.0072,0.0028,0.0117,0.016,0.0193,0.018
68,0.0,0.0,0.0,0.0,0.0,0.0,0.0,0.0288,0.0266,0.0219,0.0331,0.0214,0.034,0.0128,0.0156,0.0523,0.0402,0.0199,0.0277,0.0044,0.0232,0.0114,0.0284,0.0263,0.0271,0.0276,0.0205,0.0213,0.022,0.0129,0.0125,0.0085,0.0073,0.017,0.0109,0.0181,0.0174,0.0108,0.0089,0.0502,0.0074,0.0076,0.0072,0.0052,0.0144,0.0172,0.0221,0.0216,0.0175,0.0243,0.0176,0.0,0.0189,0.0165,0.0038,0.0076,0.0075,0.0071,0.0136,0.0121,0.0284,0.0648,0.0636,0.0,0.0093,0.0104,0.0012,0.0034,0.0052,0.0087,0.0192,0.0119,0.0145,0.0161,0.0398,0.0191,0.0135,0.0075,0.0061,0.0081,0.0085,0.0121,0.0252,0.0145,0.0162,0.0131,0.0097,0.0133,0.0064,0.0143,0.006,0.0025,0.0058,0.007,0.0145,0.0186,0.0138,0.0144,0.018,0.0065,0.0081,0.0047,0.0014,0.0038,0.0031,0.0056,0.0111,0.0127,0.0138,0.0147,0.0119,0.0068,0.0148,0.0043,0.0077,0.0043,0.0056,0.0066,0.0105,0.0215
69,0.0,0.0,0.0,0.0,0.0,0.0,0.0,0.0,0.0,0.0,0.0,0.0,0.0,0.0,0.0,0.0,0.0,0.0,0.0,0.0,0.0,0.0,0.0,0.0,0.0,0.0,0.0,0.0,0.0,0.0,0.0,0.0,0.0,0.0,0.0,0.0,0.0,0.0,0.0,0.0,0.0,0.0,0.0,0.0,0.0,0.0,0.0,0.0,0.0,0.0,0.0,0.0,0.0,0.0,0.0,0.0,0.0,0.0,0.0,0.0,0.0,0.0,0.0,0.0,0.0,0.0,0.0,0.0,0.0,0.0,0.0,0.0,0.0,0.0,0.0,0.0,0.0,0.0,0.0,0.0,0.0,0.0,0.0,0.0,0.0,0.0,0.0,0.0,0.0,0.0,0.0,0.0,0.0,0.0,0.0,0.0,0.0,0.0,0.0,0.0,0.0,0.0,0.0,0.0,0.0,0.0,0.0,0.0,0.0,0.0,0.0,0.0,0.0,0.0,0.0,0.0,0.0,0.0,0.0,0.0
70,0.0,0.0,0.0,0.0,0.0,0.0,0.0,0.0,0.0,0.0,0.0,0.0,0.0,0.0,0.0,0.0,0.0,0.0,0.0,0.0,0.0,0.0,0.0,0.0,0.0,0.0,0.0,0.0,0.0,0.0,0.0,0.0,0.0,0.0,0.0,0.0,0.045,0.0322,0.0099,0.0364,0.0168,0.0059,0.0034,0.0193,0.0324,0.036,0.0215,0.0191,0.0121,0.0106,0.0097,0.0183,0.0,0.0345,0.0006,0.0046,0.0115,0.0056,0.0053,0.0078,0.0254,0.0057,0.0229,0.0194,0.0194,0.009,0.009,0.0064,0.0057,0.0152,0.0131,0.0235,0.0143,0.0161,0.0071,0.0098,0.0082,0.0055,0.002,0.0051,0.005,0.0077,0.0057,0.0093,0.0108,0.0054,0.0057,0.0067,0.0061,0.0084,0.005,0.0005,0.0071,0.0062,0.0128,0.0132,0.0128,0.0083,0.0,,,,0.0001,0.0026,0.0041,0.0025,0.0015,0.0101,0.005,0.0148,0.0115,0.0045,0.0121,0.0045,0.0041,0.0013,0.0056,0.0033,0.0136,0.0102
71,0.0,0.0,0.0,0.0,0.0,0.0,0.0,0.0,0.0,0.0,0.0,0.0,0.0,0.0,0.0,0.0,0.0,0.0,0.0,0.0,0.0,0.0,0.0,0.0,0.0,0.0,0.0,0.0,0.0,0.0,0.0,0.0,0.0,0.0,0.0,0.0,0.0354,0.0272,0.0105,0.032,0.017,0.0056,0.003,0.0201,0.0335,0.0358,0.024,0.0183,0.0084,0.0115,0.0102,0.0201,0.0,0.0298,0.0008,0.0043,0.011,0.0047,0.0043,0.0073,0.0292,0.0062,0.0248,0.0127,0.0062,0.008,0.0024,0.0064,0.0059,0.0154,0.0127,0.0249,0.0156,0.0168,0.0071,0.0095,0.0084,0.0058,0.0019,0.0054,0.005,0.0078,0.0052,0.0084,0.011,0.0048,0.0049,0.0068,0.0056,0.0078,0.0045,0.0005,0.0071,0.0055,0.0122,0.01,0.0126,0.0081,0.0048,0.0055,0.0014,0.0023,0.0005,0.0035,0.0042,0.0022,0.0014,0.007,0.0077,0.0112,0.0102,0.005,0.012,0.0044,0.0042,0.0014,0.0049,0.0027,0.0114,0.0095
72,0.0,0.0,0.0,0.0,0.0,0.0,0.0,0.0,0.0,0.0,0.0,0.0,0.0,0.0,0.0,0.0,0.0,0.0,0.0,0.0,0.0,0.0,0.0,0.0,0.0,0.0,0.0,0.0,0.0,0.0,0.0,0.0,0.0,0.0,0.0,0.0,0.0,0.0,0.0,0.0,0.0,0.0,0.0,0.0,0.0,0.0,0.0,0.0,0.0,0.0,0.0,0.0,0.0,0.0,0.0,0.0,0.0,0.0,0.0,0.0,0.0,0.0,0.0,0.0,0.0,0.0,0.0,0.0,0.0,0.0,0.0,0.0,0.0,0.0,0.0,0.0,0.0,0.0,0.0,0.0,0.0,0.0,0.0,0.0,0.0,0.0,0.0,0.0,0.0,0.0,0.0,0.0,0.0,0.0,0.0,0.0,0.0,0.0,0.0,0.0,0.0,0.0,0.0,0.0,0.0,0.0156,0.0025,0.0289,0.0123,0.0161,0.0181,0.0045,0.0111,0.0078,0.0052,0.002,0.0136,0.0102,0.0183,0.0119
73,0.0,0.0,0.0,0.0,0.0,0.0,0.0,0.0,0.0,0.0,0.0,0.0,0.0,0.0,0.0,0.0,0.0,0.0,0.0,0.0,0.0,0.0,0.0,0.0,0.0,0.0,0.0,0.0,0.0,0.0,0.0,0.0,0.0,0.0,0.0,0.0,0.0421,0.0442,0.0116,0.057,0.0216,0.0148,0.0076,0.0246,0.0383,0.0349,0.0919,0.0812,0.022,0.0129,0.0139,0.0209,0.0,0.0149,0.0024,0.0077,0.0152,0.01,0.0138,0.0145,0.0356,0.0173,0.0397,0.012,0.0069,0.0417,0.0028,0.011,0.0086,0.0157,0.0139,0.0284,0.02,0.0186,0.0157,0.0115,0.0092,0.0065,0.0026,0.005,0.0041,0.0086,0.0068,0.0119,0.0118,0.0077,0.0058,0.0094,0.0089,0.0118,0.0048,0.0011,0.0071,0.0063,0.0137,0.0113,0.0118,0.0101,0.0056,0.0052,0.002,0.0041,0.0012,0.0041,0.004,0.0024,0.0024,0.0176,0.0049,0.0124,0.0111,0.0116,0.016,0.005,0.0044,0.0026,0.0077,0.0044,0.0135,0.0105
74,0.0,0.0,0.0,0.0,0.0,0.0,0.0,0.0,0.0,0.0,0.0,0.0,0.0,0.0,0.0,0.0,0.0,0.0,0.0,0.0,0.0,0.0,0.0,0.0,0.0,0.0,0.0,0.0,0.0,0.0,0.0,0.0,0.0,0.0,0.0,0.0,0.0,0.0,0.0,0.0,0.0,0.0,0.0,0.0,0.0,0.0,0.0,0.0,0.0,0.0,0.0,0.0,0.0,0.0,0.0,0.0,0.0,0.0,0.0,0.0,0.0,0.0,0.0,0.0,0.0,0.0,0.0,0.0,0.0,0.0,0.0,0.0,0.0,0.0,0.0,0.0,0.0,0.0,0.0,0.0,0.0,0.0,0.0,0.0,0.0,0.0,0.0,0.0,0.0,0.0,0.0,0.0,0.0,0.0,0.0,0.0,0.0,0.0,0.0,0.0,0.0,0.0,0.0,0.0,0.0,0.0,0.0018,0.0,0.0,0.0,0.0,0.0,0.0,0.0,0.0,0.0,0.0,0.0,0.0,0.0
75,0.0,0.0,0.0,0.0,0.0,0.0,0.0,0.0,0.0,0.0,0.0,0.0,0.0,0.0,0.0,0.0,0.0,0.0,0.0,0.0,0.0,0.0,0.0,0.0,0.0,0.0,0.0,0.0,0.0,0.0,0.0,0.0,0.0,0.0,0.0,0.0,0.0,0.0,0.0,0.0,0.0,0.0,0.0,0.0,0.0,0.0,0.0,0.0,0.0,0.0,0.0,0.0,0.0,0.0,0.0,0.0,0.0,0.0,0.0,0.0,0.0,0.0,0.0,0.0,0.0,0.0,0.0,0.0,0.0,0.0,0.0,0.0,0.0,0.0,0.0,0.0,0.0,0.0,0.0,0.0,0.0,0.0,0.0,0.0,0.0,0.0,0.0,0.0,0.0,0.0,0.0,0.0,0.0,0.0,0.0,0.0,0.0,0.0,0.0,0.0,0.0,0.0,0.0,0.0,0.0,0.002,0.0,0.0075,0.005,0.0106,0.0146,0.0051,0.015,0.0031,0.0053,0.002,0.0075,0.0031,0.015,0.0079
76,0.0,0.0,0.0,0.0,0.0,0.0,0.0,0.0,0.0,0.0,0.0,0.0,0.0,0.0,0.0,0.0,0.0,0.0,0.0,0.0,0.0,0.0,0.0,0.0,0.0,0.0,0.0,0.0,0.0,0.0,0.0,0.0,0.0,0.0,0.0,0.0,0.0,0.0,0.0,0.0,0.0,0.0,0.0,0.0,0.0,0.0,0.0,0.0,0.0,0.0,0.0,0.0,0.0,0.0,0.0,0.0,0.0,0.0,0.0,0.0,0.0,0.0,0.0,0.0,0.0,0.0,0.0,0.0,0.0,0.0,0.0,0.0,0.0,0.0,0.0,0.0,0.0,0.0,0.0,0.0,0.0,0.0,0.0,0.0,0.0,0.0,0.0,0.0,0.0,0.0,0.0,0.0,0.0,0.0,0.0,0.0,0.0,0.0,0.0,0.0,0.0,0.0,0.0,0.0,0.0,0.0,0.0,0.0,0.0102,0.0092,0.0112,0.0045,0.0117,0.0053,0.0056,0.0014,0.0102,0.0034,0.0128,0.0093
77,0.0,0.0,0.0,0.0,0.0,0.0,0.0,0.0,0.0,0.0,0.0,0.0,0.0,0.0,0.0,0.0,0.0,0.0,0.0,0.0,0.0,0.0,0.0,0.0,0.0,0.0,0.0,0.0,0.0,0.0,0.0,0.0,0.0,0.0,0.0,0.0,0.0,0.0,0.0,0.0,0.0,0.0,0.0,0.0,0.0,0.0,0.0,0.0,0.0,0.0,0.0,0.0,0.0,0.0,0.0,0.0,0.0,0.0,0.0,0.0,0.0,0.0,0.0,0.0,0.0,0.0,0.0,0.0,0.0,0.0,0.0,0.0,0.0,0.0,0.0,0.0,0.0,0.0,0.0,0.0,0.0,0.0,0.0,0.0,0.0,0.0,0.0,0.0,0.0,0.0,0.0,0.0,0.0,0.0,0.0,0.0,0.0,0.0109,0.0103,0.0059,0.0069,0.0053,0.0005,0.0044,0.0032,0.0048,0.0032,0.018,0.0088,0.0193,0.0128,0.0065,0.0152,0.0053,0.0044,0.0023,0.0121,0.0093,0.0172,0.0168
78,0.0,0.0,0.0,0.0,0.0,0.0,0.0,0.0461,0.046,0.0216,0.0475,0.0177,0.0499,0.0365,0.0316,0.0587,0.0422,0.0236,0.0524,0.0517,0.0149,0.0311,0.0478,0.017,0.0285,0.0276,0.0,0.0103,,0.0181,,0.0126,0.0165,0.0174,0.0071,0.0284,0.0043,0.0095,0.0143,0.0142,0.0307,0.0261,0.0215,0.0442,0.0239,0.0121,0.0347,0.0268,0.0123,0.0099,0.0269,0.0601,0.0256,0.0229,0.0248,0.0176,0.0264,0.0233,0.0357,0.0479,0.0219,0.0285,0.0229,0.044,0.0261,0.0434,0.0351,0.004,0.0411,0.0,0.0301,0.0217,0.021,0.0188,0.0399,0.0237,0.035,0.0617,0.0271,0.0541,0.0297,0.0326,0.039,0.0324,0.014,0.0145,0.0205,0.0209,0.0265,0.047,0.0252,0.0496,0.0982,0.0167,0.0392,0.019,0.0277,0.0206,0.0524,0.0206,0.0242,0.0219,0.0217,0.0164,0.0142,0.0314,0.0113,0.043,0.0129,0.0363,0.042,0.0522,0.0374,0.0511,0.0173,0.0758,0.0315,0.0117,0.0572,0.0251
79,0.0,0.0,0.0,0.0,0.0,0.0,0.0,0.0,0.0,0.0,0.0,0.0,0.0,0.0,0.0,0.0,0.0,0.0,0.0,0.0,0.0,0.0,0.0,0.0,0.0,0.0,0.0,0.0,0.0,0.0,0.0,0.0,0.0,0.0,0.0,0.0,0.0029,0.0047,0.0064,0.0092,0.0,0.0147,0.0067,0.0282,0.017,0.0192,0.0156,0.0196,0.0112,,0.0103,0.0145,0.0,0.008,0.0048,0.0,0.0091,0.0064,0.0134,0.0248,0.0105,,0.0,0.0108,0.0104,0.0334,0.0142,0.0,0.0134,0.0066,0.0148,0.0152,0.0165,0.0122,0.0178,0.0098,0.0104,0.0362,0.005,0.0104,0.0024,0.0113,0.0174,0.0153,0.0067,0.0079,0.0109,0.0075,0.0058,0.0215,0.0103,0.0015,0.007,0.0085,0.0152,0.0164,0.0114,0.0163,0.0171,0.0056,0.007,0.0132,0.0051,0.0043,0.0147,0.0006,,0.0076,0.0094,0.0325,0.0217,0.004,0.0153,0.003,0.009,0.0071,0.0068,0.0012,0.0186,0.0119
80,0.0,0.0,0.0,0.0,0.0,0.0,0.0,0.0272,0.0311,0.0093,0.0324,0.0137,0.0379,0.0139,0.0255,0.0448,0.0322,0.0085,0.0398,0.0184,0.0078,0.0098,0.0444,0.0186,0.023,0.0261,0.0045,,,0.0183,,0.0061,0.0097,0.011,0.0026,0.0076,0.0,0.0,0.0,0.0,0.0,0.0,0.0,0.0,0.0,0.0,0.0,0.0,0.0,0.0,0.0,0.0,0.0131,0.0,0.0,0.0,0.0,0.0,0.0,0.0,0.0,0.0,0.0,0.0,0.0,0.0,0.0,0.0,0.0,0.0,0.0,0.0,0.0,0.0,0.0,0.0,0.0,0.0,0.0,0.0,0.0,0.0,0.0,0.0,0.0,0.0,0.0,0.0,0.0,0.0,0.0,0.0,0.0,0.0,0.0,0.0,0.0,0.0,0.0,0.0,0.0,0.0,0.0,0.0,0.0,0.0,0.0,0.0,0.0,0.0,0.0,0.0,0.0,0.0,0.0,0.0,0.0,0.0,0.0,0.0
81,0.0681,0.0112,0.0591,0.0152,0.0191,0.0212,0.006,0.0275,0.0158,0.0105,0.018,0.0061,0.0344,0.018,0.017,0.0319,0.0216,0.011,0.0359,0.0436,0.0063,0.0226,0.0323,,0.0175,0.0154,0.0018,,,0.0108,,0.0001,0.0162,0.008,0.0062,0.0296,0.0036,0.0053,0.0123,0.0077,0.0129,0.016,0.0118,0.027,0.019,0.0148,0.0195,0.0185,0.0123,,0.0112,0.0114,0.0125,0.0156,0.0146,0.0126,0.0128,0.014,0.0184,0.0343,0.0257,0.0167,0.0091,0.0187,0.0125,0.0281,0.0262,0.0213,0.0104,0.0116,0.0221,0.0133,0.0205,0.0163,0.0187,0.0213,0.0273,0.0401,0.0158,0.0381,0.0105,0.0194,0.0221,0.0158,0.0086,0.0121,0.0092,0.0127,0.0202,0.0346,0.0165,0.0005,0.0169,0.0121,0.0182,0.0161,0.0151,0.0134,0.0153,0.0149,0.0143,0.0245,0.0134,0.0154,0.01,0.0176,0.0043,0.0522,0.0171,0.0114,0.0077,0.0176,0.0167,0.0247,0.022,0.0132,,0.0053,,0.015
82,0.0,0.0,0.0,0.0,0.0,0.0,0.0,0.051,0.0586,0.0429,0.0628,0.0167,0.0556,0.0264,0.0461,0.1614,0.0522,0.0418,0.0416,0.0387,0.0255,0.0313,0.0607,0.0071,0.0277,0.0346,0.0123,,0.0012,0.0327,0.0159,0.0196,0.0874,0.1178,0.0113,0.0082,0.0061,0.0109,0.0202,0.0211,0.0346,0.0382,0.0308,0.0438,0.0367,0.0185,0.0559,0.0339,0.0184,0.0056,0.0143,0.034,0.0333,0.0454,0.0456,0.0476,0.0279,0.0457,0.0281,0.0837,0.0416,0.0401,0.0401,0.0333,0.0242,0.039,0.0273,0.0272,0.0343,0.0196,0.0749,0.041,0.0346,0.0224,0.0624,0.0741,0.0236,0.0613,0.0099,0.0238,0.0128,0.0271,,0.0,0.0159,0.0183,0.0215,0.0281,0.0241,0.0578,0.0205,0.0282,0.0373,0.0248,0.0363,0.0226,0.048,0.0478,0.0378,0.0242,0.0402,0.0385,0.0313,0.0154,0.0155,0.0613,0.0124,0.0805,0.0206,0.0367,0.0287,0.0225,0.0244,0.0349,0.027,0.0129,0.0251,0.0213,0.0458,0.0339
83,0.0,0.0,0.0,0.0,0.0,0.0,0.0,0.0,0.0,0.0,0.0,0.0,0.0,0.0,0.0,0.0,0.0,0.0,0.0,0.0,0.0,0.0,0.0,0.0,0.0,0.0,0.0,0.0,0.0,0.0,0.0,0.0,0.0,0.0,0.0,0.0,0.0,0.0,0.0,0.0,0.0,0.0,0.0,0.0,0.0,0.0,0.0,0.0,0.0,0.0,0.0,0.0,0.0,0.0,0.0,0.0,0.0,0.0,0.0,0.0,0.0,0.0,0.0,0.0,0.0,0.0,0.0,0.0,0.0,0.0,0.0,0.0,0.0,0.0,0.0,0.0,0.0,0.0,0.0,0.0,0.0,0.0,0.0,0.0,0.0,0.0,0.0,0.0,0.0,0.0,0.0,0.0,0.0,0.0,0.0,0.0,0.0,0.0,0.0184,0.0082,0.0093,0.0188,0.0085,0.0091,0.0116,0.0065,0.0048,0.0146,0.0127,0.0184,0.0145,0.0062,0.0107,0.0124,0.0194,0.0043,0.0177,0.0059,0.0242,0.0131
84,0.0,0.0,0.0,0.0,0.0,0.0,0.0,0.0,0.0,0.0,0.0,0.0,0.0,0.0,0.0,0.0,0.0,0.0,0.0,0.0,0.0,0.0,0.0,0.0,0.0,0.0,0.0,0.0,0.0,0.0,0.0,0.0,0.0,0.0,0.0,0.0,0.0,0.0,0.0,0.0,0.0,0.0,0.0,0.0,0.0,0.0,0.0,0.0,0.0,0.0,0.0,0.0,0.0,0.0,0.0,0.0,0.0,0.0,0.0,0.0,0.0,0.0,0.0,0.0,0.0,0.0,0.0,0.0,0.0,0.0,0.0,0.0,0.0,0.0,0.0,0.0,0.0,0.0,0.0,0.0,0.0,0.0753,0.0882,0.1517,0.0546,0.0967,0.0455,0.0473,0.0986,0.0555,0.0058,0.0581,0.0588,0.0463,0.08,0.137,0.1243,0.0888,0.0879,0.1789,0.0536,0.0747,0.0316,0.0097,0.0258,0.0169,0.0283,0.0932,0.0849,,0.0554,0.0387,0.035,0.0084,,0.0521,0.0189,0.0527,0.0436,0.0633
85,0.0572,0.0424,0.0756,0.0278,0.028,0.0166,0.0056,0.026,0.0207,0.0135,0.0427,0.0226,0.0464,0.0067,0.024,0.0365,0.0307,0.0146,0.0185,0.0186,0.0213,0.0144,0.0287,0.0255,0.0439,0.0281,0.0207,0.018,0.0217,0.0156,0.0146,0.0191,0.0097,0.0311,0.0086,0.0272,0.0338,0.0202,0.0145,0.0123,0.0144,0.0118,0.0133,0.0182,0.0105,0.0195,0.0162,0.0294,0.0113,0.014,0.0118,0.0133,0.014,0.0136,0.0103,0.0037,0.0154,0.0053,0.0154,0.0089,0.0134,0.0131,0.0113,0.0167,0.0072,0.0142,0.0074,0.0166,0.0094,0.011,0.0156,0.0157,0.0196,0.0157,0.0126,0.0117,0.1077,0.001,0.0024,0.0025,0.0045,0.0186,0.0131,0.015,0.017,0.0203,0.0131,0.0126,0.0123,0.0072,0.0075,0.0019,0.01,0.0238,0.02,0.0207,0.0192,0.0169,0.019,0.0106,,0.0093,0.0069,0.0049,0.0039,,,,0.0082,0.0112,0.0106,0.0056,0.0127,0.0067,0.0079,0.0017,0.0102,0.0053,0.0167,0.0127
86,0.0748,0.0542,0.0743,0.0271,0.0222,0.0158,0.0092,0.0242,0.0185,0.0137,0.0399,0.0269,0.0555,0.0167,0.0209,0.0339,0.027,0.0149,0.0295,0.0195,0.0196,0.0141,0.0262,0.0349,0.0481,0.0271,0.0191,0.0164,0.0212,0.0184,0.0052,0.0246,0.0163,0.0248,0.0182,0.0335,0.041,0.0193,0.0132,0.0137,0.0107,0.011,0.0154,0.0152,0.0115,0.0144,0.0125,0.0294,0.0143,0.0147,0.0126,0.013,0.0155,0.0108,0.0087,0.0038,0.0138,0.0079,0.0196,0.0114,0.0153,0.0132,0.0105,0.014,0.0091,0.0127,0.0077,0.0163,0.015,0.0114,0.0162,0.0137,0.0183,0.0177,0.0142,0.0158,0.1026,0.0012,0.0036,0.0066,0.0051,0.0214,0.0,0.0179,0.0199,0.0168,0.0148,0.0116,0.0093,0.0096,0.0128,0.0035,0.0,0.0,0.019,0.0183,0.0207,0.0148,0.017,0.0122,0.0065,0.013,0.0041,0.0048,0.0114,0.005,0.003,0.0128,0.0097,0.011,0.0117,0.0059,0.0145,0.0062,,0.0062,0.0121,0.0089,0.0175,0.0093
87,0.0519,0.0318,0.0616,0.0209,0.0163,0.0069,0.0054,0.0223,0.0139,0.0062,0.0295,0.0139,0.0246,0.0052,0.0068,0.0295,0.0284,0.0124,0.0093,0.0103,0.0129,0.0064,0.0139,0.0146,0.0252,0.0228,0.0148,0.0113,0.0212,0.0083,0.0239,0.0092,0.0064,0.0134,0.0048,0.0106,0.0143,0.021,0.0091,0.0162,0.0061,0.0082,0.0114,0.0145,0.0079,0.0145,0.0074,0.0191,0.0115,0.0084,0.0112,0.0139,0.0132,0.01,0.0091,0.0048,0.0099,0.0053,0.0088,0.0065,0.007,0.0062,0.0087,0.0119,0.0056,0.0094,0.0031,0.0115,0.0063,0.0055,0.0047,0.0055,0.0109,0.0128,0.0085,0.005,0.0616,0.0019,0.002,0.0055,0.0006,0.0,0.0069,0.0,0.0,0.0092,0.0081,0.0089,0.0052,0.0055,0.0037,0.0016,0.0077,0.0097,0.0087,0.0088,0.0083,0.0,0.0102,0.0058,0.0123,0.0059,0.0017,0.0026,0.0043,0.0017,0.0016,0.0049,0.005,0.0071,0.0066,0.0038,0.0092,0.0045,0.0042,0.0013,,0.0037,0.0084,0.0177
88,0.0,0.0,0.0,0.0,0.0,0.0,0.0,0.0,0.0,0.0,0.0,0.0,0.0,0.0,0.0,0.0,0.0,0.0,0.0,0.0,0.0,0.0,0.0,0.0,0.0,0.0,0.0,0.0,0.0,0.0,0.0,0.0,0.0,0.0,0.0,0.0,0.0,0.0,0.0,0.0,0.0,0.0,0.0,0.0,0.0,0.0,0.0,0.0,0.0,0.0,0.0,0.0,0.0,0.0,0.0,0.0,0.0,0.0,0.0,0.0,0.0,0.0,0.0,0.0,0.0,0.0,0.0,0.0,0.0,0.0,0.0,0.0,0.0,0.0,0.0,0.0,0.0,0.0,0.0,0.0,0.0,0.0,0.0,0.0,0.0,0.0,0.0,0.0,0.0,0.0,0.0,0.0,0.0,0.0,0.0,0.0,0.0145,0.0129,0.0197,0.0106,0.0118,0.0114,0.0083,0.0059,0.0051,0.0098,0.0021,,0.0077,,,0.0071,0.0222,0.0088,0.0063,0.0027,0.0124,0.0104,0.0113,0.0071
89,0.0443,0.035,0.0325,0.0368,0.0411,0.0386,0.0095,0.0,0.0,0.0,0.0,0.0,0.0,0.0,0.0,0.0,0.0,0.0,0.0,0.0,0.0,0.0,0.0,0.0,0.0,0.0,0.0,0.0,0.0,0.0,0.0,0.0,0.0,0.0,0.0,0.0,0.0,0.0,0.0,0.0,0.0,0.0,0.0,0.0,0.0,0.0,0.0,0.0,0.0,0.0,0.0,0.0,0.0,0.0,0.0,0.0,0.0,0.0,0.0,0.0,0.0,0.0,0.0,0.0,0.0,0.0,0.0,0.0,0.0,0.0,0.0,0.0,0.0,0.0,0.0,0.0,0.0,0.0,0.0,0.0,0.0,0.0,0.0,0.0,0.0,0.0,0.0,0.0,0.0,0.0,0.0,0.0,0.0,0.0,0.0,0.0,0.0,0.0,0.0,0.0,0.0,0.0,0.0,0.0,0.0,0.0,0.0,0.0,0.0,0.0,0.0,0.0,0.0,0.0,0.0,0.0,0.0,0.0,0.0,0.0
90,0.0357,0.0273,0.0361,0.0378,0.0466,0.0573,0.0068,0.0,0.0,0.0,0.0,0.0,0.0,0.0,0.0,0.0,0.0,0.0,0.0,0.0,0.0,0.0,0.0,0.0,0.0,0.0,0.0,0.0,0.0,0.0,0.0,0.0,0.0,0.0,0.0,0.0,0.0,0.0,0.0,0.0,0.0,0.0,0.0,0.0,0.0,0.0,0.0,0.0,0.0,0.0,0.0,0.0,0.0,0.0,0.0,0.0,0.0,0.0,0.0,0.0,0.0,0.0,0.0,0.0,0.0,0.0,0.0,0.0,0.0,0.0,0.0,0.0,0.0,0.0,0.0,0.0,0.0,0.0,0.0,0.0,0.0,0.0,0.0,0.0,0.0,0.0,0.0,0.0,0.0,0.0,0.0,0.0,0.0,0.0,0.0,0.0,0.0,0.0,0.0,0.0,0.0,0.0,0.0,0.0,0.0,0.0,0.0,0.0,0.0,0.0,0.0,0.0,0.0,0.0,0.0,0.0,0.0,0.0,0.0,0.0
91,0.0427,0.0288,0.0,0.0,0.0,0.0,0.0,0.0,0.0,0.0,0.0,0.0,0.0,0.0,0.0,0.0,0.0,0.0,0.0,0.0,0.0,0.0,0.0,0.0,0.0,0.0,0.0,0.0,0.0,0.0,0.0,0.0,0.0,0.0,0.0,0.0,0.0,0.0,0.0,0.0,0.0,0.0,0.0,0.0,0.0,0.0,0.0,0.0,0.0,0.0,0.0,0.0,0.0,0.0,0.0,0.0,0.0,0.0,0.0,0.0,0.0,0.0,0.0,0.0,0.0,0.0,0.0,0.0,0.0,0.0,0.0,0.0,0.0,0.0,0.0,0.0,0.0,0.0,0.0,0.0,0.0,0.0,0.0,0.0,0.0,0.0,0.0,0.0,0.0,0.0,0.0,0.0,0.0,0.0,0.0,0.0,0.0,0.0,0.0,0.0,0.0,0.0,0.0,0.0,0.0,0.0,0.0,0.0,0.0,0.0,0.0,0.0,0.0,0.0,0.0,0.0,0.0,0.0,0.0,0.0
92,0.0508,0.0308,0.0769,0.034,0.0189,0.0177,0.004,0.0207,0.0,0.0,0.0,0.0,0.0,0.0,0.0,0.0,0.0,0.0,0.0,0.0,0.0,0.0,0.0,0.0,0.0,0.0,0.0,0.0,0.0,0.0,0.0,0.0,0.0,0.0,0.0,0.0,0.0,0.0,0.0,0.0,0.0,0.0,0.0,0.0,0.0,0.0,0.0,0.0,0.0,0.0,0.0,0.0,0.0,0.0,0.0,0.0,0.0,0.0,0.0,0.0,0.0,0.0,0.0,0.0,0.0,0.0,0.0,0.0,0.0,0.0,0.0,0.0,0.0,0.0,0.0,0.0,0.0,0.0,0.0,0.0,0.0,0.0,0.0,0.0,0.0,0.0,0.0,0.0,0.0,0.0,0.0,0.0,0.0,0.0,0.0,0.0,0.0,0.0,0.0,0.0,0.0,0.0,0.0,0.0,0.0,0.0,0.0,0.0,0.0,0.0,0.0,0.0,0.0,0.0,0.0,0.0,0.0,0.0,0.0,0.0
93,0.0515,0.0334,0.0,0.0,0.0,0.0,0.0,0.0,0.0,0.0,0.0,0.0,0.0,0.0,0.0,0.0,0.0,0.0,0.0,0.0,0.0,0.0,0.0,0.0,0.0,0.0,0.0,0.0,0.0,0.0,0.0,0.0,0.0,0.0,0.0,0.0,0.0,0.0,0.0,0.0,0.0,0.0,0.0,0.0,0.0,0.0,0.0,0.0,0.0,0.0,0.0,0.0,0.0,0.0,0.0,0.0,0.0,0.0,0.0,0.0,0.0,0.0,0.0,0.0,0.0,0.0,0.0,0.0,0.0,0.0,0.0,0.0,0.0,0.0,0.0,0.0,0.0,0.0,0.0,0.0,0.0,0.0,0.0,0.0,0.0,0.0,0.0,0.0,0.0,0.0,0.0,0.0,0.0,0.0,0.0,0.0,0.0,0.0,0.0,0.0,0.0,0.0,0.0,0.0,0.0,0.0,0.0,0.0,0.0,0.0,0.0,0.0,0.0,0.0,0.0,0.0,0.0,0.0,0.0,0.0
94,0.0454,0.0386,0.1069,0.0304,0.0201,0.0146,0.004,0.0231,0.0,0.0,0.0,0.0,0.0,0.0,0.0,0.0,0.0,0.0,0.0,0.0,0.0,0.0,0.0,0.0,0.0,0.0,0.0,0.0,0.0,0.0,0.0,0.0,0.0,0.0,0.0,0.0,0.0,0.0,0.0,0.0,0.0,0.0,0.0,0.0,0.0,0.0,0.0,0.0,0.0,0.0,0.0,0.0,0.0,0.0,0.0,0.0,0.0,0.0,0.0,0.0,0.0,0.0,0.0,0.0,0.0,0.0,0.0,0.0,0.0,0.0,0.0,0.0,0.0,0.0,0.0,0.0,0.0,0.0,0.0,0.0,0.0,0.0,0.0,0.0,0.0,0.0,0.0,0.0,0.0,0.0,0.0,0.0,0.0,0.0,0.0,0.0,0.0,0.0,0.0,0.0,0.0,0.0,0.0,0.0,0.0,0.0,0.0,0.0,0.0,0.0,0.0,0.0,0.0,0.0,0.0,0.0,0.0,0.0,0.0,0.0
95,0.0616,0.0535,0.157,0.0853,0.0514,0.03,0.2994,0.0845,0.045,0.0,0.0,0.0,0.0,0.0,0.0,0.0,0.0,0.0,0.0,0.0,0.0,0.0,0.0,0.0,0.0,0.0,0.0,0.0,0.0,0.0,0.0,0.0,0.0,0.0,0.0,0.0,0.0,0.0,0.0,0.0,0.0,0.0,0.0,0.0,0.0,0.0,0.0,0.0,0.0,0.0,0.0,0.0,0.0,0.0,0.0,0.0,0.0,0.0,0.0,0.0,0.0,0.0,0.0,0.0,0.0,0.0,0.0,0.0,0.0,0.0,0.0,0.0,0.0,0.0,0.0,0.0,0.0,0.0,0.0,0.0,0.0,0.0,0.0,0.0,0.0,0.0,0.0,0.0,0.0,0.0,0.0,0.0,0.0,0.0,0.0,0.0,0.0,0.0,0.0,0.0,0.0,0.0,0.0,0.0,0.0,0.0,0.0,0.0,0.0,0.0,0.0,0.0,0.0,0.0,0.0,0.0,0.0,0.0,0.0,0.0
96,0.0769,0.0462,0.0862,0.0351,0.0356,0.0255,0.0082,0.0343,0.0309,0.0,0.0,0.0,0.0,0.0,0.0,0.0,0.0,0.0,0.0,0.0,0.0,0.0,0.0,0.0,0.0,0.0,0.0,0.0,0.0,0.0,0.0,0.0,0.0,0.0,0.0,0.0,0.0,0.0,0.0,0.0,0.0,0.0,0.0,0.0,0.0,0.0,0.0,0.0,0.0,0.0,0.0,0.0,0.0,0.0,0.0,0.0,0.0,0.0,0.0,0.0,0.0,0.0,0.0,0.0,0.0,0.0,0.0,0.0,0.0,0.0,0.0,0.0,0.0,0.0,0.0,0.0,0.0,0.0,0.0,0.0,0.0,0.0,0.0,0.0,0.0,0.0,0.0,0.0,0.0,0.0,0.0,0.0,0.0,0.0,0.0,0.0,0.0,0.0,0.0,0.0,0.0,0.0,0.0,0.0,0.0,0.0,0.0,0.0,0.0,0.0,0.0,0.0,0.0,0.0,0.0,0.0,0.0,0.0,0.0,0.0
97,0.0581,0.0349,0.0776,0.0303,0.0314,0.0211,0.0069,0.0344,0.0238,0.0,0.0,0.0,0.0,0.0,0.0,0.0,0.0,0.0,0.0,0.0,0.0,0.0,0.0,0.0,0.0,0.0,0.0,0.0,0.0,0.0,0.0,0.0,0.0,0.0,0.0,0.0,0.0,0.0,0.0,0.0,0.0,0.0,0.0,0.0,0.0,0.0,0.0,0.0,0.0,0.0,0.0,0.0,0.0,0.0,0.0,0.0,0.0,0.0,0.0,0.0,0.0,0.0,0.0,0.0,0.0,0.0,0.0,0.0,0.0,0.0,0.0,0.0,0.0,0.0,0.0,0.0,0.0,0.0,0.0,0.0,0.0,0.0,0.0,0.0,0.0,0.0,0.0,0.0,0.0,0.0,0.0,0.0,0.0,0.0,0.0,0.0,0.0,0.0,0.0,0.0,0.0,0.0,0.0,0.0,0.0,0.0,0.0,0.0,0.0,0.0,0.0,0.0,0.0,0.0,0.0,0.0,0.0,0.0,0.0,0.0
98,0.0453,0.0366,0.0736,0.0338,0.034,0.0185,0.0072,0.0362,0.021,0.0,0.0,0.0,0.0,0.0,0.0,0.0,0.0,0.0,0.0,0.0,0.0,0.0,0.0,0.0,0.0,0.0,0.0,0.0,0.0,0.0,0.0,0.0,0.0,0.0,0.0,0.0,0.0,0.0,0.0,0.0,0.0,0.0,0.0,0.0,0.0,0.0,0.0,0.0,0.0,0.0,0.0,0.0,0.0,0.0,0.0,0.0,0.0,0.0,0.0,0.0,0.0,0.0,0.0,0.0,0.0,0.0,0.0,0.0,0.0,0.0,0.0,0.0,0.0,0.0,0.0,0.0,0.0,0.0,0.0,0.0,0.0,0.0,0.0,0.0,0.0,0.0,0.0,0.0,0.0,0.0,0.0,0.0,0.0,0.0,0.0,0.0,0.0,0.0,0.0,0.0,0.0,0.0,0.0,0.0,0.0,0.0,0.0,0.0,0.0,0.0,0.0,0.0,0.0,0.0,0.0,0.0,0.0,0.0,0.0,0.0
99,0.074,0.0,0.0,0.0,0.0,0.0,0.0,0.0,0.0,0.0,0.0,0.0,0.0,0.0,0.0,0.0,0.0,0.0,0.0,0.0,0.0,0.0,0.0,0.0,0.0,0.0,0.0,0.0,0.0,0.0,0.0,0.0,0.0,0.0,0.0,0.0,0.0,0.0,0.0,0.0,0.0,0.0,0.0,0.0,0.0,0.0,0.0,0.0,0.0,0.0,0.0,0.0,0.0,0.0,0.0,0.0,0.0,0.0,0.0,0.0,0.0,0.0,0.0,0.0,0.0,0.0,0.0,0.0,0.0,0.0,0.0,0.0,0.0,0.0,0.0,0.0,0.0,0.0,0.0,0.0,0.0,0.0,0.0,0.0,0.0,0.0,0.0,0.0,0.0,0.0,0.0,0.0,0.0,0.0,0.0,0.0,0.0,0.0,0.0,0.0,0.0,0.0,0.0,0.0,0.0,0.0,0.0,0.0,0.0,0.0,0.0,0.0,0.0,0.0,0.0,0.0,0.0,0.0,0.0,0.0
100,0.1072,0.0,0.0,0.0,0.0,0.0,0.0,0.0,0.0,0.0,0.0,0.0,0.0,0.0,0.0,0.0,0.0,0.0,0.0,0.0,0.0,0.0,0.0,0.0,0.0,0.0,0.0,0.0,0.0,0.0,0.0,0.0,0.0,0.0,0.0,0.0,0.0,0.0,0.0,0.0,0.0,0.0,0.0,0.0,0.0,0.0,0.0,0.0,0.0,0.0,0.0,0.0,0.0,0.0,0.0,0.0,0.0,0.0,0.0,0.0,0.0,0.0,0.0,0.0,0.0,0.0,0.0,0.0,0.0,0.0,0.0,0.0,0.0,0.0,0.0,0.0,0.0,0.0,0.0,0.0,0.0,0.0,0.0,0.0,0.0,0.0,0.0,0.0,0.0,0.0,0.0,0.0,0.0,0.0,0.0,0.0,0.0,0.0,0.0,0.0,0.0,0.0,0.0,0.0,0.0,0.0,0.0,0.0,0.0,0.0,0.0,0.0,0.0,0.0,0.0,0.0,0.0,0.0,0.0,0.0
101,0.3026,0.0,0.0,0.0,0.0,0.0,0.0,0.0,0.0,0.0,0.0,0.0,0.0,0.0,0.0,0.0,0.0,0.0,0.0,0.0,0.0,0.0,0.0,0.0,0.0,0.0,0.0,0.0,0.0,0.0,0.0,0.0,0.0,0.0,0.0,0.0,0.0,0.0,0.0,0.0,0.0,0.0,0.0,0.0,0.0,0.0,0.0,0.0,0.0,0.0,0.0,0.0,0.0,0.0,0.0,0.0,0.0,0.0,0.0,0.0,0.0,0.0,0.0,0.0,0.0,0.0,0.0,0.0,0.0,0.0,0.0,0.0,0.0,0.0,0.0,0.0,0.0,0.0,0.0,0.0,0.0,0.0,0.0,0.0,0.0,0.0,0.0,0.0,0.0,0.0,0.0,0.0,0.0,0.0,0.0,0.0,0.0,0.0,0.0,0.0,0.0,0.0,0.0,0.0,0.0,0.0,0.0,0.0,0.0,0.0,0.0,0.0,0.0,0.0,0.0,0.0,0.0,0.0,0.0,0.0
102,0.1252,0.0,0.0,0.0,0.0,0.0,0.0,0.0,0.0,0.0,0.0,0.0,0.0,0.0,0.0,0.0,0.0,0.0,0.0,0.0,0.0,0.0,0.0,0.0,0.0,0.0,0.0,0.0,0.0,0.0,0.0,0.0,0.0,0.0,0.0,0.0,0.0,0.0,0.0,0.0,0.0,0.0,0.0,0.0,0.0,0.0,0.0,0.0,0.0,0.0,0.0,0.0,0.0,0.0,0.0,0.0,0.0,0.0,0.0,0.0,0.0,0.0,0.0,0.0,0.0,0.0,0.0,0.0,0.0,0.0,0.0,0.0,0.0,0.0,0.0,0.0,0.0,0.0,0.0,0.0,0.0,0.0,0.0,0.0,0.0,0.0,0.0,0.0,0.0,0.0,0.0,0.0,0.0,0.0,0.0,0.0,0.0,0.0,0.0,0.0,0.0,0.0,0.0,0.0,0.0,0.0,0.0,0.0,0.0,0.0,0.0,0.0,0.0,0.0,0.0,0.0,0.0,0.0,0.0,0.0
103,0.1063,0.0,0.0,0.0,0.0,0.0,0.0,0.0,0.0,0.0,0.0,0.0,0.0,0.0,0.0,0.0,0.0,0.0,0.0,0.0,0.0,0.0,0.0,0.0,0.0,0.0,0.0,0.0,0.0,0.0,0.0,0.0,0.0,0.0,0.0,0.0,0.0,0.0,0.0,0.0,0.0,0.0,0.0,0.0,0.0,0.0,0.0,0.0,0.0,0.0,0.0,0.0,0.0,0.0,0.0,0.0,0.0,0.0,0.0,0.0,0.0,0.0,0.0,0.0,0.0,0.0,0.0,0.0,0.0,0.0,0.0,0.0,0.0,0.0,0.0,0.0,0.0,0.0,0.0,0.0,0.0,0.0,0.0,0.0,0.0,0.0,0.0,0.0,0.0,0.0,0.0,0.0,0.0,0.0,0.0,0.0,0.0,0.0,0.0,0.0,0.0,0.0,0.0,0.0,0.0,0.0,0.0,0.0,0.0,0.0,0.0,0.0,0.0,0.0,0.0,0.0,0.0,0.0,0.0,0.0
104,0.1124,0.0485,0.1443,0.059,0.0695,0.0318,0.0,0.0,0.0,0.0,0.0,0.0,0.0,0.0,0.0,0.0,0.0,0.0,0.0,0.0,0.0,0.0,0.0,0.0,0.0,0.0,0.0,0.0,0.0,0.0,0.0,0.0,0.0,0.0,0.0,0.0,0.0,0.0,0.0,0.0,0.0,0.0,0.0,0.0,0.0,0.0,0.0,0.0,0.0,0.0,0.0,0.0,0.0,0.0,0.0,0.0,0.0,0.0,0.0,0.0,0.0,0.0,0.0,0.0,0.0,0.0,0.0,0.0,0.0,0.0,0.0,0.0,0.0,0.0,0.0,0.0,0.0,0.0,0.0,0.0,0.0,0.0,0.0,0.0,0.0,0.0,0.0,0.0,0.0,0.0,0.0,0.0,0.0,0.0,0.0,0.0,0.0,0.0,0.0,0.0,0.0,0.0,0.0,0.0,0.0,0.0,0.0,0.0,0.0,0.0,0.0,0.0,0.0,0.0,0.0,0.0,0.0,0.0,0.0,0.0
105,0.0629,0.0549,0.1053,0.0399,0.0517,0.0317,0.041,0.0,0.0,0.0,0.0,0.0,0.0,0.0,0.0,0.0,0.0,0.0,0.0,0.0,0.0,0.0,0.0,0.0,0.0,0.0,0.0,0.0,0.0,0.0,0.0,0.0,0.0,0.0,0.0,0.0,0.0,0.0,0.0,0.0,0.0,0.0,0.0,0.0,0.0,0.0,0.0,0.0,0.0,0.0,0.0,0.0,0.0,0.0,0.0,0.0,0.0,0.0,0.0,0.0,0.0,0.0,0.0,0.0,0.0,0.0,0.0,0.0,0.0,0.0,0.0,0.0,0.0,0.0,0.0,0.0,0.0,0.0,0.0,0.0,0.0,0.0,0.0,0.0,0.0,0.0,0.0,0.0,0.0,0.0,0.0,0.0,0.0,0.0,0.0,0.0,0.0,0.0,0.0,0.0,0.0,0.0,0.0,0.0,0.0,0.0,0.0,0.0,0.0,0.0,0.0,0.0,0.0,0.0,0.0,0.0,0.0,0.0,0.0,0.0
106,0.1143,0.1038,0.0585,0.079,0.0497,0.0506,0.0082,0.0,0.0,0.0,0.0,0.0,0.0,0.0,0.0,0.0,0.0,0.0,0.0,0.0,0.0,0.0,0.0,0.0,0.0,0.0,0.0,0.0,0.0,0.0,0.0,0.0,0.0,0.0,0.0,0.0,0.0,0.0,0.0,0.0,0.0,0.0,0.0,0.0,0.0,0.0,0.0,0.0,0.0,0.0,0.0,0.0,0.0,0.0,0.0,0.0,0.0,0.0,0.0,0.0,0.0,0.0,0.0,0.0,0.0,0.0,0.0,0.0,0.0,0.0,0.0,0.0,0.0,0.0,0.0,0.0,0.0,0.0,0.0,0.0,0.0,0.0,0.0,0.0,0.0,0.0,0.0,0.0,0.0,0.0,0.0,0.0,0.0,0.0,0.0,0.0,0.0,0.0,0.0,0.0,0.0,0.0,0.0,0.0,0.0,0.0,0.0,0.0,0.0,0.0,0.0,0.0,0.0,0.0,0.0,0.0,0.0,0.0,0.0,0.0
107,0.0444,0.023,0.0713,0.0387,0.01,0.0073,0.0016,0.0165,0.0179,0.0179,0.0361,0.0075,0.0314,0.0078,0.0168,0.0246,0.0037,0.0149,0.0285,0.0218,0.0147,0.0128,0.0272,0.01,0.0,0.0,0.0,0.0,0.0,0.0,0.0,0.0,0.0,0.0,0.0,0.0,0.0,0.0,0.0,0.0,0.0,0.0,0.0,0.0,0.0,0.0,0.0,0.0,0.0,0.0,0.0,0.0,0.0,0.0,0.0,0.0,0.0,0.0,0.0,0.0,0.0,0.0,0.0,0.0,0.0,0.0,0.0,0.0,0.0,0.0,0.0,0.0,0.0,0.0,0.0,0.0,0.0,0.0,0.0,0.0,0.0,0.0,0.0,0.0,0.0,0.0,0.0,0.0,0.0,0.0,0.0,0.0,0.0,0.0,0.0,0.0,0.0,0.0,0.0,0.0,0.0,0.0,0.0,0.0,0.0,0.0,0.0,0.0,0.0,0.0,0.0,0.0,0.0,0.0,0.0,0.0,0.0,0.0,0.0,0.0
108,0.0,0.0,0.0,0.0,0.0,0.0,0.0,0.0,0.0,0.0,0.0,0.0,0.0,0.0,0.0,0.0,0.0,0.0,0.0,0.0,0.0,0.0,0.0,0.0,0.0237,0.0361,0.0194,0.0107,0.0153,0.0113,0.0159,0.0081,0.0119,0.0216,0.0131,0.0278,0.0,0.0,0.0,0.0,0.0,0.0,0.0,0.0,0.0,0.0,0.0,0.0,0.0,0.0,0.0,0.0,0.0,0.0,0.0,0.0,0.0,0.0,0.0,0.0,0.0,0.0,0.0,0.0,0.0,0.0,0.0,0.0,0.0,0.0,0.0,0.0,0.0,0.0,0.0,0.0,0.0,0.0,0.0,0.0,0.0,0.0,0.0,0.0,0.0,0.0,0.0,0.0,0.0,0.0,0.0,0.0,0.0,0.0,0.0,0.0,0.0,0.0,0.0,0.0,0.0,0.0,0.0,0.0,0.0,0.0,0.0,0.0,0.0,0.0,0.0,0.0,0.0,0.0,0.0,0.0,0.0,0.0,0.0,0.0
109,0.0404,0.0206,0.0501,0.0451,0.0145,0.0068,0.0,0.0,0.0,0.0,0.0,0.0,0.0,0.0,0.0,0.0,0.0,0.0167,0.0311,0.0228,0.0144,0.0123,0.0246,0.0097,0.0234,0.0342,0.0201,0.0097,0.0163,0.0124,0.0157,0.0075,0.0097,0.0215,0.0125,0.0284,0.0,0.0,0.0,0.0,0.0,0.0,0.0,0.0,0.0,0.0,0.0,0.0,0.0,0.0,0.0,0.0,0.0,0.0,0.0,0.0,0.0,0.0,0.0,0.0,0.0,0.0,0.0,0.0,0.0,0.0,0.0,0.0,0.0,0.0,0.0,0.0,0.0,0.0,0.0,0.0,0.0,0.0,0.0,0.0,0.0,0.0,0.0,0.0,0.0,0.0,0.0,0.0,0.0,0.0,0.0,0.0,0.0,0.0,0.0,0.0,0.0,0.0,0.0,0.0,0.0,0.0,0.0,0.0,0.0,0.0,0.0,0.0,0.0,0.0,0.0,0.0,0.0,0.0,0.0,0.0,0.0,0.0,0.0,0.0
110,0.0682,0.0162,0.1004,0.0307,0.0591,0.0415,0.0219,0.0,0.0,0.0,0.0,0.0,0.0,0.0,0.0,0.0,0.0,0.0,0.0,0.0,0.0,0.0,0.0,0.0,0.0,0.0,0.0,0.0,0.0,0.0,0.0,0.0,0.0,0.0,0.0,0.0,0.0,0.0,0.0,0.0,0.0,0.0,0.0,0.0,0.0,0.0,0.0,0.0,0.0,0.0,0.0,0.0,0.0,0.0,0.0,0.0,0.0,0.0,0.0,0.0,0.0,0.0,0.0,0.0,0.0,0.0,0.0,0.0,0.0,0.0,0.0,0.0,0.0,0.0,0.0,0.0,0.0,0.0,0.0,0.0,0.0,0.0,0.0,0.0,0.0,0.0,0.0,0.0,0.0,0.0,0.0,0.0,0.0,0.0,0.0,0.0,0.0,0.0,0.0,0.0,0.0,0.0,0.0,0.0,0.0,0.0,0.0,0.0,0.0,0.0,0.0,0.0,0.0,0.0,0.0,0.0,0.0,0.0,0.0,0.0
111,0.0475,0.0097,0.0889,0.0249,0.0292,0.0096,0.0032,0.0,0.0,0.0,0.0,0.0,0.0,0.0,0.0,0.0,0.0,0.0,0.0,0.0,0.0,0.0,0.0,0.0,0.0,0.0,0.0,0.0,0.0,0.0,0.0,0.0,0.0,0.0,0.0,0.0,0.0,0.0,0.0,0.0,0.0,0.0,0.0,0.0,0.0,0.0,0.0,0.0,0.0,0.0,0.0,0.0,0.0,0.0,0.0,0.0,0.0,0.0,0.0,0.0,0.0,0.0,0.0,0.0,0.0,0.0,0.0,0.0,0.0,0.0,0.0,0.0,0.0,0.0,0.0,0.0,0.0,0.0,0.0,0.0,0.0,0.0,0.0,0.0,0.0,0.0,0.0,0.0,0.0,0.0,0.0,0.0,0.0,0.0,0.0,0.0,0.0,0.0,0.0,0.0,0.0,0.0,0.0,0.0,0.0,0.0,0.0,0.0,0.0,0.0,0.0,0.0,0.0,0.0,0.0,0.0,0.0,0.0,0.0,0.0
112,0.0585,0.0192,0.1094,0.0318,0.0425,0.0234,0.009,0.0,0.0,0.0,0.0,0.0,0.0,0.0,0.0,0.0,0.0,0.0,0.0,0.0,0.0,0.0,0.0,0.0,0.0,0.0,0.0,0.0,0.0,0.0,0.0,0.0,0.0,0.0,0.0,0.0,0.0,0.0,0.0,0.0,0.0,0.0,0.0,0.0,0.0,0.0,0.0,0.0,0.0,0.0,0.0,0.0,0.0,0.0,0.0,0.0,0.0,0.0,0.0,0.0,0.0,0.0,0.0,0.0,0.0,0.0,0.0,0.0,0.0,0.0,0.0,0.0,0.0,0.0,0.0,0.0,0.0,0.0,0.0,0.0,0.0,0.0,0.0,0.0,0.0,0.0,0.0,0.0,0.0,0.0,0.0,0.0,0.0,0.0,0.0,0.0,0.0,0.0,0.0,0.0,0.0,0.0,0.0,0.0,0.0,0.0,0.0,0.0,0.0,0.0,0.0,0.0,0.0,0.0,0.0,0.0,0.0,0.0,0.0,0.0
평균,0.03577053571428572,0.021569642857142857,0.039549999999999995,0.020530357142857145,0.022324107142857146,0.017865178571428574,0.010574107142857144,0.015099999999999999,0.013311607142857144,0.009416964285714285,0.016501785714285712,0.014041964285714286,0.023055357142857145,0.009740178571428572,0.01350982142857143,0.02490892857142857,0.016254464285714285,0.009142857142857144,0.014814285714285714,0.009092857142857142,0.010680357142857144,0.009474999999999999,0.014825892857142855,0.01432252252252252,0.01799910714285714,0.019980357142857143,0.011852678571428573,0.009972477064220185,0.012832110091743119,0.011705357142857142,0.00676605504587156,0.008183035714285714,0.006794642857142858,0.010980357142857142,0.005214285714285715,0.013480357142857143,0.012520535714285713,0.012441964285714285,0.010262499999999999,0.011879464285714287,0.010289285714285714,0.011470535714285714,0.007973214285714287,0.010777678571428572,0.014370535714285716,0.010926785714285712,0.010987499999999999,0.014843750000000001,0.009825892857142856,0.008895454545454545,0.009191964285714284,0.010176785714285716,0.010567857142857144,0.008908035714285714,0.008105357142857142,0.004821428571428571,0.008344642857142858,0.007313392857142857,0.010241964285714287,0.010720535714285714,0.010232142857142856,0.010362162162162162,0.008104464285714286,0.007989285714285714,0.007469642857142857,0.007301785714285715,0.0077618181818181805,0.005683035714285714,0.0051625,0.008195535714285714,0.013366964285714286,0.010470535714285715,0.014251785714285715,0.012146428571428572,0.012286607142857144,0.0076125,0.012649999999999998,0.009416071428571428,0.005416071428571429,0.005934821428571429,0.004901785714285714,0.009141071428571429,0.011928181818181819,0.01481875,0.013534234234234235,0.012715178571428573,0.010310714285714284,0.010246428571428573,0.009049107142857143,0.012903571428571427,0.009958035714285714,0.007292857142857143,0.009324107142857141,0.010321428571428573,0.014348214285714285,0.014496428571428572,0.0155,0.011879464285714287,0.016900000000000002,0.010877272727272727,0.014343636363636364,0.011988990825688073,0.006812727272727272,0.004507272727272728,0.005904504504504505,0.006026363636363637,0.005538181818181818,0.013465454545454546,0.011726785714285716,0.013930909090909091,0.012336363636363637,0.006644144144144145,0.011336936936936937,0.006138738738738739,0.009477064220183486,0.010090090090090091,0.009457798165137614,0.009040909090909093,0.014172972972972972,0.013851818181818182
