STD_YYYYMM,SIDO,GEN,AGG,CNT,CNT_SUM,AVG_PM2.5
201501,서울특별시,1,0,190,377167,25.0
201502,서울특별시,1,0,164,391955,30.0
201503,서울특별시,1,0,271,456140,30.0
201504,서울특별시,1,0,253,429844,21.0
201505,서울특별시,1,0,212,320863,22.0
201506,서울특별시,1,0,136,204456,20.0
201507,서울특별시,1,0,170,200585,19.0
201508,서울특별시,1,0,276,279175,22.0
201509,서울특별시,1,0,311,490028,16.0
201510,서울특별시,1,0,222,407264,24.0
201511,서울특별시,1,0,193,419879,21.0
201512,서울특별시,1,0,240,475370,28.0
201601,서울특별시,1,0,166,398187,27.0
201602,서울특별시,1,0,219,430340,23.0
201603,서울특별시,1,0,287,447576,32.0
201604,서울특별시,1,0,221,437627,30.0
201605,서울특별시,1,0,226,328617,29.0
201606,서울특별시,1,0,159,252007,28.0
201607,서울특별시,1,0,180,250025,21.0
201608,서울특별시,1,0,187,297537,22.0
201609,서울특별시,1,0,277,441210,23.0
201610,서울특별시,1,0,259,433468,20.0
201611,서울특별시,1,0,229,443939,28.0
201612,서울특별시,1,0,218,575147,30.0
201701,서울특별시,1,0,152,328801,32.0
201702,서울특별시,1,0,210,338953,28.0
201703,서울특별시,1,0,305,479454,39.0
201704,서울특별시,1,0,233,459368,26.0
201705,서울특별시,1,0,210,342995,24.0
201706,서울특별시,1,0,200,259785,22.0
201707,서울특별시,1,0,170,239735,22.0
201708,서울특별시,1,0,183,327668,13.0
201709,서울특별시,1,0,244,504044,19.0
201710,서울특별시,1,0,206,367754,15.0
201711,서울특별시,1,0,200,482159,22.0
201712,서울특별시,1,0,200,552123,32.0
201801,서울특별시,1,0,135,507445,32.0
201802,서울특별시,1,0,169,313978,30.0
201803,서울특별시,1,0,260,410836,34.0
201804,서울특별시,1,0,207,452606,26.0
201805,서울특별시,1,0,185,345252,23.0
201806,서울특별시,1,0,158,253223,24.0
201807,서울특별시,1,0,148,230246,16.0
201808,서울특별시,1,0,145,244545,10.0
201809,서울특별시,1,0,254,486109,14.0
201810,서울특별시,1,0,201,475126,15.0
201811,서울특별시,1,0,178,462621,28.0
201812,서울특별시,1,0,156,501006,24.0
201901,서울특별시,1,0,120,352188,38.0
201902,서울특별시,1,0,147,304996,35.0
201903,서울특별시,1,0,271,437783,45.0
201904,서울특별시,1,0,243,505541,21.0
201905,서울특별시,1,0,167,394513,29.0
201906,서울특별시,1,0,126,248321,20.0
201907,서울특별시,1,0,135,254895,19.0
201908,서울특별시,1,0,135,277290,16.0
201909,서울특별시,1,0,240,465550,12.0
201910,서울특별시,1,0,200,470234,15.0
201911,서울특별시,1,0,162,443898,20.0
201912,서울특별시,1,0,147,482644,28.0
202001,서울특별시,1,0,95,443273,29.0
202002,서울특별시,1,0,75,245854,28.0
202003,서울특별시,1,0,38,164599,25.0
202004,서울특별시,1,0,85,162136,21.0
202005,서울특별시,1,0,325,228549,19.0
202006,서울특별시,1,0,163,167901,21.0
202007,서울특별시,1,0,116,156401,13.0
202008,서울특별시,1,0,102,152151,14.0
202009,서울특별시,1,0,64,258963,11.0
202010,서울특별시,1,0,161,236310,17.0
202011,서울특별시,1,0,250,243282,24.0
202012,서울특별시,1,0,60,155861,27.0
202101,서울특별시,1,0,50,123377,21.0
202102,서울특별시,1,0,110,134079,29.0
202103,서울특별시,1,0,367,257576,32.0
202104,서울특별시,1,0,197,297440,19.0
202105,서울특별시,1,0,131,178641,20.0
202106,서울특별시,1,0,101,155755,19.0
202107,서울특별시,1,0,80,138390,15.0
202108,서울특별시,1,0,47,147809,13.0
202109,서울특별시,1,0,196,273508,7.0
202110,서울특별시,1,0,190,269429,13.0
202111,서울특별시,1,0,177,329382,26.0
202112,서울특별시,1,0,102,229472,23.0
202201,서울특별시,1,0,141,220172,29.0
202202,서울특별시,1,0,101,292038,26.0
202203,서울특별시,1,0,125,447418,21.0
202204,서울특별시,1,0,231,338365,22.0
202205,서울특별시,1,0,182,227446,17.0
202206,서울특별시,1,0,127,190531,12.0
202207,서울특별시,1,0,104,255667,16.0
202208,서울특별시,1,0,76,271959,11.0
202209,서울특별시,1,0,152,339438,11.0
202210,서울특별시,1,0,171,356819,14.0
202211,서울특별시,1,0,98,338294,22.0
202212,서울특별시,1,0,91,365991,19.0
201501,부산광역시,1,0,43,146991,27.0
201502,부산광역시,1,0,62,163803,31.0
201503,부산광역시,1,0,51,180525,27.0
201504,부산광역시,1,0,60,156244,24.0
201505,부산광역시,1,0,56,124549,31.0
201506,부산광역시,1,0,40,86503,30.0
201507,부산광역시,1,0,44,77125,21.0
201508,부산광역시,1,0,55,89841,23.0
201509,부산광역시,1,0,64,172899,16.0
201510,부산광역시,1,0,62,168912,25.0
201511,부산광역시,1,0,56,148416,23.0
201512,부산광역시,1,0,46,191416,29.0
201601,부산광역시,1,0,39,172146,33.0
201602,부산광역시,1,0,47,173608,29.0
201603,부산광역시,1,0,66,168569,32.0
201604,부산광역시,1,0,54,149648,29.0
201605,부산광역시,1,0,50,115354,31.0
201606,부산광역시,1,0,43,89022,27.0
201607,부산광역시,1,0,31,87799,17.0
201608,부산광역시,1,0,41,103488,21.0
201609,부산광역시,1,0,64,157512,21.0
201610,부산광역시,1,0,58,166801,21.0
201611,부산광역시,1,0,39,166158,31.0
201612,부산광역시,1,0,40,193116,30.0
201701,부산광역시,1,0,43,141548,31.0
201702,부산광역시,1,0,49,129342,27.0
201703,부산광역시,1,0,78,186955,34.0
201704,부산광역시,1,0,62,170404,27.0
201705,부산광역시,1,0,40,129107,29.0
201706,부산광역시,1,0,76,97652,26.0
201707,부산광역시,1,0,39,87050,23.0
201708,부산광역시,1,0,46,99176,16.0
201709,부산광역시,1,0,45,163184,23.0
201710,부산광역시,1,0,52,152329,16.0
201711,부산광역시,1,0,56,195268,27.0
201712,부산광역시,1,0,40,232007,28.0
201801,부산광역시,1,0,31,198788,28.0
201802,부산광역시,1,0,45,129200,30.0
201803,부산광역시,1,0,60,168569,26.0
201804,부산광역시,1,0,39,169549,28.0
201805,부산광역시,1,0,48,127391,24.0
201806,부산광역시,1,0,38,99888,25.0
201807,부산광역시,1,0,27,86217,23.0
201808,부산광역시,1,0,46,88749,14.0
201809,부산광역시,1,0,56,165641,14.0
201810,부산광역시,1,0,48,185160,17.0
201811,부산광역시,1,0,44,171246,26.0
201812,부산광역시,1,0,28,200429,23.0
201901,부산광역시,1,0,34,143538,29.0
201902,부산광역시,1,0,48,123824,28.0
201903,부산광역시,1,0,46,168318,30.0
201904,부산광역시,1,0,50,174414,20.0
201905,부산광역시,1,0,36,134896,25.0
201906,부산광역시,1,0,40,91641,21.0
201907,부산광역시,1,0,33,94916,18.0
201908,부산광역시,1,0,26,94287,19.0
201909,부산광역시,1,0,51,154613,13.0
201910,부산광역시,1,0,39,180171,13.0
201911,부산광역시,1,0,22,179480,17.0
201912,부산광역시,1,0,25,195409,23.0
202001,부산광역시,1,0,32,176458,21.0
202002,부산광역시,1,0,20,99019,22.0
202003,부산광역시,1,0,8,62391,16.0
202004,부산광역시,1,0,18,57016,17.0
202005,부산광역시,1,0,63,70900,17.0
202006,부산광역시,1,0,69,81564,15.0
202007,부산광역시,1,0,13,63788,10.0
202008,부산광역시,1,0,20,57103,19.0
202009,부산광역시,1,0,17,87032,13.0
202010,부산광역시,1,0,51,100364,15.0
202011,부산광역시,1,0,44,102419,17.0
202012,부산광역시,1,0,8,65014,21.0
202101,부산광역시,1,0,9,47680,19.0
202102,부산광역시,1,0,33,58901,21.0
202103,부산광역시,1,0,64,107688,21.0
202104,부산광역시,1,0,23,93487,15.0
202105,부산광역시,1,0,16,64650,16.0
202106,부산광역시,1,0,33,58880,15.0
202107,부산광역시,1,0,21,53207,9.0
202108,부산광역시,1,0,11,52403,10.0
202109,부산광역시,1,0,58,98114,8.0
202110,부산광역시,1,0,33,120452,12.0
202111,부산광역시,1,0,28,119948,18.0
202112,부산광역시,1,0,25,93433,19.0
202201,부산광역시,1,0,20,97603,21.0
202202,부산광역시,1,0,15,127475,19.0
202203,부산광역시,1,0,26,169640,21.0
202204,부산광역시,1,0,25,100979,16.0
202205,부산광역시,1,0,44,76241,17.0
202206,부산광역시,1,0,21,66662,10.0
202207,부산광역시,1,0,16,84759,12.0
202208,부산광역시,1,0,16,100201,10.0
202209,부산광역시,1,0,24,104144,10.0
202210,부산광역시,1,0,30,128208,11.0
202211,부산광역시,1,0,14,141279,19.0
202212,부산광역시,1,0,7,154856,18.0
201501,대구광역시,1,0,120,98788,33.0
201502,대구광역시,1,0,131,108950,33.0
201503,대구광역시,1,0,190,134991,29.0
201504,대구광역시,1,0,184,116901,22.0
201505,대구광역시,1,0,144,83072,25.0
201506,대구광역시,1,0,74,60713,28.0
201507,대구광역시,1,0,163,56655,20.0
201508,대구광역시,1,0,192,70712,
201509,대구광역시,1,0,234,143010,15.0
201510,대구광역시,1,0,203,118302,25.0
201511,대구광역시,1,0,120,107570,22.0
201512,대구광역시,1,0,149,128145,31.0
201601,대구광역시,1,0,151,121534,30.0
201602,대구광역시,1,0,182,127856,25.0
201603,대구광역시,1,0,209,121750,29.0
201604,대구광역시,1,0,140,113104,25.0
201605,대구광역시,1,0,156,85983,26.0
201606,대구광역시,1,0,114,65506,24.0
201607,대구광역시,1,0,120,66433,19.0
201608,대구광역시,1,0,165,76073,17.0
201609,대구광역시,1,0,222,124248,20.0
201610,대구광역시,1,0,227,130928,20.0
201611,대구광역시,1,0,183,122060,31.0
201612,대구광역시,1,0,127,148080,28.0
201701,대구광역시,1,0,117,93746,29.0
201702,대구광역시,1,0,176,96353,24.0
201703,대구광역시,1,0,204,128204,28.0
201704,대구광역시,1,0,177,131056,21.0
201705,대구광역시,1,0,135,91329,23.0
201706,대구광역시,1,0,144,69220,21.0
201707,대구광역시,1,0,125,63854,19.0
201708,대구광역시,1,0,147,82385,12.0
201709,대구광역시,1,0,204,135516,
201710,대구광역시,1,0,175,105121,
201711,대구광역시,1,0,188,137352,29.0
201712,대구광역시,1,0,137,159358,29.0
201801,대구광역시,1,0,136,144913,30.0
201802,대구광역시,1,0,150,92805,28.0
201803,대구광역시,1,0,219,121794,26.0
201804,대구광역시,1,0,180,135007,24.0
201805,대구광역시,1,0,106,89131,21.0
201806,대구광역시,1,0,116,68308,22.0
201807,대구광역시,1,0,101,63061,18.0
201808,대구광역시,1,0,130,65433,12.0
201809,대구광역시,1,0,229,134314,12.0
201810,대구광역시,1,0,221,131002,17.0
201811,대구광역시,1,0,180,131100,31.0
201812,대구광역시,1,0,103,143524,26.0
201901,대구광역시,1,0,89,98536,33.0
201902,대구광역시,1,0,143,83166,33.0
201903,대구광역시,1,0,217,122822,33.0
201904,대구광역시,1,0,163,136253,19.0
201905,대구광역시,1,0,164,94446,23.0
201906,대구광역시,1,0,98,62130,20.0
201907,대구광역시,1,0,109,70272,16.0
201908,대구광역시,1,0,129,68116,16.0
201909,대구광역시,1,0,187,123851,13.0
201910,대구광역시,1,0,179,126757,14.0
201911,대구광역시,1,0,137,124706,21.0
201912,대구광역시,1,0,123,137717,29.0
202001,대구광역시,1,0,87,124316,26.0
202002,대구광역시,1,0,66,71004,26.0
202003,대구광역시,1,0,32,39177,20.0
202004,대구광역시,1,0,63,43608,18.0
202005,대구광역시,1,0,123,44317,20.0
202006,대구광역시,1,0,249,51892,20.0
202007,대구광역시,1,0,151,55481,14.0
202008,대구광역시,1,0,85,43875,16.0
202009,대구광역시,1,0,128,80474,15.0
202010,대구광역시,1,0,273,87445,18.0
202011,대구광역시,1,0,153,71270,23.0
202012,대구광역시,1,0,95,52649,24.0
202101,대구광역시,1,0,52,35747,21.0
202102,대구광역시,1,0,135,41532,24.0
202103,대구광역시,1,0,338,81129,23.0
202104,대구광역시,1,0,169,98425,17.0
202105,대구광역시,1,0,88,51546,18.0
202106,대구광역시,1,0,90,43754,20.0
202107,대구광역시,1,0,121,41890,10.0
202108,대구광역시,1,0,141,46539,11.0
202109,대구광역시,1,0,223,84660,9.0
202110,대구광역시,1,0,210,86024,15.0
202111,대구광역시,1,0,161,101131,22.0
202112,대구광역시,1,0,116,61273,22.0
202201,대구광역시,1,0,154,64365,24.0
202202,대구광역시,1,0,91,87709,21.0
202203,대구광역시,1,0,150,123031,22.0
202204,대구광역시,1,0,287,103280,17.0
202205,대구광역시,1,0,181,57930,17.0
202206,대구광역시,1,0,135,56722,12.0
202207,대구광역시,1,0,129,66500,12.0
202208,대구광역시,1,0,90,79832,9.0
202209,대구광역시,1,0,150,91363,9.0
202210,대구광역시,1,0,184,96446,12.0
202211,대구광역시,1,0,115,102670,23.0
202212,대구광역시,1,0,85,108462,20.0
201501,인천광역시,1,0,219,120861,31.0
201502,인천광역시,1,0,229,126290,33.0
201503,인천광역시,1,0,336,158818,31.0
201504,인천광역시,1,0,307,134782,30.0
201505,인천광역시,1,0,245,106502,28.0
201506,인천광역시,1,0,169,74770,26.0
201507,인천광역시,1,0,247,72888,23.0
201508,인천광역시,1,0,248,96541,27.0
201509,인천광역시,1,0,360,168547,21.0
201510,인천광역시,1,0,301,142920,31.0
201511,인천광역시,1,0,311,146243,31.0
201512,인천광역시,1,0,321,170841,38.0
201601,인천광역시,1,0,267,138702,29.0
201602,인천광역시,1,0,358,138064,25.0
201603,인천광역시,1,0,370,154228,35.0
201604,인천광역시,1,0,262,136185,31.0
201605,인천광역시,1,0,271,113232,29.0
201606,인천광역시,1,0,184,86491,25.0
201607,인천광역시,1,0,219,84807,19.0
201608,인천광역시,1,0,242,104678,20.0
201609,인천광역시,1,0,271,151358,25.0
201610,인천광역시,1,0,293,155604,21.0
201611,인천광역시,1,0,304,157997,29.0
201612,인천광역시,1,0,253,200654,29.0
201701,인천광역시,1,0,177,109740,31.0
201702,인천광역시,1,0,289,115955,26.0
201703,인천광역시,1,0,356,166337,37.0
201704,인천광역시,1,0,259,147978,27.0
201705,인천광역시,1,0,239,118252,27.0
201706,인천광역시,1,0,207,89939,24.0
201707,인천광역시,1,0,203,85052,
201708,인천광역시,1,0,211,118521,15.0
201709,인천광역시,1,0,303,171235,22.0
201710,인천광역시,1,0,255,134024,17.0
201711,인천광역시,1,0,247,174229,23.0
201712,인천광역시,1,0,213,199300,28.0
201801,인천광역시,1,0,167,176522,29.0
201802,인천광역시,1,0,189,107903,27.0
201803,인천광역시,1,0,316,144845,32.0
201804,인천광역시,1,0,287,149266,24.0
201805,인천광역시,1,0,217,120806,21.0
201806,인천광역시,1,0,178,89246,22.0
201807,인천광역시,1,0,265,81362,16.0
201808,인천광역시,1,0,202,86978,12.0
201809,인천광역시,1,0,395,173064,15.0
201810,인천광역시,1,0,336,166677,16.0
201811,인천광역시,1,0,265,165787,29.0
201812,인천광역시,1,0,218,175485,24.0
201901,인천광역시,1,0,178,120509,33.0
201902,인천광역시,1,0,262,104738,31.0
201903,인천광역시,1,0,404,157805,41.0
201904,인천광역시,1,0,320,162822,20.0
201905,인천광역시,1,0,285,128620,26.0
201906,인천광역시,1,0,208,85478,17.0
201907,인천광역시,1,0,211,86594,19.0
201908,인천광역시,1,0,217,98292,18.0
201909,인천광역시,1,0,325,166313,14.0
201910,인천광역시,1,0,281,163921,16.0
201911,인천광역시,1,0,250,155536,19.0
201912,인천광역시,1,0,226,172331,25.0
202001,인천광역시,1,0,173,154863,27.0
202002,인천광역시,1,0,95,83107,23.0
202003,인천광역시,1,0,86,55074,21.0
202004,인천광역시,1,0,171,51861,16.0
202005,인천광역시,1,0,437,78880,15.0
202006,인천광역시,1,0,229,60052,17.0
202007,인천광역시,1,0,185,60407,
202008,인천광역시,1,0,126,53578,14.0
202009,인천광역시,1,0,188,89916,10.0
202010,인천광역시,1,0,446,96142,15.0
202011,인천광역시,1,0,348,91698,21.0
202012,인천광역시,1,0,116,55344,24.0
202101,인천광역시,1,0,131,43647,20.0
202102,인천광역시,1,0,224,50669,28.0
202103,인천광역시,1,0,640,99208,33.0
202104,인천광역시,1,0,305,92989,19.0
202105,인천광역시,1,0,188,65472,20.0
202106,인천광역시,1,0,195,58448,23.0
202107,인천광역시,1,0,146,49153,19.0
202108,인천광역시,1,0,140,51076,13.0
202109,인천광역시,1,0,490,104930,8.0
202110,인천광역시,1,0,538,104557,14.0
202111,인천광역시,1,0,301,124126,25.0
202112,인천광역시,1,0,232,82566,24.0
202201,인천광역시,1,0,295,86819,28.0
202202,인천광역시,1,0,180,110844,24.0
202203,인천광역시,1,0,364,152302,22.0
202204,인천광역시,1,0,524,109662,22.0
202205,인천광역시,1,0,376,81608,16.0
202206,인천광역시,1,0,289,70833,12.0
202207,인천광역시,1,0,203,89173,18.0
202208,인천광역시,1,0,202,97128,11.0
202209,인천광역시,1,0,343,129277,14.0
202210,인천광역시,1,0,283,130117,17.0
202211,인천광역시,1,0,189,122668,24.0
202212,인천광역시,1,0,171,137922,20.0
201501,광주광역시,1,0,167,60461,27.0
201502,광주광역시,1,0,226,72042,33.0
201503,광주광역시,1,0,241,76585,35.0
201504,광주광역시,1,0,220,68260,24.0
201505,광주광역시,1,0,161,50851,24.0
201506,광주광역시,1,0,135,36078,27.0
201507,광주광역시,1,0,140,34253,22.0
201508,광주광역시,1,0,206,44393,22.0
201509,광주광역시,1,0,240,85428,
201510,광주광역시,1,0,203,68230,30.0
201511,광주광역시,1,0,153,59373,25.0
201512,광주광역시,1,0,175,71617,27.0
201601,광주광역시,1,0,131,66457,26.0
201602,광주광역시,1,0,169,70054,24.0
201603,광주광역시,1,0,232,74739,29.0
201604,광주광역시,1,0,148,61378,29.0
201605,광주광역시,1,0,171,49286,27.0
201606,광주광역시,1,0,123,37340,23.0
201607,광주광역시,1,0,114,38849,15.0
201608,광주광역시,1,0,167,46631,17.0
201609,광주광역시,1,0,236,77084,21.0
201610,광주광역시,1,0,216,73852,18.0
201611,광주광역시,1,0,177,71701,26.0
201612,광주광역시,1,0,157,84830,26.0
201701,광주광역시,1,0,116,55272,30.0
201702,광주광역시,1,0,133,52059,23.0
201703,광주광역시,1,0,191,81675,33.0
201704,광주광역시,1,0,118,79169,26.0
201705,광주광역시,1,0,134,52112,24.0
201706,광주광역시,1,0,132,38626,22.0
201707,광주광역시,1,0,107,35242,16.0
201708,광주광역시,1,0,148,50156,15.0
201709,광주광역시,1,0,179,82085,22.0
201710,광주광역시,1,0,186,63501,20.0
201711,광주광역시,1,0,182,79634,31.0
201712,광주광역시,1,0,109,86363,28.0
201801,광주광역시,1,0,141,79647,28.0
201802,광주광역시,1,0,158,53707,31.0
201803,광주광역시,1,0,217,72029,32.0
201804,광주광역시,1,0,145,69046,25.0
201805,광주광역시,1,0,103,50465,21.0
201806,광주광역시,1,0,112,38592,27.0
201807,광주광역시,1,0,125,36458,15.0
201808,광주광역시,1,0,178,39822,14.0
201809,광주광역시,1,0,232,84739,13.0
201810,광주광역시,1,0,189,77429,20.0
201811,광주광역시,1,0,154,73166,36.0
201812,광주광역시,1,0,132,78816,26.0
201901,광주광역시,1,0,128,58579,33.0
201902,광주광역시,1,0,161,46500,34.0
201903,광주광역시,1,0,238,79848,39.0
201904,광주광역시,1,0,171,79250,20.0
201905,광주광역시,1,0,144,55498,22.0
201906,광주광역시,1,0,142,38598,25.0
201907,광주광역시,1,0,163,41215,17.0
201908,광주광역시,1,0,160,43402,17.0
201909,광주광역시,1,0,228,78908,15.0
201910,광주광역시,1,0,207,78198,18.0
201911,광주광역시,1,0,158,69561,20.0
201912,광주광역시,1,0,116,74694,22.0
202001,광주광역시,1,0,115,69446,27.0
202002,광주광역시,1,0,78,38754,21.0
202003,광주광역시,1,0,72,29328,18.0
202004,광주광역시,1,0,233,30511,17.0
202005,광주광역시,1,0,332,41725,18.0
202006,광주광역시,1,0,164,31812,18.0
202007,광주광역시,1,0,64,23830,9.0
202008,광주광역시,1,0,159,26315,14.0
202009,광주광역시,1,0,155,47745,13.0
202010,광주광역시,1,0,381,58225,17.0
202011,광주광역시,1,0,239,46684,20.0
202012,광주광역시,1,0,114,27508,24.0
202101,광주광역시,1,0,93,21520,22.0
202102,광주광역시,1,0,155,24056,25.0
202103,광주광역시,1,0,455,48644,27.0
202104,광주광역시,1,0,215,44701,18.0
202105,광주광역시,1,0,134,29940,20.0
202106,광주광역시,1,0,148,28855,18.0
202107,광주광역시,1,0,138,27497,10.0
202108,광주광역시,1,0,145,26501,10.0
202109,광주광역시,1,0,355,56470,8.0
202110,광주광역시,1,0,211,50338,15.0
202111,광주광역시,1,0,207,60333,21.0
202112,광주광역시,1,0,195,37873,23.0
202201,광주광역시,1,0,237,38841,23.0
202202,광주광역시,1,0,69,39942,24.0
202203,광주광역시,1,0,241,71255,21.0
202204,광주광역시,1,0,394,57653,17.0
202205,광주광역시,1,0,257,39149,16.0
202206,광주광역시,1,0,217,34694,12.0
202207,광주광역시,1,0,146,39063,12.0
202208,광주광역시,1,0,120,48103,9.0
202209,광주광역시,1,0,228,59602,12.0
202210,광주광역시,1,0,208,61498,14.0
202211,광주광역시,1,0,162,57238,21.0
202212,광주광역시,1,0,141,59103,20.0
201501,대전광역시,1,0,480,63564,34.0
201502,대전광역시,1,0,605,70047,36.0
201503,대전광역시,1,0,739,89397,37.0
201504,대전광역시,1,0,546,74708,23.0
201505,대전광역시,1,0,519,56178,29.0
201506,대전광역시,1,0,281,33175,27.0
201507,대전광역시,1,0,574,37041,19.0
201508,대전광역시,1,0,720,50971,20.0
201509,대전광역시,1,0,843,96797,18.0
201510,대전광역시,1,0,571,74693,33.0
201511,대전광역시,1,0,473,71442,30.0
201512,대전광역시,1,0,601,85437,34.0
201601,대전광역시,1,0,445,75159,31.0
201602,대전광역시,1,0,639,75763,26.0
201603,대전광역시,1,0,749,78867,30.0
201604,대전광역시,1,0,480,69255,25.0
201605,대전광역시,1,0,443,55724,25.0
201606,대전광역시,1,0,430,42065,22.0
201607,대전광역시,1,0,436,43855,13.0
201608,대전광역시,1,0,502,51572,15.0
201609,대전광역시,1,0,656,83316,17.0
201610,대전광역시,1,0,644,80448,16.0
201611,대전광역시,1,0,555,82200,25.0
201612,대전광역시,1,0,435,99692,25.0
201701,대전광역시,1,0,388,57954,26.0
201702,대전광역시,1,0,501,59879,24.0
201703,대전광역시,1,0,622,84086,29.0
201704,대전광역시,1,0,493,80877,22.0
201705,대전광역시,1,0,439,58837,21.0
201706,대전광역시,1,0,415,45103,21.0
201707,대전광역시,1,0,374,40242,17.0
201708,대전광역시,1,0,463,56801,11.0
201709,대전광역시,1,0,555,91070,18.0
201710,대전광역시,1,0,533,66432,15.0
201711,대전광역시,1,0,523,86742,24.0
201712,대전광역시,1,0,366,96288,25.0
201801,대전광역시,1,0,399,86924,30.0
201802,대전광역시,1,0,478,56996,28.0
201803,대전광역시,1,0,642,74747,27.0
201804,대전광역시,1,0,461,81973,23.0
201805,대전광역시,1,0,358,57098,19.0
201806,대전광역시,1,0,362,42199,19.0
201807,대전광역시,1,0,396,39442,14.0
201808,대전광역시,1,0,354,42928,11.0
201809,대전광역시,1,0,603,86826,11.0
201810,대전광역시,1,0,608,83421,17.0
201811,대전광역시,1,0,421,80095,34.0
201812,대전광역시,1,0,326,88135,27.0
201901,대전광역시,1,0,292,59179,34.0
201902,대전광역시,1,0,422,52505,36.0
201903,대전광역시,1,0,562,74622,39.0
201904,대전광역시,1,0,412,81356,16.0
201905,대전광역시,1,0,383,62134,22.0
201906,대전광역시,1,0,317,41138,18.0
201907,대전광역시,1,0,367,43807,14.0
201908,대전광역시,1,0,408,46079,15.0
201909,대전광역시,1,0,518,83643,12.0
201910,대전광역시,1,0,412,81832,15.0
201911,대전광역시,1,0,311,73990,21.0
201912,대전광역시,1,0,335,82257,25.0
202001,대전광역시,1,0,266,78353,25.0
202002,대전광역시,1,0,225,45576,23.0
202003,대전광역시,1,0,127,27960,20.0
202004,대전광역시,1,0,250,28528,17.0
202005,대전광역시,1,0,907,41978,16.0
202006,대전광역시,1,0,489,34699,19.0
202007,대전광역시,1,0,136,25662,9.0
202008,대전광역시,1,0,494,33056,10.0
202009,대전광역시,1,0,256,52603,12.0
202010,대전광역시,1,0,648,49586,18.0
202011,대전광역시,1,0,550,44848,20.0
202012,대전광역시,1,0,190,32197,20.0
202101,대전광역시,1,0,170,24473,18.0
202102,대전광역시,1,0,388,27817,21.0
202103,대전광역시,1,0,860,44704,23.0
202104,대전광역시,1,0,438,50668,15.0
202105,대전광역시,1,0,296,33265,18.0
202106,대전광역시,1,0,301,31210,18.0
202107,대전광역시,1,0,203,26770,9.0
202108,대전광역시,1,0,218,27754,
202109,대전광역시,1,0,720,58670,8.0
202110,대전광역시,1,0,528,54952,15.0
202111,대전광역시,1,0,346,64388,19.0
202112,대전광역시,1,0,233,36776,21.0
202201,대전광역시,1,0,388,42645,25.0
202202,대전광역시,1,0,225,50491,24.0
202203,대전광역시,1,0,276,69846,24.0
202204,대전광역시,1,0,578,60608,18.0
202205,대전광역시,1,0,348,39922,15.0
202206,대전광역시,1,0,298,33690,10.0
202207,대전광역시,1,0,221,42863,12.0
202208,대전광역시,1,0,225,52030,8.0
202209,대전광역시,1,0,340,65725,10.0
202210,대전광역시,1,0,312,64623,14.0
202211,대전광역시,1,0,216,63286,24.0
202212,대전광역시,1,0,190,66969,21.0
201501,울산광역시,1,0,482,50576,27.0
201502,울산광역시,1,0,639,57617,32.0
201503,울산광역시,1,0,719,68067,29.0
201504,울산광역시,1,0,630,56680,25.0
201505,울산광역시,1,0,586,44998,31.0
201506,울산광역시,1,0,408,33280,30.0
201507,울산광역시,1,0,459,30773,22.0
201508,울산광역시,1,0,580,33989,24.0
201509,울산광역시,1,0,785,67148,13.0
201510,울산광역시,1,0,698,62164,22.0
201511,울산광역시,1,0,511,55025,18.0
201512,울산광역시,1,0,600,66314,23.0
201601,울산광역시,1,0,426,58227,24.0
201602,울산광역시,1,0,590,60177,21.0
201603,울산광역시,1,0,779,63561,28.0
201604,울산광역시,1,0,535,52784,27.0
201605,울산광역시,1,0,408,40852,29.0
201606,울산광역시,1,0,382,31773,25.0
201607,울산광역시,1,0,391,32285,19.0
201608,울산광역시,1,0,475,36151,16.0
201609,울산광역시,1,0,617,57110,20.0
201610,울산광역시,1,0,594,58892,18.0
201611,울산광역시,1,0,650,60479,27.0
201612,울산광역시,1,0,451,71025,24.0
201701,울산광역시,1,0,412,49979,26.0
201702,울산광역시,1,0,504,45177,23.0
201703,울산광역시,1,0,634,63835,33.0
201704,울산광역시,1,0,521,59291,27.0
201705,울산광역시,1,0,441,46014,31.0
201706,울산광역시,1,0,439,36098,28.0
201707,울산광역시,1,0,364,32729,27.0
201708,울산광역시,1,0,438,37811,16.0
201709,울산광역시,1,0,567,60454,22.0
201710,울산광역시,1,0,534,52585,15.0
201711,울산광역시,1,0,527,69546,25.0
201712,울산광역시,1,0,434,80805,24.0
201801,울산광역시,1,0,399,69655,25.0
201802,울산광역시,1,0,502,46792,27.0
201803,울산광역시,1,0,727,60941,23.0
201804,울산광역시,1,0,563,65522,26.0
201805,울산광역시,1,0,407,43863,24.0
201806,울산광역시,1,0,403,33860,29.0
201807,울산광역시,1,0,323,30755,27.0
201808,울산광역시,1,0,370,31465,16.0
201809,울산광역시,1,0,662,61582,14.0
201810,울산광역시,1,0,538,64802,19.0
201811,울산광역시,1,0,441,60712,29.0
201812,울산광역시,1,0,343,70234,19.0
201901,울산광역시,1,0,343,48167,26.0
201902,울산광역시,1,0,448,43647,26.0
201903,울산광역시,1,0,459,59896,29.0
201904,울산광역시,1,0,439,61700,19.0
201905,울산광역시,1,0,374,48035,26.0
201906,울산광역시,1,0,266,32896,22.0
201907,울산광역시,1,0,309,34341,19.0
201908,울산광역시,1,0,313,32118,18.0
201909,울산광역시,1,0,524,56602,13.0
201910,울산광역시,1,0,514,62472,11.0
201911,울산광역시,1,0,399,62239,15.0
201912,울산광역시,1,0,304,66903,20.0
202001,울산광역시,1,0,266,59817,19.0
202002,울산광역시,1,0,212,35896,19.0
202003,울산광역시,1,0,96,21030,17.0
202004,울산광역시,1,0,190,20549,17.0
202005,울산광역시,1,0,638,28966,19.0
202006,울산광역시,1,0,564,29281,19.0
202007,울산광역시,1,0,227,25578,12.0
202008,울산광역시,1,0,239,21493,17.0
202009,울산광역시,1,0,201,30890,14.0
202010,울산광역시,1,0,612,36393,15.0
202011,울산광역시,1,0,526,39219,17.0
202012,울산광역시,1,0,140,23466,19.0
202101,울산광역시,1,0,132,16137,17.0
202102,울산광역시,1,0,326,21035,21.0
202103,울산광역시,1,0,784,40597,20.0
202104,울산광역시,1,0,401,38380,16.0
202105,울산광역시,1,0,211,20595,17.0
202106,울산광역시,1,0,343,21421,17.0
202107,울산광역시,1,0,259,22873,10.0
202108,울산광역시,1,0,179,20061,11.0
202109,울산광역시,1,0,417,34202,8.0
202110,울산광역시,1,0,594,44099,12.0
202111,울산광역시,1,0,343,49633,17.0
202112,울산광역시,1,0,313,32392,17.0
202201,울산광역시,1,0,316,35436,18.0
202202,울산광역시,1,0,217,43457,18.0
202203,울산광역시,1,0,321,60089,20.0
202204,울산광역시,1,0,592,45929,16.0
202205,울산광역시,1,0,362,27996,19.0
202206,울산광역시,1,0,283,24292,12.0
202207,울산광역시,1,0,231,33342,12.0
202208,울산광역시,1,0,200,36974,14.0
202209,울산광역시,1,0,344,40466,12.0
202210,울산광역시,1,0,326,47930,12.0
202211,울산광역시,1,0,256,53415,19.0
202212,울산광역시,1,0,189,54173,18.0
201501,세종특별자치시,1,0,593,8897,
201502,세종특별자치시,1,0,722,9501,
201503,세종특별자치시,1,0,999,12594,
201504,세종특별자치시,1,0,860,10809,
201505,세종특별자치시,1,0,705,8308,
201506,세종특별자치시,1,0,399,5307,
201507,세종특별자치시,1,0,855,7204,
201508,세종특별자치시,1,0,1103,9743,
201509,세종특별자치시,1,0,1388,17872,
201510,세종특별자치시,1,0,966,13296,
201511,세종특별자치시,1,0,847,12633,
201512,세종특별자치시,1,0,1012,15012,
201601,세종특별자치시,1,0,708,12568,
201602,세종특별자치시,1,0,1008,14581,
201603,세종특별자치시,1,0,1389,15625,
201604,세종특별자치시,1,0,844,12599,
201605,세종특별자치시,1,0,802,10641,28.0
201606,세종특별자치시,1,0,742,8379,25.0
201607,세종특별자치시,1,0,819,10044,19.0
201608,세종특별자치시,1,0,1028,11981,24.0
201609,세종특별자치시,1,0,1353,18599,19.0
201610,세종특별자치시,1,0,1313,17799,17.0
201611,세종특별자치시,1,0,1243,17611,28.0
201612,세종특별자치시,1,0,955,22241,27.0
201701,세종특별자치시,1,0,796,11814,32.0
201702,세종특별자치시,1,0,1156,12748,28.0
201703,세종특별자치시,1,0,1414,19303,37.0
201704,세종특별자치시,1,0,1085,17114,23.0
201705,세종특별자치시,1,0,1051,12667,20.0
201706,세종특별자치시,1,0,1083,10814,21.0
201707,세종특별자치시,1,0,902,10980,18.0
201708,세종특별자치시,1,0,1040,14626,12.0
201709,세종특별자치시,1,0,1356,21883,20.0
201710,세종특별자치시,1,0,1241,16270,17.0
201711,세종특별자치시,1,0,1267,20936,24.0
201712,세종특별자치시,1,0,916,22902,21.0
201801,세종특별자치시,1,0,855,20414,28.0
201802,세종특별자치시,1,0,1077,13346,26.0
201803,세종특별자치시,1,0,1731,20387,26.0
201804,세종특별자치시,1,0,1183,18851,23.0
201805,세종특별자치시,1,0,886,14483,21.0
201806,세종특별자치시,1,0,986,11397,22.0
201807,세종특별자치시,1,0,1026,12209,15.0
201808,세종특별자치시,1,0,933,12537,10.0
201809,세종특별자치시,1,0,1716,25235,13.0
201810,세종특별자치시,1,0,1344,21153,14.0
201811,세종특별자치시,1,0,1108,22617,29.0
201812,세종특별자치시,1,0,800,23024,31.0
201901,세종특별자치시,1,0,845,15273,41.0
201902,세종특별자치시,1,0,1079,13389,41.0
201903,세종특별자치시,1,0,1729,23042,47.0
201904,세종특별자치시,1,0,1170,22343,19.0
201905,세종특별자치시,1,0,1095,17008,25.0
201906,세종특별자치시,1,0,874,12274,20.0
201907,세종특별자치시,1,0,872,13251,14.0
201908,세종특별자치시,1,0,996,14230,16.0
201909,세종특별자치시,1,0,1428,24922,12.0
201910,세종특별자치시,1,0,1179,21917,17.0
201911,세종특별자치시,1,0,955,20517,26.0
201912,세종특별자치시,1,0,945,22302,32.0
202001,세종특별자치시,1,0,731,19726,31.0
202002,세종특별자치시,1,0,572,10811,28.0
202003,세종특별자치시,1,0,391,7173,23.0
202004,세종특별자치시,1,0,876,8454,18.0
202005,세종특별자치시,1,0,2633,14168,14.0
202006,세종특별자치시,1,0,1470,11431,16.0
202007,세종특별자치시,1,0,891,9701,9.0
202008,세종특별자치시,1,0,937,10194,11.0
202009,세종특별자치시,1,0,892,16327,10.0
202010,세종특별자치시,1,0,2290,17891,20.0
202011,세종특별자치시,1,0,1544,16162,25.0
202012,세종특별자치시,1,0,628,9084,28.0
202101,세종특별자치시,1,0,680,7242,25.0
202102,세종특별자치시,1,0,1195,8723,27.0
202103,세종특별자치시,1,0,2713,17283,27.0
202104,세종특별자치시,1,0,1328,16295,16.0
202105,세종특별자치시,1,0,1033,11611,16.0
202106,세종특별자치시,1,0,1013,11069,16.0
202107,세종특별자치시,1,0,686,8828,9.0
202108,세종특별자치시,1,0,924,9943,9.0
202109,세종특별자치시,1,0,1999,19256,7.0
202110,세종특별자치시,1,0,1776,18398,15.0
202111,세종특별자치시,1,0,1282,22207,24.0
202112,세종특별자치시,1,0,897,11281,26.0
202201,세종특별자치시,1,0,1296,13610,30.0
202202,세종특별자치시,1,0,699,14567,27.0
202203,세종특별자치시,1,0,1135,24201,24.0
202204,세종특별자치시,1,0,2136,19753,17.0
202205,세종특별자치시,1,0,1406,13053,14.0
202206,세종특별자치시,1,0,1013,11607,10.0
202207,세종특별자치시,1,0,884,15709,12.0
202208,세종특별자치시,1,0,742,16729,8.0
202209,세종특별자치시,1,0,1337,22561,10.0
202210,세종특별자치시,1,0,1163,21079,15.0
202211,세종특별자치시,1,0,840,19193,25.0
202212,세종특별자치시,1,0,678,21345,23.0
201501,경기도,1,0,566,494796,30.25
201502,경기도,1,0,654,544273,36.5
201503,경기도,1,0,764,651998,34.0
201504,경기도,1,0,688,578358,23.43
201505,경기도,1,0,643,443749,23.62
201506,경기도,1,0,333,280786,20.14
201507,경기도,1,0,759,309930,18.29
201508,경기도,1,0,795,441790,21.71
201509,경기도,1,0,830,772488,16.57
201510,경기도,1,0,641,587548,25.33
201511,경기도,1,0,688,597027,25.4
201512,경기도,1,0,668,692375,35.6
201601,경기도,1,0,520,578095,32.8
201602,경기도,1,0,709,604696,27.91
201603,경기도,1,0,904,654613,35.91
201604,경기도,1,0,665,588238,32.67
201605,경기도,1,0,587,463102,28.75
201606,경기도,1,0,534,359499,24.67
201607,경기도,1,0,509,374786,18.93
201608,경기도,1,0,541,460624,19.79
201609,경기도,1,0,730,698217,23.44
201610,경기도,1,0,812,650760,22.78
201611,경기도,1,0,659,673293,34.22
201612,경기도,1,0,558,831780,34.32
201701,경기도,1,0,456,463255,38.38
201702,경기도,1,0,634,487501,33.14
201703,경기도,1,0,738,713291,42.87
201704,경기도,1,0,641,647849,29.35
201705,경기도,1,0,536,495988,26.97
201706,경기도,1,0,562,384064,22.71
201707,경기도,1,0,456,369741,20.14
201708,경기도,1,0,538,514054,10.75
201709,경기도,1,0,650,801290,20.35
201710,경기도,1,0,628,562633,18.25
201711,경기도,1,0,701,728303,29.48
201712,경기도,1,0,546,822424,35.94
201801,경기도,1,0,526,740330,37.34
201802,경기도,1,0,565,457908,33.06
201803,경기도,1,0,842,640839,37.0
201804,경기도,1,0,611,659181,26.74
201805,경기도,1,0,501,510197,22.63
201806,경기도,1,0,469,383330,23.28
201807,경기도,1,0,406,364619,14.07
201808,경기도,1,0,416,389561,11.0
201809,경기도,1,0,772,812648,12.07
201810,경기도,1,0,587,718936,18.68
201811,경기도,1,0,520,713080,35.29
201812,경기도,1,0,403,754162,28.78
201901,경기도,1,0,414,521892,42.0
201902,경기도,1,0,431,434311,38.06
201903,경기도,1,0,685,707823,46.53
201904,경기도,1,0,493,728253,20.44
201905,경기도,1,0,416,578045,27.22
201906,경기도,1,0,361,380619,18.26
201907,경기도,1,0,339,401110,17.13
201908,경기도,1,0,420,445094,15.0
201909,경기도,1,0,586,792694,11.97
201910,경기도,1,0,518,725824,16.32
201911,경기도,1,0,398,677515,22.78
201912,경기도,1,0,367,752150,30.84
202001,경기도,1,0,263,670669,30.97
202002,경기도,1,0,144,346995,28.34
202003,경기도,1,0,145,242441,25.22
202004,경기도,1,0,299,253282,19.88
202005,경기도,1,0,790,389114,18.41
202006,경기도,1,0,601,290497,20.78
202007,경기도,1,0,281,265883,12.53
202008,경기도,1,0,230,252269,12.42
202009,경기도,1,0,223,460680,10.94
202010,경기도,1,0,699,429016,18.25
202011,경기도,1,0,657,420321,24.91
202012,경기도,1,0,168,245860,28.66
202101,경기도,1,0,165,192692,22.06
202102,경기도,1,0,424,229200,30.0
202103,경기도,1,0,1016,462138,32.5
202104,경기도,1,0,507,470985,18.39
202105,경기도,1,0,347,303718,20.44
202106,경기도,1,0,319,272110,20.12
202107,경기도,1,0,184,226531,14.13
202108,경기도,1,0,175,247157,12.25
202109,경기도,1,0,766,527567,7.47
202110,경기도,1,0,595,474753,14.46
202111,경기도,1,0,514,582138,27.17
202112,경기도,1,0,293,374798,24.19
202201,경기도,1,0,370,365642,30.35
202202,경기도,1,0,278,447683,26.45
202203,경기도,1,0,371,671113,23.48
202204,경기도,1,0,728,535281,21.78
202205,경기도,1,0,474,381107,17.12
202206,경기도,1,0,376,325220,12.56
202207,경기도,1,0,267,417556,14.31
202208,경기도,1,0,211,446924,10.12
202209,경기도,1,0,450,630189,11.47
202210,경기도,1,0,377,591479,15.44
202211,경기도,1,0,262,550174,24.94
202212,경기도,1,0,203,595689,22.12
201501,강원도,1,0,562,57137,35.5
201502,강원도,1,0,558,57018,38.25
201503,강원도,1,0,754,79795,34.5
201504,강원도,1,0,613,64293,23.5
201505,강원도,1,0,574,49507,26.25
201506,강원도,1,0,328,33001,21.25
201507,강원도,1,0,513,31756,18.25
201508,강원도,1,0,654,40605,21.5
201509,강원도,1,0,822,72905,14.0
201510,강원도,1,0,674,63955,25.0
201511,강원도,1,0,552,58899,23.25
201512,강원도,1,0,718,73629,35.0
201601,강원도,1,0,543,69877,31.6
201602,강원도,1,0,610,66117,29.2
201603,강원도,1,0,931,70507,36.2
201604,강원도,1,0,651,63033,30.8
201605,강원도,1,0,603,51991,29.6
201606,강원도,1,0,482,38692,26.2
201607,강원도,1,0,450,36554,19.2
201608,강원도,1,0,659,45320,17.5
201609,강원도,1,0,787,68674,21.4
201610,강원도,1,0,762,67945,22.2
201611,강원도,1,0,696,69011,30.2
201612,강원도,1,0,589,88905,29.0
201701,강원도,1,0,403,54791,34.0
201702,강원도,1,0,639,53255,31.83
201703,강원도,1,0,797,73906,37.0
201704,강원도,1,0,612,69672,26.17
201705,강원도,1,0,555,54027,26.5
201706,강원도,1,0,530,41493,22.67
201707,강원도,1,0,440,36528,19.0
201708,강원도,1,0,548,51261,11.6
201709,강원도,1,0,711,74777,19.0
201710,강원도,1,0,644,57268,15.0
201711,강원도,1,0,711,74497,24.17
201712,강원도,1,0,464,85478,29.8
201801,강원도,1,0,454,85935,32.0
201802,강원도,1,0,587,48852,28.14
201803,강원도,1,0,759,63421,27.17
201804,강원도,1,0,605,67811,26.29
201805,강원도,1,0,431,52498,22.57
201806,강원도,1,0,394,37830,20.29
201807,강원도,1,0,429,34757,17.29
201808,강원도,1,0,403,37011,12.43
201809,강원도,1,0,804,70013,13.33
201810,강원도,1,0,661,68936,14.0
201811,강원도,1,0,573,68895,24.14
201812,강원도,1,0,446,80612,21.22
201901,강원도,1,0,345,55904,31.92
201902,강원도,1,0,527,43428,30.06
201903,강원도,1,0,787,65709,37.06
201904,강원도,1,0,570,71465,17.28
201905,강원도,1,0,431,59926,22.47
201906,강원도,1,0,407,36910,16.79
201907,강원도,1,0,390,37761,14.44
201908,강원도,1,0,522,41110,13.89
201909,강원도,1,0,679,68539,9.5
201910,강원도,1,0,702,69758,13.12
201911,강원도,1,0,466,65478,18.59
201912,강원도,1,0,392,72497,24.33
202001,강원도,1,0,340,72818,22.63
202002,강원도,1,0,273,39712,24.58
202003,강원도,1,0,144,24686,20.84
202004,강원도,1,0,423,26624,18.79
202005,강원도,1,0,981,43308,14.5
202006,강원도,1,0,620,32228,18.0
202007,강원도,1,0,354,30006,8.68
202008,강원도,1,0,336,26514,10.2
202009,강원도,1,0,337,39548,9.24
202010,강원도,1,0,876,45305,13.88
202011,강원도,1,0,549,42510,19.13
202012,강원도,1,0,164,26622,23.0
202101,강원도,1,0,319,20929,16.61
202102,강원도,1,0,629,24102,20.95
202103,강원도,1,0,916,39319,19.32
202104,강원도,1,0,577,43186,14.11
202105,강원도,1,0,475,33139,14.63
202106,강원도,1,0,292,25970,13.22
202107,강원도,1,0,215,22836,9.67
202108,강원도,1,0,356,27049,9.53
202109,강원도,1,0,992,45034,5.67
202110,강원도,1,0,678,45610,8.81
202111,강원도,1,0,413,53257,18.18
202112,강원도,1,0,434,33937,16.56
202201,강원도,1,0,473,35049,22.42
202202,강원도,1,0,267,38066,20.74
202203,강원도,1,0,458,63221,19.07
202204,강원도,1,0,860,55247,16.35
202205,강원도,1,0,655,40480,14.35
202206,강원도,1,0,432,29290,10.37
202207,강원도,1,0,330,36763,8.37
202208,강원도,1,0,356,43827,8.0
202209,강원도,1,0,639,53781,7.16
202210,강원도,1,0,525,56408,8.63
202211,강원도,1,0,409,54422,16.56
202212,강원도,1,0,257,58962,17.22
201501,충청북도,1,0,232,60750,
201502,충청북도,1,0,247,64499,
201503,충청북도,1,0,322,86527,
201504,충청북도,1,0,306,69102,27.0
201505,충청북도,1,0,263,51539,32.0
201506,충청북도,1,0,161,35212,27.0
201507,충청북도,1,0,210,35057,17.0
201508,충청북도,1,0,290,47601,21.0
201509,충청북도,1,0,338,90776,17.0
201510,충청북도,1,0,268,72531,37.0
201511,충청북도,1,0,250,67485,33.0
201512,충청북도,1,0,310,80421,33.2
201601,충청북도,1,0,195,75621,33.2
201602,충청북도,1,0,294,77561,27.4
201603,충청북도,1,0,350,76728,34.0
201604,충청북도,1,0,286,66432,27.8
201605,충청북도,1,0,247,56338,24.4
201606,충청북도,1,0,224,43576,21.0
201607,충청북도,1,0,216,43824,10.83
201608,충청북도,1,0,240,51222,12.0
201609,충청북도,1,0,347,81226,18.5
201610,충청북도,1,0,355,78206,21.0
201611,충청북도,1,0,289,78479,34.5
201612,충청북도,1,0,268,101801,35.33
201701,충청북도,1,0,290,59424,39.0
201702,충청북도,1,0,290,61054,33.83
201703,충청북도,1,0,370,82244,38.67
201704,충청북도,1,0,285,79269,26.86
201705,충청북도,1,0,255,60467,24.86
201706,충청북도,1,0,231,47117,22.86
201707,충청북도,1,0,221,41986,16.14
201708,충청북도,1,0,274,57093,9.0
201709,충청북도,1,0,351,92779,20.29
201710,충청북도,1,0,352,69049,18.57
201711,충청북도,1,0,363,88320,32.0
201712,충청북도,1,0,253,105264,34.14
201801,충청북도,1,0,259,89956,38.43
201802,충청북도,1,0,324,60657,31.71
201803,충청북도,1,0,401,76004,32.86
201804,충청북도,1,0,366,78639,27.44
201805,충청북도,1,0,240,62435,24.56
201806,충청북도,1,0,299,46684,24.33
201807,충청북도,1,0,260,44065,19.11
201808,충청북도,1,0,253,44736,13.33
201809,충청북도,1,0,440,88796,13.11
201810,충청북도,1,0,347,81660,20.89
201811,충청북도,1,0,325,85280,39.44
201812,충청북도,1,0,323,92788,32.56
201901,충청북도,1,0,220,64881,45.8
201902,충청북도,1,0,260,52271,44.75
201903,충청북도,1,0,404,78021,47.33
201904,충청북도,1,0,301,82745,22.67
201905,충청북도,1,0,301,64923,27.25
201906,충청북도,1,0,233,42590,24.36
201907,충청북도,1,0,301,44847,15.67
201908,충청북도,1,0,294,46864,17.17
201909,충청북도,1,0,477,86006,13.67
201910,충청북도,1,0,358,82369,19.17
201911,충청북도,1,0,341,77536,28.42
201912,충청북도,1,0,290,85055,33.25
202001,충청북도,1,0,291,84217,32.75
202002,충청북도,1,0,209,47824,29.83
202003,충청북도,1,0,116,29047,26.08
202004,충청북도,1,0,261,31698,22.17
202005,충청북도,1,0,612,44677,18.36
202006,충청북도,1,0,368,36949,20.09
202007,충청북도,1,0,295,33692,9.75
202008,충청북도,1,0,292,33252,11.08
202009,충청북도,1,0,176,51366,11.92
202010,충청북도,1,0,526,51759,20.58
202011,충청북도,1,0,521,57079,25.42
202012,충청북도,1,0,163,31807,29.58
202101,충청북도,1,0,193,25383,24.83
202102,충청북도,1,0,398,30829,28.33
202103,충청북도,1,0,646,51155,27.25
202104,충청북도,1,0,418,52930,17.91
202105,충청북도,1,0,303,36523,20.55
202106,충청북도,1,0,258,33548,19.0
202107,충청북도,1,0,223,28932,9.75
202108,충청북도,1,0,248,31817,10.17
202109,충청북도,1,0,551,58202,8.08
202110,충청북도,1,0,511,58466,17.08
202111,충청북도,1,0,346,67261,26.5
202112,충청북도,1,0,318,44461,25.08
202201,충청북도,1,0,366,47876,30.33
202202,충청북도,1,0,249,52487,26.5
202203,충청북도,1,0,309,77323,25.5
202204,충청북도,1,0,638,63044,19.64
202205,충청북도,1,0,447,43808,17.73
202206,충청북도,1,0,343,37434,13.55
202207,충청북도,1,0,226,45038,13.67
202208,충청북도,1,0,245,55283,10.25
202209,충청북도,1,0,453,72278,11.75
202210,충청북도,1,0,372,69515,15.58
202211,충청북도,1,0,304,67616,26.33
202212,충청북도,1,0,231,75630,26.0
201501,충청남도,1,0,646,78654,
201502,충청남도,1,0,738,85221,
201503,충청남도,1,0,866,107398,
201504,충청남도,1,0,761,88711,
201505,충청남도,1,0,641,69613,
201506,충청남도,1,0,400,44525,30.0
201507,충청남도,1,0,801,49073,22.0
201508,충청남도,1,0,929,65780,26.0
201509,충청남도,1,0,1067,120672,22.0
201510,충청남도,1,0,686,89687,
201511,충청남도,1,0,608,85675,
201512,충청남도,1,0,751,105090,
201601,충청남도,1,0,498,91296,32.0
201602,충청남도,1,0,735,95611,28.0
201603,충청남도,1,0,1013,100076,35.0
201604,충청남도,1,0,638,85923,32.0
201605,충청남도,1,0,582,72238,26.75
201606,충청남도,1,0,601,56171,26.25
201607,충청남도,1,0,506,56166,17.25
201608,충청남도,1,0,830,70228,23.0
201609,충청남도,1,0,818,110422,24.0
201610,충청남도,1,0,765,102273,23.0
201611,충청남도,1,0,613,97620,30.0
201612,충청남도,1,0,533,124792,26.75
201701,충청남도,1,0,442,74122,28.0
201702,충청남도,1,0,714,76208,24.4
201703,충청남도,1,0,815,107781,34.6
201704,충청남도,1,0,583,97580,25.2
201705,충청남도,1,0,548,76813,23.4
201706,충청남도,1,0,601,62251,22.2
201707,충청남도,1,0,480,57151,19.6
201708,충청남도,1,0,588,77609,14.25
201709,충청남도,1,0,764,122471,22.64
201710,충청남도,1,0,630,87461,18.8
201711,충청남도,1,0,616,108994,26.09
201712,충청남도,1,0,448,131944,25.2
201801,충청남도,1,0,429,118654,29.58
201802,충청남도,1,0,659,77334,26.0
201803,충청남도,1,0,842,99363,26.83
201804,충청남도,1,0,555,97281,20.56
201805,충청남도,1,0,433,78730,18.31
201806,충청남도,1,0,520,61592,20.93
201807,충청남도,1,0,479,56966,12.5
201808,충청남도,1,0,513,61773,10.0
201809,충청남도,1,0,874,120152,13.06
201810,충청남도,1,0,596,110227,15.31
201811,충청남도,1,0,468,104372,33.25
201812,충청남도,1,0,453,123999,24.81
201901,충청남도,1,0,318,81508,36.25
201902,충청남도,1,0,493,69205,34.62
201903,충청남도,1,0,822,103337,42.56
201904,충청남도,1,0,518,106385,21.44
201905,충청남도,1,0,421,86282,26.81
201906,충청남도,1,0,417,59653,21.88
201907,충청남도,1,0,411,61390,16.19
201908,충청남도,1,0,469,66405,16.88
201909,충청남도,1,0,651,117617,13.81
201910,충청남도,1,0,531,107707,19.38
201911,충청남도,1,0,435,100608,23.88
201912,충청남도,1,0,399,112487,28.53
202001,충청남도,1,0,352,109687,32.0
202002,충청남도,1,0,291,59060,30.06
202003,충청남도,1,0,171,37775,25.53
202004,충청남도,1,0,398,41993,20.07
202005,충청남도,1,0,1392,64255,18.86
202006,충청남도,1,0,678,51625,19.31
202007,충청남도,1,0,394,47186,12.06
202008,충청남도,1,0,333,43125,13.12
202009,충청남도,1,0,392,76426,12.6
202010,충청남도,1,0,969,75397,19.8
202011,충청남도,1,0,571,66406,24.62
202012,충청남도,1,0,326,44567,27.19
202101,충청남도,1,0,310,34861,24.44
202102,충청남도,1,0,646,41883,30.81
202103,충청남도,1,0,1078,67272,33.12
202104,충청남도,1,0,531,70857,20.23
202105,충청남도,1,0,368,51669,21.73
202106,충청남도,1,0,439,47131,20.38
202107,충청남도,1,0,300,40915,12.87
202108,충청남도,1,0,363,42937,12.8
202109,충청남도,1,0,978,84482,8.67
202110,충청남도,1,0,590,76135,16.06
202111,충청남도,1,0,384,90802,23.53
202112,충청남도,1,0,316,54273,25.38
202201,충청남도,1,0,483,59124,29.87
202202,충청남도,1,0,268,66971,27.19
202203,충청남도,1,0,472,99158,24.69
202204,충청남도,1,0,860,80825,20.94
202205,충청남도,1,0,519,58704,16.56
202206,충청남도,1,0,396,49545,11.19
202207,충청남도,1,0,279,63450,14.31
202208,충청남도,1,0,283,71141,8.81
202209,충청남도,1,0,527,96177,12.38
202210,충청남도,1,0,411,87703,17.5
202211,충청남도,1,0,294,85984,25.81
202212,충청남도,1,0,198,93500,21.87
201501,전라북도,1,0,632,74228,
201502,전라북도,1,0,709,81339,
201503,전라북도,1,0,854,97319,
201504,전라북도,1,0,765,81077,36.0
201505,전라북도,1,0,683,65827,36.33
201506,전라북도,1,0,427,46030,38.67
201507,전라북도,1,0,514,41183,28.0
201508,전라북도,1,0,787,56105,26.0
201509,전라북도,1,0,994,99170,23.0
201510,전라북도,1,0,757,84641,41.5
201511,전라북도,1,0,629,78838,38.0
201512,전라북도,1,0,813,94512,41.0
201601,전라북도,1,0,561,85362,40.2
201602,전라북도,1,0,789,91067,31.4
201603,전라북도,1,0,971,91535,39.6
201604,전라북도,1,0,734,77387,35.0
201605,전라북도,1,0,589,65324,32.71
201606,전라북도,1,0,472,49356,31.86
201607,전라북도,1,0,450,46714,17.86
201608,전라북도,1,0,650,57122,22.43
201609,전라북도,1,0,833,89117,27.62
201610,전라북도,1,0,963,91943,25.0
201611,전라북도,1,0,721,91507,37.0
201612,전라북도,1,0,617,110931,35.75
201701,전라북도,1,0,593,66361,37.67
201702,전라북도,1,0,639,68608,31.0
201703,전라북도,1,0,860,98721,43.0
201704,전라북도,1,0,675,88693,31.78
201705,전라북도,1,0,597,66798,28.22
201706,전라북도,1,0,574,52451,25.78
201707,전라북도,1,0,378,43722,18.89
201708,전라북도,1,0,584,62680,15.29
201709,전라북도,1,0,738,95106,23.44
201710,전라북도,1,0,664,77478,21.33
201711,전라북도,1,0,607,96110,30.5
201712,전라북도,1,0,496,104717,29.17
201801,전라북도,1,0,461,104514,33.0
201802,전라북도,1,0,608,68018,30.73
201803,전라북도,1,0,810,82026,31.5
201804,전라북도,1,0,535,81537,25.27
201805,전라북도,1,0,461,66676,20.73
201806,전라북도,1,0,484,49831,26.55
201807,전라북도,1,0,341,44016,13.67
201808,전라북도,1,0,423,48533,12.92
201809,전라북도,1,0,747,92066,12.23
201810,전라북도,1,0,633,92554,18.38
201811,전라북도,1,0,541,88586,36.07
201812,전라북도,1,0,468,104319,28.29
201901,전라북도,1,0,338,69600,38.53
201902,전라북도,1,0,490,59029,39.4
201903,전라북도,1,0,638,82965,42.93
201904,전라북도,1,0,513,90016,22.07
201905,전라북도,1,0,458,69000,24.4
201906,전라북도,1,0,412,47249,23.13
201907,전라북도,1,0,387,48735,14.93
201908,전라북도,1,0,418,52455,16.13
201909,전라북도,1,0,703,91001,14.33
201910,전라북도,1,0,583,91273,17.36
201911,전라북도,1,0,462,84119,22.4
201912,전라북도,1,0,425,96686,24.43
202001,전라북도,1,0,360,91447,28.25
202002,전라북도,1,0,285,52547,24.38
202003,전라북도,1,0,173,35085,21.5
202004,전라북도,1,0,416,36759,18.93
202005,전라북도,1,0,711,46826,19.57
202006,전라북도,1,0,455,39597,23.27
202007,전라북도,1,0,309,38157,12.47
202008,전라북도,1,0,333,35999,14.87
202009,전라북도,1,0,376,57941,13.46
202010,전라북도,1,0,780,60011,17.47
202011,전라북도,1,0,513,55905,20.13
202012,전라북도,1,0,254,35770,22.73
202101,전라북도,1,0,197,26864,21.6
202102,전라북도,1,0,474,32612,25.57
202103,전라북도,1,0,894,53745,28.8
202104,전라북도,1,0,458,50958,18.0
202105,전라북도,1,0,348,38461,20.07
202106,전라북도,1,0,346,39875,20.57
202107,전라북도,1,0,257,32560,11.13
202108,전라북도,1,0,251,31794,10.67
202109,전라북도,1,0,610,60541,8.5
202110,전라북도,1,0,545,63187,15.27
202111,전라북도,1,0,410,67864,20.93
202112,전라북도,1,0,376,43187,21.71
202201,전라북도,1,0,473,45469,26.07
202202,전라북도,1,0,260,53827,24.87
202203,전라북도,1,0,364,76983,22.33
202204,전라북도,1,0,731,59366,19.13
202205,전라북도,1,0,733,48411,16.53
202206,전라북도,1,0,378,36525,12.71
202207,전라북도,1,0,289,46798,14.0
202208,전라북도,1,0,260,55228,9.2
202209,전라북도,1,0,517,69900,12.6
202210,전라북도,1,0,488,72289,16.67
202211,전라북도,1,0,357,69334,25.07
202212,전라북도,1,0,265,72773,22.2
201501,전라남도,1,0,636,81718,27.0
201502,전라남도,1,0,662,94082,29.83
201503,전라남도,1,0,793,98812,29.67
201504,전라남도,1,0,664,84717,22.0
201505,전라남도,1,0,591,68001,23.0
201506,전라남도,1,0,474,49852,26.83
201507,전라남도,1,0,590,44700,22.33
201508,전라남도,1,0,703,54191,23.0
201509,전라남도,1,0,808,95308,18.17
201510,전라남도,1,0,703,85434,28.33
201511,전라남도,1,0,566,80165,23.5
201512,전라남도,1,0,702,97189,26.5
201601,전라남도,1,0,602,94994,26.83
201602,전라남도,1,0,738,95212,26.0
201603,전라남도,1,0,888,96893,29.33
201604,전라남도,1,0,505,78920,26.5
201605,전라남도,1,0,576,65653,28.0
201606,전라남도,1,0,462,50091,24.0
201607,전라남도,1,0,452,49215,18.6
201608,전라남도,1,0,665,58613,22.67
201609,전라남도,1,0,787,91851,21.5
201610,전라남도,1,0,780,93437,18.17
201611,전라남도,1,0,595,92402,23.5
201612,전라남도,1,0,501,109452,21.67
201701,전라남도,1,0,462,77373,23.5
201702,전라남도,1,0,528,69569,20.83
201703,전라남도,1,0,731,105025,27.33
201704,전라남도,1,0,520,93490,22.17
201705,전라남도,1,0,437,70380,21.0
201706,전라남도,1,0,501,51407,20.67
201707,전라남도,1,0,397,46510,19.0
201708,전라남도,1,0,573,61143,15.33
201709,전라남도,1,0,664,95595,18.8
201710,전라남도,1,0,690,80786,14.8
201711,전라남도,1,0,599,101997,22.4
201712,전라남도,1,0,475,116628,21.75
201801,전라남도,1,0,393,114360,24.89
201802,전라남도,1,0,533,72906,27.25
201803,전라남도,1,0,772,89227,27.38
201804,전라남도,1,0,409,86300,22.43
201805,전라남도,1,0,427,68293,20.2
201806,전라남도,1,0,394,49766,23.4
201807,전라남도,1,0,451,45030,15.5
201808,전라남도,1,0,439,50979,13.38
201809,전라남도,1,0,752,95844,13.0
201810,전라남도,1,0,660,95763,16.44
201811,전라남도,1,0,491,93345,29.9
201812,전라남도,1,0,339,109901,23.0
201901,전라남도,1,0,324,77611,28.45
201902,전라남도,1,0,435,66131,29.73
201903,전라남도,1,0,631,96383,30.63
201904,전라남도,1,0,426,94009,17.37
201905,전라남도,1,0,389,72015,21.74
201906,전라남도,1,0,389,49373,20.68
201907,전라남도,1,0,302,50736,13.84
201908,전라남도,1,0,465,53660,16.75
201909,전라남도,1,0,693,89792,12.13
201910,전라남도,1,0,460,91479,13.91
201911,전라남도,1,0,370,89599,17.26
201912,전라남도,1,0,357,98836,18.57
202001,전라남도,1,0,293,97625,22.68
202002,전라남도,1,0,302,56214,19.61
202003,전라남도,1,0,195,38630,15.96
202004,전라남도,1,0,386,38751,16.13
202005,전라남도,1,0,1099,50028,15.59
202006,전라남도,1,0,534,41334,15.05
202007,전라남도,1,0,250,38605,9.23
202008,전라남도,1,0,382,33836,15.13
202009,전라남도,1,0,447,56609,13.24
202010,전라남도,1,0,717,64850,15.04
202011,전라남도,1,0,548,59465,15.67
202012,전라남도,1,0,287,38178,17.91
202101,전라남도,1,0,347,33235,17.09
202102,전라남도,1,0,483,35255,20.22
202103,전라남도,1,0,628,56203,21.73
202104,전라남도,1,0,524,57878,14.32
202105,전라남도,1,0,237,37214,16.87
202106,전라남도,1,0,445,34989,15.74
202107,전라남도,1,0,409,37826,10.65
202108,전라남도,1,0,270,30409,10.15
202109,전라남도,1,0,698,63821,8.67
202110,전라남도,1,0,636,63652,13.1
202111,전라남도,1,0,262,69260,17.73
202112,전라남도,1,0,351,49721,19.33
202201,전라남도,1,0,281,47804,21.05
202202,전라남도,1,0,225,50676,20.55
202203,전라남도,1,0,574,90971,17.13
202204,전라남도,1,0,543,68667,15.17
202205,전라남도,1,0,409,46988,15.09
202206,전라남도,1,0,341,40279,11.09
202207,전라남도,1,0,262,48987,11.17
202208,전라남도,1,0,209,58073,8.26
202209,전라남도,1,0,270,68079,11.09
202210,전라남도,1,0,338,74063,11.91
202211,전라남도,1,0,210,72898,17.64
202212,전라남도,1,0,175,77897,14.52
201501,경상북도,1,0,580,104027,
201502,경상북도,1,0,707,111648,
201503,경상북도,1,0,784,140439,
201504,경상북도,1,0,660,115778,
201505,경상북도,1,0,585,86294,
201506,경상북도,1,0,437,61450,30.0
201507,경상북도,1,0,510,56231,21.0
201508,경상북도,1,0,675,68500,21.0
201509,경상북도,1,0,1018,135429,21.0
201510,경상북도,1,0,719,116815,32.0
201511,경상북도,1,0,572,104753,32.0
201512,경상북도,1,0,668,129143,42.0
201601,경상북도,1,0,461,125340,41.0
201602,경상북도,1,0,727,132375,36.0
201603,경상북도,1,0,916,123564,42.0
201604,경상북도,1,0,562,109869,31.0
201605,경상북도,1,0,511,86950,23.67
201606,경상북도,1,0,492,64514,20.67
201607,경상북도,1,0,492,64155,15.0
201608,경상북도,1,0,582,74347,15.0
201609,경상북도,1,0,831,121284,20.75
201610,경상북도,1,0,803,124877,21.75
201611,경상북도,1,0,686,122997,32.75
201612,경상북도,1,0,569,149336,29.25
201701,경상북도,1,0,450,101197,31.0
201702,경상북도,1,0,597,96034,30.0
201703,경상북도,1,0,786,132937,33.2
201704,경상북도,1,0,619,129166,23.2
201705,경상북도,1,0,570,93814,24.33
201706,경상북도,1,0,588,72172,22.33
201707,경상북도,1,0,458,63354,17.14
201708,경상북도,1,0,433,81509,12.67
201709,경상북도,1,0,711,129972,19.17
201710,경상북도,1,0,643,105392,17.2
201711,경상북도,1,0,659,137621,30.29
201712,경상북도,1,0,499,166729,31.43
201801,경상북도,1,0,418,155552,34.75
201802,경상북도,1,0,560,97098,31.33
201803,경상북도,1,0,769,121937,30.0
201804,경상북도,1,0,558,130842,26.78
201805,경상북도,1,0,425,94398,22.0
201806,경상북도,1,0,461,71098,21.89
201807,경상북도,1,0,362,64396,17.89
201808,경상북도,1,0,401,68122,13.9
201809,경상북도,1,0,719,129338,12.6
201810,경상북도,1,0,578,129829,20.3
201811,경상북도,1,0,486,129775,34.78
201812,경상북도,1,0,388,148464,27.0
201901,경상북도,1,0,297,106626,35.1
201902,경상북도,1,0,477,90149,34.1
201903,경상북도,1,0,641,121548,33.08
201904,경상북도,1,0,500,134462,16.33
201905,경상북도,1,0,425,100221,20.0
201906,경상북도,1,0,366,66094,16.83
201907,경상북도,1,0,350,71324,15.08
201908,경상북도,1,0,379,72742,15.0
201909,경상북도,1,0,584,123133,11.29
201910,경상북도,1,0,553,125448,12.93
201911,경상북도,1,0,393,126813,18.79
201912,경상북도,1,0,351,141978,24.36
202001,경상북도,1,0,262,134084,21.29
202002,경상북도,1,0,206,76860,22.4
202003,경상북도,1,0,110,39700,18.4
202004,경상북도,1,0,195,44274,16.83
202005,경상북도,1,0,566,52537,15.17
202006,경상북도,1,0,997,58576,15.67
202007,경상북도,1,0,328,53175,8.82
202008,경상북도,1,0,236,45982,13.39
202009,경상북도,1,0,366,78384,11.29
202010,경상북도,1,0,556,78065,15.62
202011,경상북도,1,0,705,75192,21.04
202012,경상북도,1,0,280,52862,24.05
202101,경상북도,1,0,143,36237,19.87
202102,경상북도,1,0,477,41402,22.5
202103,경상북도,1,0,838,75470,20.33
202104,경상북도,1,0,544,85310,15.88
202105,경상북도,1,0,286,53135,17.12
202106,경상북도,1,0,308,48762,17.42
202107,경상북도,1,0,323,46291,11.58
202108,경상북도,1,0,234,45258,11.08
202109,경상북도,1,0,537,77939,8.38
202110,경상북도,1,0,745,88603,12.83
202111,경상북도,1,0,338,95485,20.25
202112,경상북도,1,0,285,62655,19.25
202201,경상북도,1,0,377,64175,22.42
202202,경상북도,1,0,266,80059,20.83
202203,경상북도,1,0,247,112563,22.09
202204,경상북도,1,0,584,99353,16.0
202205,경상북도,1,0,445,61323,15.91
202206,경상북도,1,0,400,53930,12.61
202207,경상북도,1,0,256,65574,11.4
202208,경상북도,1,0,229,79812,9.05
202209,경상북도,1,0,369,92236,8.72
202210,경상북도,1,0,391,98075,12.19
202211,경상북도,1,0,223,102229,22.04
202212,경상북도,1,0,204,116227,19.35
201501,경상남도,1,0,410,149922,26.12
201502,경상남도,1,0,484,164971,31.62
201503,경상남도,1,0,627,189722,29.25
201504,경상남도,1,0,592,165196,22.38
201505,경상남도,1,0,485,127402,27.62
201506,경상남도,1,0,361,92052,30.12
201507,경상남도,1,0,446,85625,23.5
201508,경상남도,1,0,646,98940,24.25
201509,경상남도,1,0,775,198317,17.38
201510,경상남도,1,0,543,172142,23.29
201511,경상남도,1,0,495,152814,19.88
201512,경상남도,1,0,677,189419,24.75
201601,경상남도,1,0,402,177614,26.25
201602,경상남도,1,0,538,181287,24.12
201603,경상남도,1,0,651,176291,27.12
201604,경상남도,1,0,480,157354,25.38
201605,경상남도,1,0,462,120147,28.25
201606,경상남도,1,0,425,90863,26.38
201607,경상남도,1,0,447,92378,18.12
201608,경상남도,1,0,514,109339,20.29
201609,경상남도,1,0,655,179159,21.0
201610,경상남도,1,0,651,175820,19.5
201611,경상남도,1,0,562,176459,27.75
201612,경상남도,1,0,456,206346,24.62
201701,경상남도,1,0,396,149103,26.38
201702,경상남도,1,0,564,136723,22.62
201703,경상남도,1,0,637,191151,27.75
201704,경상남도,1,0,443,180343,22.12
201705,경상남도,1,0,444,133134,23.88
201706,경상남도,1,0,461,102400,23.25
201707,경상남도,1,0,391,94776,22.5
201708,경상남도,1,0,390,109501,15.25
201709,경상남도,1,0,647,190251,20.12
201710,경상남도,1,0,554,154437,15.62
201711,경상남도,1,0,587,200878,24.12
201712,경상남도,1,0,458,241351,23.62
201801,경상남도,1,0,381,213617,23.57
201802,경상남도,1,0,511,137122,24.89
201803,경상남도,1,0,705,173415,22.7
201804,경상남도,1,0,449,180511,23.1
201805,경상남도,1,0,396,133046,19.6
201806,경상남도,1,0,403,103504,22.3
201807,경상남도,1,0,440,94013,17.4
201808,경상남도,1,0,416,95243,11.6
201809,경상남도,1,0,742,187930,11.1
201810,경상남도,1,0,740,191760,14.8
201811,경상남도,1,0,516,184450,23.4
201812,경상남도,1,0,402,221031,19.3
201901,경상남도,1,0,359,144747,23.4
201902,경상남도,1,0,422,131388,25.0
201903,경상남도,1,0,610,176937,25.53
201904,경상남도,1,0,570,181825,16.6
201905,경상남도,1,0,471,140116,19.6
201906,경상남도,1,0,373,94358,19.07
201907,경상남도,1,0,368,99141,13.93
201908,경상남도,1,0,493,99403,15.27
201909,경상남도,1,0,659,175951,10.73
201910,경상남도,1,0,605,185265,11.15
201911,경상남도,1,0,476,185393,16.32
201912,경상남도,1,0,422,208903,19.47
202001,경상남도,1,0,372,187697,19.21
202002,경상남도,1,0,350,114090,20.21
202003,경상남도,1,0,136,66916,15.78
202004,경상남도,1,0,339,63022,15.06
202005,경상남도,1,0,1004,85115,15.94
202006,경상남도,1,0,669,80515,15.68
202007,경상남도,1,0,328,66974,10.28
202008,경상남도,1,0,292,63537,15.63
202009,경상남도,1,0,302,112232,12.47
202010,경상남도,1,0,829,122007,14.12
202011,경상남도,1,0,426,111724,16.89
202012,경상남도,1,0,246,69056,19.0
202101,경상남도,1,0,249,52758,17.44
202102,경상남도,1,0,546,65869,19.53
202103,경상남도,1,0,822,112568,19.21
202104,경상남도,1,0,500,105280,14.67
202105,경상남도,1,0,363,72304,15.61
202106,경상남도,1,0,363,68766,16.47
202107,경상남도,1,0,270,60192,11.46
202108,경상남도,1,0,170,55664,11.15
202109,경상남도,1,0,711,118285,9.18
202110,경상남도,1,0,791,130868,13.21
202111,경상남도,1,0,394,133041,17.79
202112,경상남도,1,0,390,95404,17.32
202201,경상남도,1,0,405,106446,20.32
202202,경상남도,1,0,193,126134,18.05
202203,경상남도,1,0,391,183979,18.11
202204,경상남도,1,0,719,129045,14.58
202205,경상남도,1,0,407,83409,16.17
202206,경상남도,1,0,358,69793,11.33
202207,경상남도,1,0,295,93937,12.61
202208,경상남도,1,0,222,108328,9.88
202209,경상남도,1,0,454,135927,10.35
202210,경상남도,1,0,429,139660,12.06
202211,경상남도,1,0,304,154846,18.79
202212,경상남도,1,0,265,172837,16.21
201501,제주특별자치도,1,0,1137,28375,24.0
201502,제주특별자치도,1,0,1215,31409,25.0
201503,제주특별자치도,1,0,1451,40491,31.0
201504,제주특별자치도,1,0,1331,32276,23.0
201505,제주특별자치도,1,0,974,24819,22.0
201506,제주특별자치도,1,0,952,18375,25.0
201507,제주특별자치도,1,0,924,15722,22.0
201508,제주특별자치도,1,0,1352,20447,21.0
201509,제주특별자치도,1,0,1655,33066,14.0
201510,제주특별자치도,1,0,1230,32461,19.0
201511,제주특별자치도,1,0,1168,29582,20.67
201512,제주특별자치도,1,0,1357,35985,25.33
201601,제주특별자치도,1,0,1079,31540,27.33
201602,제주특별자치도,1,0,1337,33090,25.33
201603,제주특별자치도,1,0,1772,37912,28.0
201604,제주특별자치도,1,0,1078,25528,28.0
201605,제주특별자치도,1,0,1056,25880,28.33
201606,제주특별자치도,1,0,974,20460,21.0
201607,제주특별자치도,1,0,911,19033,13.0
201608,제주특별자치도,1,0,1207,21694,13.33
201609,제주특별자치도,1,0,1376,29615,18.67
201610,제주특별자치도,1,0,1463,34133,16.67
201611,제주특별자치도,1,0,1420,34530,19.0
201612,제주특별자치도,1,0,1243,38938,19.67
201701,제주특별자치도,1,0,984,28201,20.67
201702,제주특별자치도,1,0,1080,24750,22.0
201703,제주특별자치도,1,0,1560,38788,27.0
201704,제주특별자치도,1,0,1082,30409,24.0
201705,제주특별자치도,1,0,1087,27895,20.67
201706,제주특별자치도,1,0,982,20719,22.67
201707,제주특별자치도,1,0,883,18516,15.33
201708,제주특별자치도,1,0,1126,22864,13.0
201709,제주특별자치도,1,0,1265,32595,19.67
201710,제주특별자치도,1,0,1314,32406,17.33
201711,제주특별자치도,1,0,1472,40900,24.67
201712,제주특별자치도,1,0,1100,43705,23.33
201801,제주특별자치도,1,0,910,41392,19.33
201802,제주특별자치도,1,0,1032,27206,22.33
201803,제주특별자치도,1,0,1746,40587,23.67
201804,제주특별자치도,1,0,1198,32264,24.33
201805,제주특별자치도,1,0,995,27717,20.33
201806,제주특별자치도,1,0,904,21703,20.67
201807,제주특별자치도,1,0,842,19197,16.33
201808,제주특별자치도,1,0,1025,20430,13.0
201809,제주특별자치도,1,0,1442,33667,13.0
201810,제주특별자치도,1,0,1443,39395,16.33
201811,제주특별자치도,1,0,1154,36337,22.67
201812,제주특별자치도,1,0,1060,40588,16.67
201901,제주특별자치도,1,0,836,31032,22.0
201902,제주특별자치도,1,0,944,29045,24.0
201903,제주특별자치도,1,0,1519,39167,29.33
201904,제주특별자치도,1,0,1165,33833,19.33
201905,제주특별자치도,1,0,1018,30898,19.33
201906,제주특별자치도,1,0,879,20469,19.67
201907,제주특별자치도,1,0,823,21800,16.0
201908,제주특별자치도,1,0,938,22184,18.0
201909,제주특별자치도,1,0,1245,31351,12.67
201910,제주특별자치도,1,0,1363,38508,15.0
201911,제주특별자치도,1,0,1025,35544,15.33
201912,제주특별자치도,1,0,931,39196,16.0
202001,제주특별자치도,1,0,808,35770,19.0
202002,제주특별자치도,1,0,642,24201,20.67
202003,제주특별자치도,1,0,435,14479,15.33
202004,제주특별자치도,1,0,1679,18210,18.0
202005,제주특별자치도,1,0,1135,19276,19.33
202006,제주특별자치도,1,0,960,16089,13.67
202007,제주특별자치도,1,0,823,18262,9.67
202008,제주특별자치도,1,0,715,15967,14.33
202009,제주특별자치도,1,0,670,19550,13.0
202010,제주특별자치도,1,0,1239,23166,15.67
202011,제주특별자치도,1,0,1190,22905,13.0
202012,제주특별자치도,1,0,587,17782,14.0
202101,제주특별자치도,1,0,283,10668,13.67
202102,제주특별자치도,1,0,1056,19528,17.0
202103,제주특별자치도,1,0,2041,22189,23.33
202104,제주특별자치도,1,0,919,20173,14.0
202105,제주특별자치도,1,0,559,15773,16.0
202106,제주특별자치도,1,0,663,13318,13.0
202107,제주특별자치도,1,0,762,14793,8.0
202108,제주특별자치도,1,0,568,13909,7.33
202109,제주특별자치도,1,0,803,16975,8.0
202110,제주특별자치도,1,0,2380,31947,11.0
202111,제주특별자치도,1,0,805,29778,17.0
202112,제주특별자치도,1,0,827,19925,14.67
202201,제주특별자치도,1,0,830,20703,15.33
202202,제주특별자치도,1,0,447,20845,17.67
202203,제주특별자치도,1,0,727,35714,19.33
202204,제주특별자치도,1,0,1434,22617,15.67
202205,제주특별자치도,1,0,1336,21015,14.33
202206,제주특별자치도,1,0,780,15795,10.33
202207,제주특별자치도,1,0,589,20823,10.67
202208,제주특별자치도,1,0,658,21942,8.0
202209,제주특별자치도,1,0,973,22190,14.0
202210,제주특별자치도,1,0,1162,32033,12.33
202211,제주특별자치도,1,0,610,27187,17.0
202212,제주특별자치도,1,0,585,33172,13.67
