SIDO,STD_YYYYMM,AVG_PM2.5
서울특별시,201501,25.0
부산광역시,201501,27.0
대구광역시,201501,33.0
인천광역시,201501,31.0
광주광역시,201501,27.0
대전광역시,201501,34.0
울산광역시,201501,27.0
세종특별자치시,201501,
경기도,201501,30.25
강원도,201501,35.5
충청북도,201501,
충청남도,201501,
전라북도,201501,
전라남도,201501,27.0
경상북도,201501,
경상남도,201501,26.12
제주특별자치도,201501,24.0
서울특별시,201502,30.0
부산광역시,201502,31.0
대구광역시,201502,33.0
인천광역시,201502,33.0
광주광역시,201502,33.0
대전광역시,201502,36.0
울산광역시,201502,32.0
세종특별자치시,201502,
경기도,201502,36.5
강원도,201502,38.25
충청북도,201502,
충청남도,201502,
전라북도,201502,
전라남도,201502,29.83
경상북도,201502,
경상남도,201502,31.62
제주특별자치도,201502,25.0
서울특별시,201503,30.0
부산광역시,201503,27.0
대구광역시,201503,29.0
인천광역시,201503,31.0
광주광역시,201503,35.0
대전광역시,201503,37.0
울산광역시,201503,29.0
세종특별자치시,201503,
경기도,201503,34.0
강원도,201503,34.5
충청북도,201503,
충청남도,201503,
전라북도,201503,
전라남도,201503,29.67
경상북도,201503,
경상남도,201503,29.25
제주특별자치도,201503,31.0
서울특별시,201504,21.0
부산광역시,201504,24.0
대구광역시,201504,22.0
인천광역시,201504,30.0
광주광역시,201504,24.0
대전광역시,201504,23.0
울산광역시,201504,25.0
세종특별자치시,201504,
경기도,201504,23.43
강원도,201504,23.5
충청북도,201504,27.0
충청남도,201504,
전라북도,201504,36.0
전라남도,201504,22.0
경상북도,201504,
경상남도,201504,22.38
제주특별자치도,201504,23.0
서울특별시,201505,22.0
부산광역시,201505,31.0
대구광역시,201505,25.0
인천광역시,201505,28.0
광주광역시,201505,24.0
대전광역시,201505,29.0
울산광역시,201505,31.0
세종특별자치시,201505,
경기도,201505,23.62
강원도,201505,26.25
충청북도,201505,32.0
충청남도,201505,
전라북도,201505,36.33
전라남도,201505,23.0
경상북도,201505,
경상남도,201505,27.62
제주특별자치도,201505,22.0
서울특별시,201506,20.0
부산광역시,201506,30.0
대구광역시,201506,28.0
인천광역시,201506,26.0
광주광역시,201506,27.0
대전광역시,201506,27.0
울산광역시,201506,30.0
세종특별자치시,201506,
경기도,201506,20.14
강원도,201506,21.25
충청북도,201506,27.0
충청남도,201506,30.0
전라북도,201506,38.67
전라남도,201506,26.83
경상북도,201506,30.0
경상남도,201506,30.12
제주특별자치도,201506,25.0
서울특별시,201507,19.0
부산광역시,201507,21.0
대구광역시,201507,20.0
인천광역시,201507,23.0
광주광역시,201507,22.0
대전광역시,201507,19.0
울산광역시,201507,22.0
세종특별자치시,201507,
경기도,201507,18.29
강원도,201507,18.25
충청북도,201507,17.0
충청남도,201507,22.0
전라북도,201507,28.0
전라남도,201507,22.33
경상북도,201507,21.0
경상남도,201507,23.5
제주특별자치도,201507,22.0
서울특별시,201508,22.0
부산광역시,201508,23.0
대구광역시,201508,
인천광역시,201508,27.0
광주광역시,201508,22.0
대전광역시,201508,20.0
울산광역시,201508,24.0
세종특별자치시,201508,
경기도,201508,21.71
강원도,201508,21.5
충청북도,201508,21.0
충청남도,201508,26.0
전라북도,201508,26.0
전라남도,201508,23.0
경상북도,201508,21.0
경상남도,201508,24.25
제주특별자치도,201508,21.0
서울특별시,201509,16.0
부산광역시,201509,16.0
대구광역시,201509,15.0
인천광역시,201509,21.0
광주광역시,201509,
대전광역시,201509,18.0
울산광역시,201509,13.0
세종특별자치시,201509,
경기도,201509,16.57
강원도,201509,14.0
충청북도,201509,17.0
충청남도,201509,22.0
전라북도,201509,23.0
전라남도,201509,18.17
경상북도,201509,21.0
경상남도,201509,17.38
제주특별자치도,201509,14.0
서울특별시,201510,24.0
부산광역시,201510,25.0
대구광역시,201510,25.0
인천광역시,201510,31.0
광주광역시,201510,30.0
대전광역시,201510,33.0
울산광역시,201510,22.0
세종특별자치시,201510,
경기도,201510,25.33
강원도,201510,25.0
충청북도,201510,37.0
충청남도,201510,
전라북도,201510,41.5
전라남도,201510,28.33
경상북도,201510,32.0
경상남도,201510,23.29
제주특별자치도,201510,19.0
서울특별시,201511,21.0
부산광역시,201511,23.0
대구광역시,201511,22.0
인천광역시,201511,31.0
광주광역시,201511,25.0
대전광역시,201511,30.0
울산광역시,201511,18.0
세종특별자치시,201511,
경기도,201511,25.4
강원도,201511,23.25
충청북도,201511,33.0
충청남도,201511,
전라북도,201511,38.0
전라남도,201511,23.5
경상북도,201511,32.0
경상남도,201511,19.88
제주특별자치도,201511,20.67
서울특별시,201512,28.0
부산광역시,201512,29.0
대구광역시,201512,31.0
인천광역시,201512,38.0
광주광역시,201512,27.0
대전광역시,201512,34.0
울산광역시,201512,23.0
세종특별자치시,201512,
경기도,201512,35.6
강원도,201512,35.0
충청북도,201512,33.2
충청남도,201512,
전라북도,201512,41.0
전라남도,201512,26.5
경상북도,201512,42.0
경상남도,201512,24.75
제주특별자치도,201512,25.33
서울특별시,201601,27.0
부산광역시,201601,33.0
대구광역시,201601,30.0
인천광역시,201601,29.0
광주광역시,201601,26.0
대전광역시,201601,31.0
울산광역시,201601,24.0
세종특별자치시,201601,
경기도,201601,32.8
강원도,201601,31.6
충청북도,201601,33.2
충청남도,201601,32.0
전라북도,201601,40.2
전라남도,201601,26.83
경상북도,201601,41.0
경상남도,201601,26.25
제주특별자치도,201601,27.33
서울특별시,201602,23.0
부산광역시,201602,29.0
대구광역시,201602,25.0
인천광역시,201602,25.0
광주광역시,201602,24.0
대전광역시,201602,26.0
울산광역시,201602,21.0
세종특별자치시,201602,
경기도,201602,27.91
강원도,201602,29.2
충청북도,201602,27.4
충청남도,201602,28.0
전라북도,201602,31.4
전라남도,201602,26.0
경상북도,201602,36.0
경상남도,201602,24.12
제주특별자치도,201602,25.33
서울특별시,201603,32.0
부산광역시,201603,32.0
대구광역시,201603,29.0
인천광역시,201603,35.0
광주광역시,201603,29.0
대전광역시,201603,30.0
울산광역시,201603,28.0
세종특별자치시,201603,
경기도,201603,35.91
강원도,201603,36.2
충청북도,201603,34.0
충청남도,201603,35.0
전라북도,201603,39.6
전라남도,201603,29.33
경상북도,201603,42.0
경상남도,201603,27.12
제주특별자치도,201603,28.0
서울특별시,201604,30.0
부산광역시,201604,29.0
대구광역시,201604,25.0
인천광역시,201604,31.0
광주광역시,201604,29.0
대전광역시,201604,25.0
울산광역시,201604,27.0
세종특별자치시,201604,
경기도,201604,32.67
강원도,201604,30.8
충청북도,201604,27.8
충청남도,201604,32.0
전라북도,201604,35.0
전라남도,201604,26.5
경상북도,201604,31.0
경상남도,201604,25.38
제주특별자치도,201604,28.0
서울특별시,201605,29.0
부산광역시,201605,31.0
대구광역시,201605,26.0
인천광역시,201605,29.0
광주광역시,201605,27.0
대전광역시,201605,25.0
울산광역시,201605,29.0
세종특별자치시,201605,28.0
경기도,201605,28.75
강원도,201605,29.6
충청북도,201605,24.4
충청남도,201605,26.75
전라북도,201605,32.71
전라남도,201605,28.0
경상북도,201605,23.67
경상남도,201605,28.25
제주특별자치도,201605,28.33
서울특별시,201606,28.0
부산광역시,201606,27.0
대구광역시,201606,24.0
인천광역시,201606,25.0
광주광역시,201606,23.0
대전광역시,201606,22.0
울산광역시,201606,25.0
세종특별자치시,201606,25.0
경기도,201606,24.67
강원도,201606,26.2
충청북도,201606,21.0
충청남도,201606,26.25
전라북도,201606,31.86
전라남도,201606,24.0
경상북도,201606,20.67
경상남도,201606,26.38
제주특별자치도,201606,21.0
서울특별시,201607,21.0
부산광역시,201607,17.0
대구광역시,201607,19.0
인천광역시,201607,19.0
광주광역시,201607,15.0
대전광역시,201607,13.0
울산광역시,201607,19.0
세종특별자치시,201607,19.0
경기도,201607,18.93
강원도,201607,19.2
충청북도,201607,10.83
충청남도,201607,17.25
전라북도,201607,17.86
전라남도,201607,18.6
경상북도,201607,15.0
경상남도,201607,18.12
제주특별자치도,201607,13.0
서울특별시,201608,22.0
부산광역시,201608,21.0
대구광역시,201608,17.0
인천광역시,201608,20.0
광주광역시,201608,17.0
대전광역시,201608,15.0
울산광역시,201608,16.0
세종특별자치시,201608,24.0
경기도,201608,19.79
강원도,201608,17.5
충청북도,201608,12.0
충청남도,201608,23.0
전라북도,201608,22.43
전라남도,201608,22.67
경상북도,201608,15.0
경상남도,201608,20.29
제주특별자치도,201608,13.33
서울특별시,201609,23.0
부산광역시,201609,21.0
대구광역시,201609,20.0
인천광역시,201609,25.0
광주광역시,201609,21.0
대전광역시,201609,17.0
울산광역시,201609,20.0
세종특별자치시,201609,19.0
경기도,201609,23.44
강원도,201609,21.4
충청북도,201609,18.5
충청남도,201609,24.0
전라북도,201609,27.62
전라남도,201609,21.5
경상북도,201609,20.75
경상남도,201609,21.0
제주특별자치도,201609,18.67
서울특별시,201610,20.0
부산광역시,201610,21.0
대구광역시,201610,20.0
인천광역시,201610,21.0
광주광역시,201610,18.0
대전광역시,201610,16.0
울산광역시,201610,18.0
세종특별자치시,201610,17.0
경기도,201610,22.78
강원도,201610,22.2
충청북도,201610,21.0
충청남도,201610,23.0
전라북도,201610,25.0
전라남도,201610,18.17
경상북도,201610,21.75
경상남도,201610,19.5
제주특별자치도,201610,16.67
서울특별시,201611,28.0
부산광역시,201611,31.0
대구광역시,201611,31.0
인천광역시,201611,29.0
광주광역시,201611,26.0
대전광역시,201611,25.0
울산광역시,201611,27.0
세종특별자치시,201611,28.0
경기도,201611,34.22
강원도,201611,30.2
충청북도,201611,34.5
충청남도,201611,30.0
전라북도,201611,37.0
전라남도,201611,23.5
경상북도,201611,32.75
경상남도,201611,27.75
제주특별자치도,201611,19.0
서울특별시,201612,30.0
부산광역시,201612,30.0
대구광역시,201612,28.0
인천광역시,201612,29.0
광주광역시,201612,26.0
대전광역시,201612,25.0
울산광역시,201612,24.0
세종특별자치시,201612,27.0
경기도,201612,34.32
강원도,201612,29.0
충청북도,201612,35.33
충청남도,201612,26.75
전라북도,201612,35.75
전라남도,201612,21.67
경상북도,201612,29.25
경상남도,201612,24.62
제주특별자치도,201612,19.67
서울특별시,201701,32.0
부산광역시,201701,31.0
대구광역시,201701,29.0
인천광역시,201701,31.0
광주광역시,201701,30.0
대전광역시,201701,26.0
울산광역시,201701,26.0
세종특별자치시,201701,32.0
경기도,201701,38.38
강원도,201701,34.0
충청북도,201701,39.0
충청남도,201701,28.0
전라북도,201701,37.67
전라남도,201701,23.5
경상북도,201701,31.0
경상남도,201701,26.38
제주특별자치도,201701,20.67
서울특별시,201702,28.0
부산광역시,201702,27.0
대구광역시,201702,24.0
인천광역시,201702,26.0
광주광역시,201702,23.0
대전광역시,201702,24.0
울산광역시,201702,23.0
세종특별자치시,201702,28.0
경기도,201702,33.14
강원도,201702,31.83
충청북도,201702,33.83
충청남도,201702,24.4
전라북도,201702,31.0
전라남도,201702,20.83
경상북도,201702,30.0
경상남도,201702,22.62
제주특별자치도,201702,22.0
서울특별시,201703,39.0
부산광역시,201703,34.0
대구광역시,201703,28.0
인천광역시,201703,37.0
광주광역시,201703,33.0
대전광역시,201703,29.0
울산광역시,201703,33.0
세종특별자치시,201703,37.0
경기도,201703,42.87
강원도,201703,37.0
충청북도,201703,38.67
충청남도,201703,34.6
전라북도,201703,43.0
전라남도,201703,27.33
경상북도,201703,33.2
경상남도,201703,27.75
제주특별자치도,201703,27.0
서울특별시,201704,26.0
부산광역시,201704,27.0
대구광역시,201704,21.0
인천광역시,201704,27.0
광주광역시,201704,26.0
대전광역시,201704,22.0
울산광역시,201704,27.0
세종특별자치시,201704,23.0
경기도,201704,29.35
강원도,201704,26.17
충청북도,201704,26.86
충청남도,201704,25.2
전라북도,201704,31.78
전라남도,201704,22.17
경상북도,201704,23.2
경상남도,201704,22.12
제주특별자치도,201704,24.0
서울특별시,201705,24.0
부산광역시,201705,29.0
대구광역시,201705,23.0
인천광역시,201705,27.0
광주광역시,201705,24.0
대전광역시,201705,21.0
울산광역시,201705,31.0
세종특별자치시,201705,20.0
경기도,201705,26.97
강원도,201705,26.5
충청북도,201705,24.86
충청남도,201705,23.4
전라북도,201705,28.22
전라남도,201705,21.0
경상북도,201705,24.33
경상남도,201705,23.88
제주특별자치도,201705,20.67
서울특별시,201706,22.0
부산광역시,201706,26.0
대구광역시,201706,21.0
인천광역시,201706,24.0
광주광역시,201706,22.0
대전광역시,201706,21.0
울산광역시,201706,28.0
세종특별자치시,201706,21.0
경기도,201706,22.71
강원도,201706,22.67
충청북도,201706,22.86
충청남도,201706,22.2
전라북도,201706,25.78
전라남도,201706,20.67
경상북도,201706,22.33
경상남도,201706,23.25
제주특별자치도,201706,22.67
서울특별시,201707,22.0
부산광역시,201707,23.0
대구광역시,201707,19.0
인천광역시,201707,
광주광역시,201707,16.0
대전광역시,201707,17.0
울산광역시,201707,27.0
세종특별자치시,201707,18.0
경기도,201707,20.14
강원도,201707,19.0
충청북도,201707,16.14
충청남도,201707,19.6
전라북도,201707,18.89
전라남도,201707,19.0
경상북도,201707,17.14
경상남도,201707,22.5
제주특별자치도,201707,15.33
서울특별시,201708,13.0
부산광역시,201708,16.0
대구광역시,201708,12.0
인천광역시,201708,15.0
광주광역시,201708,15.0
대전광역시,201708,11.0
울산광역시,201708,16.0
세종특별자치시,201708,12.0
경기도,201708,10.75
강원도,201708,11.6
충청북도,201708,9.0
충청남도,201708,14.25
전라북도,201708,15.29
전라남도,201708,15.33
경상북도,201708,12.67
경상남도,201708,15.25
제주특별자치도,201708,13.0
서울특별시,201709,19.0
부산광역시,201709,23.0
대구광역시,201709,
인천광역시,201709,22.0
광주광역시,201709,22.0
대전광역시,201709,18.0
울산광역시,201709,22.0
세종특별자치시,201709,20.0
경기도,201709,20.35
강원도,201709,19.0
충청북도,201709,20.29
충청남도,201709,22.64
전라북도,201709,23.44
전라남도,201709,18.8
경상북도,201709,19.17
경상남도,201709,20.12
제주특별자치도,201709,19.67
서울특별시,201710,15.0
부산광역시,201710,16.0
대구광역시,201710,
인천광역시,201710,17.0
광주광역시,201710,20.0
대전광역시,201710,15.0
울산광역시,201710,15.0
세종특별자치시,201710,17.0
경기도,201710,18.25
강원도,201710,15.0
충청북도,201710,18.57
충청남도,201710,18.8
전라북도,201710,21.33
전라남도,201710,14.8
경상북도,201710,17.2
경상남도,201710,15.62
제주특별자치도,201710,17.33
서울특별시,201711,22.0
부산광역시,201711,27.0
대구광역시,201711,29.0
인천광역시,201711,23.0
광주광역시,201711,31.0
대전광역시,201711,24.0
울산광역시,201711,25.0
세종특별자치시,201711,24.0
경기도,201711,29.48
강원도,201711,24.17
충청북도,201711,32.0
충청남도,201711,26.09
전라북도,201711,30.5
전라남도,201711,22.4
경상북도,201711,30.29
경상남도,201711,24.12
제주특별자치도,201711,24.67
서울특별시,201712,32.0
부산광역시,201712,28.0
대구광역시,201712,29.0
인천광역시,201712,28.0
광주광역시,201712,28.0
대전광역시,201712,25.0
울산광역시,201712,24.0
세종특별자치시,201712,21.0
경기도,201712,35.94
강원도,201712,29.8
충청북도,201712,34.14
충청남도,201712,25.2
전라북도,201712,29.17
전라남도,201712,21.75
경상북도,201712,31.43
경상남도,201712,23.62
제주특별자치도,201712,23.33
서울특별시,201801,32.0
부산광역시,201801,28.0
대구광역시,201801,30.0
인천광역시,201801,29.0
광주광역시,201801,28.0
대전광역시,201801,30.0
울산광역시,201801,25.0
세종특별자치시,201801,28.0
경기도,201801,37.34
강원도,201801,32.0
충청북도,201801,38.43
충청남도,201801,29.58
전라북도,201801,33.0
전라남도,201801,24.89
경상북도,201801,34.75
경상남도,201801,23.57
제주특별자치도,201801,19.33
서울특별시,201802,30.0
부산광역시,201802,30.0
대구광역시,201802,28.0
인천광역시,201802,27.0
광주광역시,201802,31.0
대전광역시,201802,28.0
울산광역시,201802,27.0
세종특별자치시,201802,26.0
경기도,201802,33.06
강원도,201802,28.14
충청북도,201802,31.71
충청남도,201802,26.0
전라북도,201802,30.73
전라남도,201802,27.25
경상북도,201802,31.33
경상남도,201802,24.89
제주특별자치도,201802,22.33
서울특별시,201803,34.0
부산광역시,201803,26.0
대구광역시,201803,26.0
인천광역시,201803,32.0
광주광역시,201803,32.0
대전광역시,201803,27.0
울산광역시,201803,23.0
세종특별자치시,201803,26.0
경기도,201803,37.0
강원도,201803,27.17
충청북도,201803,32.86
충청남도,201803,26.83
전라북도,201803,31.5
전라남도,201803,27.38
경상북도,201803,30.0
경상남도,201803,22.7
제주특별자치도,201803,23.67
서울특별시,201804,26.0
부산광역시,201804,28.0
대구광역시,201804,24.0
인천광역시,201804,24.0
광주광역시,201804,25.0
대전광역시,201804,23.0
울산광역시,201804,26.0
세종특별자치시,201804,23.0
경기도,201804,26.74
강원도,201804,26.29
충청북도,201804,27.44
충청남도,201804,20.56
전라북도,201804,25.27
전라남도,201804,22.43
경상북도,201804,26.78
경상남도,201804,23.1
제주특별자치도,201804,24.33
서울특별시,201805,23.0
부산광역시,201805,24.0
대구광역시,201805,21.0
인천광역시,201805,21.0
광주광역시,201805,21.0
대전광역시,201805,19.0
울산광역시,201805,24.0
세종특별자치시,201805,21.0
경기도,201805,22.63
강원도,201805,22.57
충청북도,201805,24.56
충청남도,201805,18.31
전라북도,201805,20.73
전라남도,201805,20.2
경상북도,201805,22.0
경상남도,201805,19.6
제주특별자치도,201805,20.33
서울특별시,201806,24.0
부산광역시,201806,25.0
대구광역시,201806,22.0
인천광역시,201806,22.0
광주광역시,201806,27.0
대전광역시,201806,19.0
울산광역시,201806,29.0
세종특별자치시,201806,22.0
경기도,201806,23.28
강원도,201806,20.29
충청북도,201806,24.33
충청남도,201806,20.93
전라북도,201806,26.55
전라남도,201806,23.4
경상북도,201806,21.89
경상남도,201806,22.3
제주특별자치도,201806,20.67
서울특별시,201807,16.0
부산광역시,201807,23.0
대구광역시,201807,18.0
인천광역시,201807,16.0
광주광역시,201807,15.0
대전광역시,201807,14.0
울산광역시,201807,27.0
세종특별자치시,201807,15.0
경기도,201807,14.07
강원도,201807,17.29
충청북도,201807,19.11
충청남도,201807,12.5
전라북도,201807,13.67
전라남도,201807,15.5
경상북도,201807,17.89
경상남도,201807,17.4
제주특별자치도,201807,16.33
서울특별시,201808,10.0
부산광역시,201808,14.0
대구광역시,201808,12.0
인천광역시,201808,12.0
광주광역시,201808,14.0
대전광역시,201808,11.0
울산광역시,201808,16.0
세종특별자치시,201808,10.0
경기도,201808,11.0
강원도,201808,12.43
충청북도,201808,13.33
충청남도,201808,10.0
전라북도,201808,12.92
전라남도,201808,13.38
경상북도,201808,13.9
경상남도,201808,11.6
제주특별자치도,201808,13.0
서울특별시,201809,14.0
부산광역시,201809,14.0
대구광역시,201809,12.0
인천광역시,201809,15.0
광주광역시,201809,13.0
대전광역시,201809,11.0
울산광역시,201809,14.0
세종특별자치시,201809,13.0
경기도,201809,12.07
강원도,201809,13.33
충청북도,201809,13.11
충청남도,201809,13.06
전라북도,201809,12.23
전라남도,201809,13.0
경상북도,201809,12.6
경상남도,201809,11.1
제주특별자치도,201809,13.0
서울특별시,201810,15.0
부산광역시,201810,17.0
대구광역시,201810,17.0
인천광역시,201810,16.0
광주광역시,201810,20.0
대전광역시,201810,17.0
울산광역시,201810,19.0
세종특별자치시,201810,14.0
경기도,201810,18.68
강원도,201810,14.0
충청북도,201810,20.89
충청남도,201810,15.31
전라북도,201810,18.38
전라남도,201810,16.44
경상북도,201810,20.3
경상남도,201810,14.8
제주특별자치도,201810,16.33
서울특별시,201811,28.0
부산광역시,201811,26.0
대구광역시,201811,31.0
인천광역시,201811,29.0
광주광역시,201811,36.0
대전광역시,201811,34.0
울산광역시,201811,29.0
세종특별자치시,201811,29.0
경기도,201811,35.29
강원도,201811,24.14
충청북도,201811,39.44
충청남도,201811,33.25
전라북도,201811,36.07
전라남도,201811,29.9
경상북도,201811,34.78
경상남도,201811,23.4
제주특별자치도,201811,22.67
서울특별시,201812,24.0
부산광역시,201812,23.0
대구광역시,201812,26.0
인천광역시,201812,24.0
광주광역시,201812,26.0
대전광역시,201812,27.0
울산광역시,201812,19.0
세종특별자치시,201812,31.0
경기도,201812,28.78
강원도,201812,21.22
충청북도,201812,32.56
충청남도,201812,24.81
전라북도,201812,28.29
전라남도,201812,23.0
경상북도,201812,27.0
경상남도,201812,19.3
제주특별자치도,201812,16.67
서울특별시,201901,38.0
부산광역시,201901,29.0
대구광역시,201901,33.0
인천광역시,201901,33.0
광주광역시,201901,33.0
대전광역시,201901,34.0
울산광역시,201901,26.0
세종특별자치시,201901,41.0
경기도,201901,42.0
강원도,201901,31.92
충청북도,201901,45.8
충청남도,201901,36.25
전라북도,201901,38.53
전라남도,201901,28.45
경상북도,201901,35.1
경상남도,201901,23.4
제주특별자치도,201901,22.0
서울특별시,201902,35.0
부산광역시,201902,28.0
대구광역시,201902,33.0
인천광역시,201902,31.0
광주광역시,201902,34.0
대전광역시,201902,36.0
울산광역시,201902,26.0
세종특별자치시,201902,41.0
경기도,201902,38.06
강원도,201902,30.06
충청북도,201902,44.75
충청남도,201902,34.62
전라북도,201902,39.4
전라남도,201902,29.73
경상북도,201902,34.1
경상남도,201902,25.0
제주특별자치도,201902,24.0
서울특별시,201903,45.0
부산광역시,201903,30.0
대구광역시,201903,33.0
인천광역시,201903,41.0
광주광역시,201903,39.0
대전광역시,201903,39.0
울산광역시,201903,29.0
세종특별자치시,201903,47.0
경기도,201903,46.53
강원도,201903,37.06
충청북도,201903,47.33
충청남도,201903,42.56
전라북도,201903,42.93
전라남도,201903,30.63
경상북도,201903,33.08
경상남도,201903,25.53
제주특별자치도,201903,29.33
서울특별시,201904,21.0
부산광역시,201904,20.0
대구광역시,201904,19.0
인천광역시,201904,20.0
광주광역시,201904,20.0
대전광역시,201904,16.0
울산광역시,201904,19.0
세종특별자치시,201904,19.0
경기도,201904,20.44
강원도,201904,17.28
충청북도,201904,22.67
충청남도,201904,21.44
전라북도,201904,22.07
전라남도,201904,17.37
경상북도,201904,16.33
경상남도,201904,16.6
제주특별자치도,201904,19.33
서울특별시,201905,29.0
부산광역시,201905,25.0
대구광역시,201905,23.0
인천광역시,201905,26.0
광주광역시,201905,22.0
대전광역시,201905,22.0
울산광역시,201905,26.0
세종특별자치시,201905,25.0
경기도,201905,27.22
강원도,201905,22.47
충청북도,201905,27.25
충청남도,201905,26.81
전라북도,201905,24.4
전라남도,201905,21.74
경상북도,201905,20.0
경상남도,201905,19.6
제주특별자치도,201905,19.33
서울특별시,201906,20.0
부산광역시,201906,21.0
대구광역시,201906,20.0
인천광역시,201906,17.0
광주광역시,201906,25.0
대전광역시,201906,18.0
울산광역시,201906,22.0
세종특별자치시,201906,20.0
경기도,201906,18.26
강원도,201906,16.79
충청북도,201906,24.36
충청남도,201906,21.88
전라북도,201906,23.13
전라남도,201906,20.68
경상북도,201906,16.83
경상남도,201906,19.07
제주특별자치도,201906,19.67
서울특별시,201907,19.0
부산광역시,201907,18.0
대구광역시,201907,16.0
인천광역시,201907,19.0
광주광역시,201907,17.0
대전광역시,201907,14.0
울산광역시,201907,19.0
세종특별자치시,201907,14.0
경기도,201907,17.13
강원도,201907,14.44
충청북도,201907,15.67
충청남도,201907,16.19
전라북도,201907,14.93
전라남도,201907,13.84
경상북도,201907,15.08
경상남도,201907,13.93
제주특별자치도,201907,16.0
서울특별시,201908,16.0
부산광역시,201908,19.0
대구광역시,201908,16.0
인천광역시,201908,18.0
광주광역시,201908,17.0
대전광역시,201908,15.0
울산광역시,201908,18.0
세종특별자치시,201908,16.0
경기도,201908,15.0
강원도,201908,13.89
충청북도,201908,17.17
충청남도,201908,16.88
전라북도,201908,16.13
전라남도,201908,16.75
경상북도,201908,15.0
경상남도,201908,15.27
제주특별자치도,201908,18.0
서울특별시,201909,12.0
부산광역시,201909,13.0
대구광역시,201909,13.0
인천광역시,201909,14.0
광주광역시,201909,15.0
대전광역시,201909,12.0
울산광역시,201909,13.0
세종특별자치시,201909,12.0
경기도,201909,11.97
강원도,201909,9.5
충청북도,201909,13.67
충청남도,201909,13.81
전라북도,201909,14.33
전라남도,201909,12.13
경상북도,201909,11.29
경상남도,201909,10.73
제주특별자치도,201909,12.67
서울특별시,201910,15.0
부산광역시,201910,13.0
대구광역시,201910,14.0
인천광역시,201910,16.0
광주광역시,201910,18.0
대전광역시,201910,15.0
울산광역시,201910,11.0
세종특별자치시,201910,17.0
경기도,201910,16.32
강원도,201910,13.12
충청북도,201910,19.17
충청남도,201910,19.38
전라북도,201910,17.36
전라남도,201910,13.91
경상북도,201910,12.93
경상남도,201910,11.15
제주특별자치도,201910,15.0
서울특별시,201911,20.0
부산광역시,201911,17.0
대구광역시,201911,21.0
인천광역시,201911,19.0
광주광역시,201911,20.0
대전광역시,201911,21.0
울산광역시,201911,15.0
세종특별자치시,201911,26.0
경기도,201911,22.78
강원도,201911,18.59
충청북도,201911,28.42
충청남도,201911,23.88
전라북도,201911,22.4
전라남도,201911,17.26
경상북도,201911,18.79
경상남도,201911,16.32
제주특별자치도,201911,15.33
서울특별시,201912,28.0
부산광역시,201912,23.0
대구광역시,201912,29.0
인천광역시,201912,25.0
광주광역시,201912,22.0
대전광역시,201912,25.0
울산광역시,201912,20.0
세종특별자치시,201912,32.0
경기도,201912,30.84
강원도,201912,24.33
충청북도,201912,33.25
충청남도,201912,28.53
전라북도,201912,24.43
전라남도,201912,18.57
경상북도,201912,24.36
경상남도,201912,19.47
제주특별자치도,201912,16.0
서울특별시,202001,29.0
부산광역시,202001,21.0
대구광역시,202001,26.0
인천광역시,202001,27.0
광주광역시,202001,27.0
대전광역시,202001,25.0
울산광역시,202001,19.0
세종특별자치시,202001,31.0
경기도,202001,30.97
강원도,202001,22.63
충청북도,202001,32.75
충청남도,202001,32.0
전라북도,202001,28.25
전라남도,202001,22.68
경상북도,202001,21.29
경상남도,202001,19.21
제주특별자치도,202001,19.0
서울특별시,202002,28.0
부산광역시,202002,22.0
대구광역시,202002,26.0
인천광역시,202002,23.0
광주광역시,202002,21.0
대전광역시,202002,23.0
울산광역시,202002,19.0
세종특별자치시,202002,28.0
경기도,202002,28.34
강원도,202002,24.58
충청북도,202002,29.83
충청남도,202002,30.06
전라북도,202002,24.38
전라남도,202002,19.61
경상북도,202002,22.4
경상남도,202002,20.21
제주특별자치도,202002,20.67
서울특별시,202003,25.0
부산광역시,202003,16.0
대구광역시,202003,20.0
인천광역시,202003,21.0
광주광역시,202003,18.0
대전광역시,202003,20.0
울산광역시,202003,17.0
세종특별자치시,202003,23.0
경기도,202003,25.22
강원도,202003,20.84
충청북도,202003,26.08
충청남도,202003,25.53
전라북도,202003,21.5
전라남도,202003,15.96
경상북도,202003,18.4
경상남도,202003,15.78
제주특별자치도,202003,15.33
서울특별시,202004,21.0
부산광역시,202004,17.0
대구광역시,202004,18.0
인천광역시,202004,16.0
광주광역시,202004,17.0
대전광역시,202004,17.0
울산광역시,202004,17.0
세종특별자치시,202004,18.0
경기도,202004,19.88
강원도,202004,18.79
충청북도,202004,22.17
충청남도,202004,20.07
전라북도,202004,18.93
전라남도,202004,16.13
경상북도,202004,16.83
경상남도,202004,15.06
제주특별자치도,202004,18.0
서울특별시,202005,19.0
부산광역시,202005,17.0
대구광역시,202005,20.0
인천광역시,202005,15.0
광주광역시,202005,18.0
대전광역시,202005,16.0
울산광역시,202005,19.0
세종특별자치시,202005,14.0
경기도,202005,18.41
강원도,202005,14.5
충청북도,202005,18.36
충청남도,202005,18.86
전라북도,202005,19.57
전라남도,202005,15.59
경상북도,202005,15.17
경상남도,202005,15.94
제주특별자치도,202005,19.33
서울특별시,202006,21.0
부산광역시,202006,15.0
대구광역시,202006,20.0
인천광역시,202006,17.0
광주광역시,202006,18.0
대전광역시,202006,19.0
울산광역시,202006,19.0
세종특별자치시,202006,16.0
경기도,202006,20.78
강원도,202006,18.0
충청북도,202006,20.09
충청남도,202006,19.31
전라북도,202006,23.27
전라남도,202006,15.05
경상북도,202006,15.67
경상남도,202006,15.68
제주특별자치도,202006,13.67
서울특별시,202007,13.0
부산광역시,202007,10.0
대구광역시,202007,14.0
인천광역시,202007,
광주광역시,202007,9.0
대전광역시,202007,9.0
울산광역시,202007,12.0
세종특별자치시,202007,9.0
경기도,202007,12.53
강원도,202007,8.68
충청북도,202007,9.75
충청남도,202007,12.06
전라북도,202007,12.47
전라남도,202007,9.23
경상북도,202007,8.82
경상남도,202007,10.28
제주특별자치도,202007,9.67
서울특별시,202008,14.0
부산광역시,202008,19.0
대구광역시,202008,16.0
인천광역시,202008,14.0
광주광역시,202008,14.0
대전광역시,202008,10.0
울산광역시,202008,17.0
세종특별자치시,202008,11.0
경기도,202008,12.42
강원도,202008,10.2
충청북도,202008,11.08
충청남도,202008,13.12
전라북도,202008,14.87
전라남도,202008,15.13
경상북도,202008,13.39
경상남도,202008,15.63
제주특별자치도,202008,14.33
서울특별시,202009,11.0
부산광역시,202009,13.0
대구광역시,202009,15.0
인천광역시,202009,10.0
광주광역시,202009,13.0
대전광역시,202009,12.0
울산광역시,202009,14.0
세종특별자치시,202009,10.0
경기도,202009,10.94
강원도,202009,9.24
충청북도,202009,11.92
충청남도,202009,12.6
전라북도,202009,13.46
전라남도,202009,13.24
경상북도,202009,11.29
경상남도,202009,12.47
제주특별자치도,202009,13.0
서울특별시,202010,17.0
부산광역시,202010,15.0
대구광역시,202010,18.0
인천광역시,202010,15.0
광주광역시,202010,17.0
대전광역시,202010,18.0
울산광역시,202010,15.0
세종특별자치시,202010,20.0
경기도,202010,18.25
강원도,202010,13.88
충청북도,202010,20.58
충청남도,202010,19.8
전라북도,202010,17.47
전라남도,202010,15.04
경상북도,202010,15.62
경상남도,202010,14.12
제주특별자치도,202010,15.67
서울특별시,202011,24.0
부산광역시,202011,17.0
대구광역시,202011,23.0
인천광역시,202011,21.0
광주광역시,202011,20.0
대전광역시,202011,20.0
울산광역시,202011,17.0
세종특별자치시,202011,25.0
경기도,202011,24.91
강원도,202011,19.13
충청북도,202011,25.42
충청남도,202011,24.62
전라북도,202011,20.13
전라남도,202011,15.67
경상북도,202011,21.04
경상남도,202011,16.89
제주특별자치도,202011,13.0
서울특별시,202012,27.0
부산광역시,202012,21.0
대구광역시,202012,24.0
인천광역시,202012,24.0
광주광역시,202012,24.0
대전광역시,202012,20.0
울산광역시,202012,19.0
세종특별자치시,202012,28.0
경기도,202012,28.66
강원도,202012,23.0
충청북도,202012,29.58
충청남도,202012,27.19
전라북도,202012,22.73
전라남도,202012,17.91
경상북도,202012,24.05
경상남도,202012,19.0
제주특별자치도,202012,14.0
서울특별시,202101,21.0
부산광역시,202101,19.0
대구광역시,202101,21.0
인천광역시,202101,20.0
광주광역시,202101,22.0
대전광역시,202101,18.0
울산광역시,202101,17.0
세종특별자치시,202101,25.0
경기도,202101,22.06
강원도,202101,16.61
충청북도,202101,24.83
충청남도,202101,24.44
전라북도,202101,21.6
전라남도,202101,17.09
경상북도,202101,19.87
경상남도,202101,17.44
제주특별자치도,202101,13.67
서울특별시,202102,29.0
부산광역시,202102,21.0
대구광역시,202102,24.0
인천광역시,202102,28.0
광주광역시,202102,25.0
대전광역시,202102,21.0
울산광역시,202102,21.0
세종특별자치시,202102,27.0
경기도,202102,30.0
강원도,202102,20.95
충청북도,202102,28.33
충청남도,202102,30.81
전라북도,202102,25.57
전라남도,202102,20.22
경상북도,202102,22.5
경상남도,202102,19.53
제주특별자치도,202102,17.0
서울특별시,202103,32.0
부산광역시,202103,21.0
대구광역시,202103,23.0
인천광역시,202103,33.0
광주광역시,202103,27.0
대전광역시,202103,23.0
울산광역시,202103,20.0
세종특별자치시,202103,27.0
경기도,202103,32.5
강원도,202103,19.32
충청북도,202103,27.25
충청남도,202103,33.12
전라북도,202103,28.8
전라남도,202103,21.73
경상북도,202103,20.33
경상남도,202103,19.21
제주특별자치도,202103,23.33
서울특별시,202104,19.0
부산광역시,202104,15.0
대구광역시,202104,17.0
인천광역시,202104,19.0
광주광역시,202104,18.0
대전광역시,202104,15.0
울산광역시,202104,16.0
세종특별자치시,202104,16.0
경기도,202104,18.39
강원도,202104,14.11
충청북도,202104,17.91
충청남도,202104,20.23
전라북도,202104,18.0
전라남도,202104,14.32
경상북도,202104,15.88
경상남도,202104,14.67
제주특별자치도,202104,14.0
서울특별시,202105,20.0
부산광역시,202105,16.0
대구광역시,202105,18.0
인천광역시,202105,20.0
광주광역시,202105,20.0
대전광역시,202105,18.0
울산광역시,202105,17.0
세종특별자치시,202105,16.0
경기도,202105,20.44
강원도,202105,14.63
충청북도,202105,20.55
충청남도,202105,21.73
전라북도,202105,20.07
전라남도,202105,16.87
경상북도,202105,17.12
경상남도,202105,15.61
제주특별자치도,202105,16.0
서울특별시,202106,19.0
부산광역시,202106,15.0
대구광역시,202106,20.0
인천광역시,202106,23.0
광주광역시,202106,18.0
대전광역시,202106,18.0
울산광역시,202106,17.0
세종특별자치시,202106,16.0
경기도,202106,20.12
강원도,202106,13.22
충청북도,202106,19.0
충청남도,202106,20.38
전라북도,202106,20.57
전라남도,202106,15.74
경상북도,202106,17.42
경상남도,202106,16.47
제주특별자치도,202106,13.0
서울특별시,202107,15.0
부산광역시,202107,9.0
대구광역시,202107,10.0
인천광역시,202107,19.0
광주광역시,202107,10.0
대전광역시,202107,9.0
울산광역시,202107,10.0
세종특별자치시,202107,9.0
경기도,202107,14.13
강원도,202107,9.67
충청북도,202107,9.75
충청남도,202107,12.87
전라북도,202107,11.13
전라남도,202107,10.65
경상북도,202107,11.58
경상남도,202107,11.46
제주특별자치도,202107,8.0
서울특별시,202108,13.0
부산광역시,202108,10.0
대구광역시,202108,11.0
인천광역시,202108,13.0
광주광역시,202108,10.0
대전광역시,202108,
울산광역시,202108,11.0
세종특별자치시,202108,9.0
경기도,202108,12.25
강원도,202108,9.53
충청북도,202108,10.17
충청남도,202108,12.8
전라북도,202108,10.67
전라남도,202108,10.15
경상북도,202108,11.08
경상남도,202108,11.15
제주특별자치도,202108,7.33
서울특별시,202109,7.0
부산광역시,202109,8.0
대구광역시,202109,9.0
인천광역시,202109,8.0
광주광역시,202109,8.0
대전광역시,202109,8.0
울산광역시,202109,8.0
세종특별자치시,202109,7.0
경기도,202109,7.47
강원도,202109,5.67
충청북도,202109,8.08
충청남도,202109,8.67
전라북도,202109,8.5
전라남도,202109,8.67
경상북도,202109,8.38
경상남도,202109,9.18
제주특별자치도,202109,8.0
서울특별시,202110,13.0
부산광역시,202110,12.0
대구광역시,202110,15.0
인천광역시,202110,14.0
광주광역시,202110,15.0
대전광역시,202110,15.0
울산광역시,202110,12.0
세종특별자치시,202110,15.0
경기도,202110,14.46
강원도,202110,8.81
충청북도,202110,17.08
충청남도,202110,16.06
전라북도,202110,15.27
전라남도,202110,13.1
경상북도,202110,12.83
경상남도,202110,13.21
제주특별자치도,202110,11.0
서울특별시,202111,26.0
부산광역시,202111,18.0
대구광역시,202111,22.0
인천광역시,202111,25.0
광주광역시,202111,21.0
대전광역시,202111,19.0
울산광역시,202111,17.0
세종특별자치시,202111,24.0
경기도,202111,27.17
강원도,202111,18.18
충청북도,202111,26.5
충청남도,202111,23.53
전라북도,202111,20.93
전라남도,202111,17.73
경상북도,202111,20.25
경상남도,202111,17.79
제주특별자치도,202111,17.0
서울특별시,202112,23.0
부산광역시,202112,19.0
대구광역시,202112,22.0
인천광역시,202112,24.0
광주광역시,202112,23.0
대전광역시,202112,21.0
울산광역시,202112,17.0
세종특별자치시,202112,26.0
경기도,202112,24.19
강원도,202112,16.56
충청북도,202112,25.08
충청남도,202112,25.38
전라북도,202112,21.71
전라남도,202112,19.33
경상북도,202112,19.25
경상남도,202112,17.32
제주특별자치도,202112,14.67
서울특별시,202201,29.0
부산광역시,202201,21.0
대구광역시,202201,24.0
인천광역시,202201,28.0
광주광역시,202201,23.0
대전광역시,202201,25.0
울산광역시,202201,18.0
세종특별자치시,202201,30.0
경기도,202201,30.35
강원도,202201,22.42
충청북도,202201,30.33
충청남도,202201,29.87
전라북도,202201,26.07
전라남도,202201,21.05
경상북도,202201,22.42
경상남도,202201,20.32
제주특별자치도,202201,15.33
서울특별시,202202,26.0
부산광역시,202202,19.0
대구광역시,202202,21.0
인천광역시,202202,24.0
광주광역시,202202,24.0
대전광역시,202202,24.0
울산광역시,202202,18.0
세종특별자치시,202202,27.0
경기도,202202,26.45
강원도,202202,20.74
충청북도,202202,26.5
충청남도,202202,27.19
전라북도,202202,24.87
전라남도,202202,20.55
경상북도,202202,20.83
경상남도,202202,18.05
제주특별자치도,202202,17.67
서울특별시,202203,21.0
부산광역시,202203,21.0
대구광역시,202203,22.0
인천광역시,202203,22.0
광주광역시,202203,21.0
대전광역시,202203,24.0
울산광역시,202203,20.0
세종특별자치시,202203,24.0
경기도,202203,23.48
강원도,202203,19.07
충청북도,202203,25.5
충청남도,202203,24.69
전라북도,202203,22.33
전라남도,202203,17.13
경상북도,202203,22.09
경상남도,202203,18.11
제주특별자치도,202203,19.33
서울특별시,202204,22.0
부산광역시,202204,16.0
대구광역시,202204,17.0
인천광역시,202204,22.0
광주광역시,202204,17.0
대전광역시,202204,18.0
울산광역시,202204,16.0
세종특별자치시,202204,17.0
경기도,202204,21.78
강원도,202204,16.35
충청북도,202204,19.64
충청남도,202204,20.94
전라북도,202204,19.13
전라남도,202204,15.17
경상북도,202204,16.0
경상남도,202204,14.58
제주특별자치도,202204,15.67
서울특별시,202205,17.0
부산광역시,202205,17.0
대구광역시,202205,17.0
인천광역시,202205,16.0
광주광역시,202205,16.0
대전광역시,202205,15.0
울산광역시,202205,19.0
세종특별자치시,202205,14.0
경기도,202205,17.12
강원도,202205,14.35
충청북도,202205,17.73
충청남도,202205,16.56
전라북도,202205,16.53
전라남도,202205,15.09
경상북도,202205,15.91
경상남도,202205,16.17
제주특별자치도,202205,14.33
서울특별시,202206,12.0
부산광역시,202206,10.0
대구광역시,202206,12.0
인천광역시,202206,12.0
광주광역시,202206,12.0
대전광역시,202206,10.0
울산광역시,202206,12.0
세종특별자치시,202206,10.0
경기도,202206,12.56
강원도,202206,10.37
충청북도,202206,13.55
충청남도,202206,11.19
전라북도,202206,12.71
전라남도,202206,11.09
경상북도,202206,12.61
경상남도,202206,11.33
제주특별자치도,202206,10.33
서울특별시,202207,16.0
부산광역시,202207,12.0
대구광역시,202207,12.0
인천광역시,202207,18.0
광주광역시,202207,12.0
대전광역시,202207,12.0
울산광역시,202207,12.0
세종특별자치시,202207,12.0
경기도,202207,14.31
강원도,202207,8.37
충청북도,202207,13.67
충청남도,202207,14.31
전라북도,202207,14.0
전라남도,202207,11.17
경상북도,202207,11.4
경상남도,202207,12.61
제주특별자치도,202207,10.67
서울특별시,202208,11.0
부산광역시,202208,10.0
대구광역시,202208,9.0
인천광역시,202208,11.0
광주광역시,202208,9.0
대전광역시,202208,8.0
울산광역시,202208,14.0
세종특별자치시,202208,8.0
경기도,202208,10.12
강원도,202208,8.0
충청북도,202208,10.25
충청남도,202208,8.81
전라북도,202208,9.2
전라남도,202208,8.26
경상북도,202208,9.05
경상남도,202208,9.88
제주특별자치도,202208,8.0
서울특별시,202209,11.0
부산광역시,202209,10.0
대구광역시,202209,9.0
인천광역시,202209,14.0
광주광역시,202209,12.0
대전광역시,202209,10.0
울산광역시,202209,12.0
세종특별자치시,202209,10.0
경기도,202209,11.47
강원도,202209,7.16
충청북도,202209,11.75
충청남도,202209,12.38
전라북도,202209,12.6
전라남도,202209,11.09
경상북도,202209,8.72
경상남도,202209,10.35
제주특별자치도,202209,14.0
서울특별시,202210,14.0
부산광역시,202210,11.0
대구광역시,202210,12.0
인천광역시,202210,17.0
광주광역시,202210,14.0
대전광역시,202210,14.0
울산광역시,202210,12.0
세종특별자치시,202210,15.0
경기도,202210,15.44
강원도,202210,8.63
충청북도,202210,15.58
충청남도,202210,17.5
전라북도,202210,16.67
전라남도,202210,11.91
경상북도,202210,12.19
경상남도,202210,12.06
제주특별자치도,202210,12.33
서울특별시,202211,22.0
부산광역시,202211,19.0
대구광역시,202211,23.0
인천광역시,202211,24.0
광주광역시,202211,21.0
대전광역시,202211,24.0
울산광역시,202211,19.0
세종특별자치시,202211,25.0
경기도,202211,24.94
강원도,202211,16.56
충청북도,202211,26.33
충청남도,202211,25.81
전라북도,202211,25.07
전라남도,202211,17.64
경상북도,202211,22.04
경상남도,202211,18.79
제주특별자치도,202211,17.0
서울특별시,202212,19.0
부산광역시,202212,18.0
대구광역시,202212,20.0
인천광역시,202212,20.0
광주광역시,202212,20.0
대전광역시,202212,21.0
울산광역시,202212,18.0
세종특별자치시,202212,23.0
경기도,202212,22.12
강원도,202212,17.22
충청북도,202212,26.0
충청남도,202212,21.87
전라북도,202212,22.2
전라남도,202212,14.52
경상북도,202212,19.35
경상남도,202212,16.21
제주특별자치도,202212,13.67
서울특별시,202301,26.0
부산광역시,202301,21.0
대구광역시,202301,23.0
인천광역시,202301,27.0
광주광역시,202301,23.0
대전광역시,202301,23.0
울산광역시,202301,20.0
세종특별자치시,202301,25.0
경기도,202301,27.62
강원도,202301,20.05
충청북도,202301,28.17
충청남도,202301,26.86
전라북도,202301,25.0
전라남도,202301,18.61
경상북도,202301,21.83
경상남도,202301,19.89
제주특별자치도,202301,16.67
서울특별시,202302,30.0
부산광역시,202302,22.0
대구광역시,202302,27.0
인천광역시,202302,31.0
광주광역시,202302,26.0
대전광역시,202302,30.0
울산광역시,202302,23.0
세종특별자치시,202302,34.0
경기도,202302,32.22
강원도,202302,23.58
충청북도,202302,32.33
충청남도,202302,33.94
전라북도,202302,30.93
전라남도,202302,20.57
경상북도,202302,24.04
경상남도,202302,21.05
제주특별자치도,202302,15.0
