이미지,생활지수,지수,안내멘트,그래프 값,그래프 최댓값
../img/icon_idx_carwash.png?ver=20231214,세차지수,0,세차하기 안 좋은 날씨예요,0,100
../img/icon_idx_running.png?ver=20231214,달리기지수,0,꼭 뛰고 싶다면 러닝머신을 이용하세요,0,100
../img/icon_idx_washing.png?ver=20231214,빨래지수,14,옷과 건강을 위해 빨래는 다음으로,14,100
../img/icon_idx_sleep.png?ver=20231214,수면지수,10,잠자기 전 가벼운 스트레칭 추천,10,100
../img/icon_idx_umb.png?ver=20231214,우산지수,70,오늘은 우산 챙겨 나가는 날!,70,100
../img/icon_life_uv.png?ver=20231214,자외선지수,1,바깥 활동에 문제없어요,25,100
../img/icon_life_cold.png?ver=20231214,감기지수,3,면역력에 좋은 야채를 많이 먹어요,75,100
../img/icon_life_freez.png?ver=20231214,동파지수,25,동파지수가 매우 낮아요,25,100
