{"properties": [
  {
    "name": "naver.accessId",
    "type": "java.lang.String",
    "description": "A description for 'naver.accessId'"
  },
  {
    "name": "naver.secretKey",
    "type": "java.lang.String",
    "description": "A description for 'naver.secretKey'"
  },
  {
    "name": "roadAddrKey",
    "type": "java.lang.String",
    "description": "A description for 'roadAddrKey'"
  },
  {
    "name": "etriKey",
    "type": "java.lang.String",
    "description": "A description for 'etriKey'"
  },
  {
    "name": "web.driver.id",
    "type": "java.lang.String",
    "description": "A description for 'web.driver.id'"
  },
  {
    "name": "web.driver.path",
    "type": "java.lang.String",
    "description": "A description for 'web.driver.path'"
  },
  {
    "name": "papago.accessId",
    "type": "java.lang.String",
    "description": "A description for 'papago.accessId'"
  },
  {
    "name": "papago.secretKey",
    "type": "java.lang.String",
    "description": "A description for 'papago.secretKey'"
  },
  {
    "name": "weatherKey",
    "type": "java.lang.String",
    "description": "A description for 'weatherKey'"
  },
  {
    "name": "chatGptApiKey",
    "type": "java.lang.String",
    "description": "A description for 'chatGptApiKey'"
  },
  {
    "name": "naver.IPaddr",
    "type": "java.lang.String",
    "description": "A description for 'naver.IPaddr'"
  },
  {
    "name": "naver.ocr.apiUrl",
    "type": "java.lang.String",
    "description": "A description for 'naver.ocr.apiUrl'"
  },
  {
    "name": "naver.ocr.secretKey",
    "type": "java.lang.String",
    "description": "A description for 'naver.ocr.secretKey'"
  },
  {
    "name": "bbsInitialUrl",
    "type": "java.lang.String",
    "description": "A description for 'bbsInitialUrl'"
  },
  {
    "name": "kakao.apiKey",
    "type": "java.lang.String",
    "description": "A description for 'kakao.apiKey'"
  }
]}