이미지,생활지수,지수,안내멘트,그래프 값,그래프 최댓값
../img/icon_idx_carwash.png?ver=20231226,세차지수,90,반짝반짝 세차는 오늘이 최적이죠!,90,100
../img/icon_idx_running.png?ver=20231226,달리기지수,57.5,야외운동은 준비운동을 철저히!,57.5,100
../img/icon_idx_washing.png?ver=20231226,빨래지수,46,오늘은 빨래하기 보통의 날씨예요,46,100
../img/icon_idx_sleep.png?ver=20231226,수면지수,20,따뜻한 우유 한 잔은 수면에 도움,20,100
../img/icon_idx_umb.png?ver=20231226,우산지수,20,휴대하기 편한 우산 하나 챙기세요,20,100
../img/icon_life_uv.png?ver=20231226,자외선지수,0,바깥 활동에 문제없어요,25,100
../img/icon_life_cold.png?ver=20231226,감기지수,4,외부 활동은 되도록 삼가요,100,100
../img/icon_life_freez.png?ver=20231226,동파지수,25,동파! 안심해도 좋아요,25,100
