구분(1),구분(2),2015.01,2015.02,2015.03,2015.04,2015.05,2015.06,2015.07,2015.08,2015.09,2015.10,2015.11,2015.12,2016.01,2016.02,2016.03,2016.04,2016.05,2016.06,2016.07,2016.08,2016.09,2016.10,2016.11,2016.12,2017.01,2017.02,2017.03,2017.04,2017.05,2017.06,2017.07,2017.08,2017.09,2017.10,2017.11,2017.12,2018.01,2018.02,2018.03,2018.04,2018.05,2018.06,2018.07,2018.08,2018.09,2018.10,2018.11,2018.12,2019.01,2019.02,2019.03,2019.04,2019.05,2019.06,2019.07,2019.08,2019.09,2019.10,2019.11,2019.12,2020.01,2020.02,2020.03,2020.04,2020.05,2020.06,2020.07,2020.08,2020.09,2020.10,2020.11,2020.12,2021.01,2021.02,2021.03,2021.04,2021.05,2021.06,2021.07,2021.08,2021.09,2021.10,2021.11,2021.12,2022.01,2022.02,2022.03,2022.04,2022.05,2022.06,2022.07,2022.08,2022.09,2022.10,2022.11,2022.12
총계,소계,0.006,0.006,0.006,0.005,0.006,0.005,0.004,0.004,0.004,0.004,0.004,0.005,0.005,0.005,0.005,0.005,0.005,0.005,0.004,0.004,0.004,0.004,0.004,0.005,0.005,0.005,0.005,0.005,0.005,0.005,0.004,0.004,0.004,0.003,0.004,0.004,0.005,0.005,0.004,0.004,0.004,0.004,0.004,0.004,0.003,0.003,0.004,0.004,0.005,0.004,0.004,0.004,0.004,0.004,0.003,0.003,0.003,0.003,0.003,0.004,0.004,0.003,0.003,0.003,0.003,0.003,0.003,0.003,0.003,0.003,0.003,0.003,0.003,0.003,0.003,0.003,0.003,0.003,0.003,0.003,0.003,0.003,0.003,0.003,0.003,0.003,0.003,0.003,0.003,0.002,0.002,0.002,0.002,0.002,0.003,0.003
서울특별시,서울특별시,0.007,0.007,0.007,0.005,0.006,0.005,0.005,0.005,0.004,0.005,0.005,0.006,0.006,0.006,0.006,0.005,0.005,0.005,0.004,0.004,0.004,0.004,0.005,0.005,0.005,0.005,0.005,0.005,0.005,0.004,0.004,0.004,0.004,0.004,0.005,0.005,0.006,0.005,0.005,0.004,0.004,0.004,0.004,0.004,0.003,0.004,0.005,0.005,0.005,0.005,0.005,0.004,0.005,0.004,0.004,0.004,0.003,0.003,0.004,0.004,0.004,0.003,0.003,0.003,0.003,0.003,0.002,0.003,0.003,0.003,0.003,0.004,0.004,0.003,0.003,0.003,0.003,0.003,0.003,0.003,0.003,0.003,0.003,0.003,0.004,0.003,0.003,0.003,0.003,0.002,0.003,0.003,0.003,0.003,0.003,0.003
부산광역시,부산광역시,0.007,0.007,0.008,0.008,0.009,0.008,0.007*,0.006,0.005,0.005,0.005,0.005,0.005,0.006,0.006,0.006,0.007,0.006,0.006,0.005,0.005,0.005,0.005,0.005,0.005,0.005,0.005,0.006,0.006,0.006,0.005,0.004,0.004,0.004,0.004,0.004,0.004,0.005,0.005,0.005,0.006,0.006,0.007,0.005,0.004,0.004,0.004,0.004,0.005,0.004,0.004,0.005,0.006,0.006,0.005,0.005,0.004,0.004,0.004,0.004,0.004,0.004,0.003,0.003,0.004,0.004,0.003,0.004,0.003,0.003,0.004,0.003,0.003,0.004,0.003,0.003,0.002,0.003,0.003,0.003,0.003,0.003,0.003,0.003,0.003,0.003,0.003,0.003,0.003,0.003,0.003,0.003,0.003,0.003,0.003,0.003
대구광역시,대구광역시,0.005,0.005,0.004,0.003,0.003,0.003,0.003,0.003,0.002,0.003,0.003,0.004,0.004,0.004,0.004,0.004,0.004,0.003,0.003,0.003,0.003,0.003,0.004*,0.004,0.005,0.004,0.004,0.003,0.003,0.003,0.002,0.002,0.002*,0.002*,0.004,0.004,0.004,0.004,0.003,0.003,0.002,0.002,0.002,0.002,0.002,0.002,0.003,0.004,0.004,0.003,0.003,0.003,0.003,0.002,0.002,0.002,0.002,0.002,0.003,0.004,0.003,0.003,0.003,0.002,0.002,0.002,0.002,0.002,0.002,0.002,0.002,0.003,0.003,0.002,0.002,0.002,0.002,0.002,0.002,0.001,0.001,0.002,0.002,0.002,0.002,0.002,0.002,0.002,0.002,0.001,0.002,0.002,0.001,0.001,0.002,0.002
인천광역시,인천광역시,0.007,0.007,0.008,0.006,0.007,0.006,0.005,0.006,0.005,0.006,0.005,0.007,0.007,0.007,0.007,0.007,0.007,0.006,0.006,0.005,0.005,0.005,0.006,0.006,0.006,0.006,0.007,0.006,0.006,0.005,0.005,0.004,0.005,0.004,0.005,0.006,0.006,0.006,0.005,0.005,0.004,0.005,0.004,0.004,0.004,0.004,0.005,0.005,0.006,0.006,0.005,0.005,0.006,0.004,0.004,0.004,0.004,0.004,0.005,0.005,0.005,0.004,0.004,0.004,0.004,0.003,0.003,0.003,0.003,0.004,0.004,0.004,0.004,0.004,0.003,0.003,0.003,0.003,0.003,0.003,0.003,0.003,0.004,0.004,0.004,0.004,0.004,0.003,0.003,0.003,0.003,0.003,0.003,0.003,0.004,0.004
광주광역시,광주광역시,0.004,0.004,0.004,0.003,0.003,0.003,0.003,0.003,0.002*,0.002,0.002,0.003,0.003,0.004,0.003,0.003,0.003,0.002,0.002,0.002,0.002,0.003,0.003,0.003,0.003,0.003,0.003,0.002,0.003,0.002,0.002,0.002,0.002,0.002,0.003,0.003,0.003,0.003,0.002,0.002,0.002,0.002,0.003,0.003,0.002,0.003,0.003,0.003,0.003,0.003,0.002,0.002,0.003,0.002,0.002,0.003,0.003,0.003,0.003,0.003,0.003,0.003,0.003,0.003,0.002,0.002,0.002,0.003,0.003,0.003,0.003,0.003,0.003,0.002,0.003,0.003,0.003,0.003,0.003,0.003,0.003,0.003,0.003,0.003,0.003,0.003,0.003,0.003,0.003,0.002,0.003,0.003,0.003,0.003,0.003,0.003
대전광역시,대전광역시,0.006,0.005,0.005,0.003,0.004,0.003,0.002,0.002,0.002,0.002,0.003,0.005,0.005,0.004,0.004,0.003,0.003,0.002,0.002,0.003,0.002,0.002,0.004,0.004,0.004,0.004,0.004,0.003,0.003,0.002,0.002,0.002,0.002,0.002,0.003,0.003,0.003,0.004,0.002,0.002,0.002,0.002,0.002,0.002,0.002,0.002,0.003,0.003,0.004,0.003,0.003,0.002,0.003,0.002,0.002,0.002,0.002,0.002,0.003,0.003,0.003,0.003,0.002,0.002,0.002,0.002,0.002,0.002,0.002,0.002,0.002,0.003,0.003,0.003,0.003,0.003,0.003,0.003,0.003,0.003,0.003,0.003,0.004,0.004,0.004,0.004,0.004,0.003,0.004,0.003,0.003,0.002,0.003,0.002,0.003,0.003
울산광역시,울산광역시,0.006,0.006,0.008,0.008,0.012,0.01,0.009,0.009,0.006,0.006,0.005,0.005,0.005,0.006,0.007,0.008,0.009,0.009,0.009,0.006,0.006,0.005,0.005,0.004,0.004,0.005,0.005,0.007,0.008,0.008,0.009,0.006,0.005,0.004,0.004,0.004,0.004,0.005,0.006,0.007,0.007,0.008,0.009,0.006,0.004,0.004,0.004,0.004,0.004,0.004,0.005,0.006,0.007,0.007,0.006,0.006,0.005,0.004,0.004,0.004,0.004,0.004,0.004,0.004,0.005,0.006,0.004,0.004,0.003,0.003,0.003,0.003,0.003,0.004,0.004,0.004,0.004,0.004,0.003,0.003,0.002,0.003,0.003,0.003,0.003,0.003,0.003,0.004,0.004,0.004,0.004,0.003,0.003,0.003,0.003,0.003
세종특별자치시,세종특별자치시,-,-,-,-,-,-,-,-,-,-,-,-,0.005,0.004,0.004,0.003,0.003,0.002,0.002,0.004,0.003,0.004,0.005,0.005,0.005,0.005,0.005,0.004,0.004,0.004,0.002,0.002,0.002,0.002,0.002,0.003,0.003,0.003,0.002,0.003,0.003,0.003,0.002,0.002,0.002,0.002,0.003,0.004,0.004,0.004,0.003,0.003,0.004,0.003,0.003,0.003,0.003,0.003,0.003,0.003,0.003,0.003,0.003,0.003,0.003,0.003,0.002,0.003,0.004,0.004,0.004,0.004,0.004,0.004,0.004,0.004,0.003,0.003,0.003,0.003,0.003,0.003,0.003,0.003,0.003,0.003,0.003,0.003,0.003,0.003,0.002,0.003,0.003,0.003,0.003,0.003
경기도,수원,0.007,0.007,0.007,0.005,0.006,0.005,0.004,0.004,0.004,0.004,0.004,0.006,0.006,0.005,0.005,0.004,0.004,0.004,0.004,0.004,0.003,0.003,0.004,0.004,0.005,0.005,0.006,0.004,0.004,0.004,0.003*,0.003,0.003,0.003,0.003,0.004,0.004,0.004,0.004,0.003,0.003,0.004,0.004,0.003,0.002,0.003,0.003,0.004,0.004,0.004,0.004,0.003,0.004,0.003,0.003,0.003,0.003,0.002,0.003,0.003,0.003,0.003,0.003,0.003,0.002,0.003,0.002,0.002,0.002,0.003,0.003,0.003,0.003,0.003,0.003,0.003,0.002,0.002,0.002,0.002,0.002,0.002,0.003,0.003,0.003,0.002,0.002,0.002,0.002,0.002,0.002,0.002,0.002,0.002,0.002,0.002
,안양,0.007,0.006,0.007,0.005,0.006,0.005,0.004**,0.004,0.004*,0.004*,0.004*,0.006*,0.005,0.005,0.005,0.004,0.004,0.004,0.004,0.004,0.004,0.003,0.003,0.004,0.005,0.005,0.005,0.004,0.005,0.004,0.004,0.003,0.004,0.004,0.004,0.005,0.006,0.006,0.005,0.004,0.004,0.004,0.003,0.003,0.003,0.003,0.003,0.004,0.004,0.004,0.004,0.004,0.004,0.003,0.003,0.003,0.003,0.003,0.003,0.004,0.004,0.003,0.003,0.003,0.003,0.003,0.002,0.003,0.003,0.003,0.003,0.004,0.003,0.003,0.003,0.004,0.003,0.003,0.003,0.003,0.003,0.003,0.003,0.002,0.002,0.002,0.002,0.002,0.002,0.002,0.002,0.002,0.002,0.002,0.002,0.003
,성남,0.007,0.006,0.006,0.005,0.005,0.004,0.004,0.004,0.004,0.004,0.004,0.005,0.005,0.005,0.005,0.004,0.004,0.004,0.003,0.003,0.004,0.003,0.004,0.005,0.005,0.005,0.005,0.004,0.004,0.004,0.003,0.003,0.004,0.003,0.004,0.005,0.005,0.005,0.004,0.004,0.003,0.003,0.003,0.003,0.003,0.003,0.004,0.004,0.005,0.004,0.004,0.003,0.004,0.003,0.003,0.003,0.002,0.002,0.003,0.003,0.003,0.003,0.002,0.002,0.002,0.002,0.002,0.002,0.002,0.003,0.003,0.003,0.003,0.003,0.003,0.002,0.002,0.002,0.002,0.002,0.002,0.002,0.002,0.003,0.003,0.002,0.002,0.002,0.002,0.001,0.002,0.002,0.001,0.002,0.002,0.002
,의정부,0.008,0.006,0.005,0.003,0.003,0.003,0.003,0.003,0.003,0.003,0.003,0.005,0.006,0.005,0.005,0.004,0.003,0.003,0.003,0.003,0.002,0.003,0.004,0.004,0.005,0.005,0.004,0.004,0.004,0.003,0.003,0.003,0.003,0.003,0.004,0.004,0.005,0.005,0.004,0.004,0.003,0.003,0.003,0.002,0.002,0.002,0.003,0.005,0.005,0.005,0.004,0.004,0.004,0.003,0.003,0.003,0.003,0.003,0.003,0.004,0.004,0.004,0.004,0.004,0.003,0.004,0.004,0.003,0.003,0.004,0.004,0.004,0.004,0.005,0.004,0.003,0.003,0.004,0.004,0.003,0.003,0.003,0.003,0.003,0.003,0.003,0.003,0.003,0.003,0.002,0.002,0.002,0.002,0.002,0.003,0.003
,광명,0.006,0.006,0.006,0.005,0.005,0.005,0.004,0.004,0.003,0.004,0.004,0.006,0.006,0.005,0.005,0.005,0.004,0.004,0.004,0.003,0.003,0.003,0.004,0.005,0.005,0.005,0.005,0.004,0.005,0.003,0.003,0.003,0.003,0.003,0.004,0.004,0.005,0.005,0.004,0.004,0.003,0.003,0.003,0.003,0.002,0.003,0.004,0.005,0.005,0.004,0.004,0.003,0.004,0.003,0.003,0.002,0.003,0.003,0.004,0.004,0.004,0.003,0.003,0.003,0.003,0.003,0.002,0.002,0.002,0.003,0.003,0.004,0.003,0.003,0.002,0.002,0.002,0.002,0.002,0.002,0.002,0.002,0.002,0.003,0.003,0.003,0.002,0.002,0.002,0.001,0.001,0.001,0.002,0.002,0.002,0.002
,안산,0.006,0.006,0.007,0.006,0.007,0.006,0.004,0.004,0.004,0.005,0.004,0.006,0.006,0.005,0.006,0.006,0.006,0.005,0.005,0.005,0.004,0.004,0.004,0.005,0.006,0.006,0.007,0.006,0.006,0.005,0.004,0.004,0.004,0.004,0.005,0.005,0.006,0.006,0.006,0.006,0.005,0.006,0.005,0.004,0.003,0.004,0.005,0.005,0.005,0.005,0.005,0.005,0.006,0.005,0.003,0.004,0.003,0.004,0.004,0.004,0.004,0.004,0.004,0.003,0.003,0.003,0.003,0.003*,0.003*,0.003*,0.004,0.004,0.004,0.004,0.004,0.003,0.003,0.003,0.003,0.003,0.002,0.003,0.003,0.003,0.004,0.003,0.003,0.003,0.003,0.003,0.003,0.002,0.003,0.003,0.003,0.003
,평택,0.007,0.008,0.007,0.006,0.007,0.005,0.005,0.005,0.004,0.005,0.004,0.005,0.006,0.006,0.007,0.007,0.007,0.007,0.005,0.007,0.005,0.004,0.006,0.006,0.007,0.008,0.008,0.006,0.007,0.008,0.006,0.006,0.006,0.005,0.005,0.005,0.007,0.007,0.006,0.005*,0.005*,0.006,0.006,0.005,0.004,0.004,0.004,0.004,0.006,0.006,0.005,0.004,0.006,0.005,0.004,0.004,0.003,0.004,0.004,0.004,0.004,0.004,0.004,0.004,0.005,0.004,0.004,0.004,0.004,0.004,0.004,0.005,0.004,0.004,0.004,0.004,0.004,0.004,0.004,0.005,0.005,0.005,0.003,0.003,0.004,0.004,0.003,0.003,0.003,0.003,0.002,0.002,0.003,0.003,0.003,0.003
,과천,0.006,0.006,0.005,0.004,0.004,0.003,0.003,0.003,0.003,0.003,0.003,0.005,0.005,0.005,0.004,0.003,0.003,0.003,0.003,0.002,0.003,0.003,0.004,0.005,0.005,0.005,0.005,0.004,0.004,0.003,0.002,0.002,0.003,0.003,0.004,0.005,0.005,0.005,0.003,0.003,0.003,0.003,0.003,0.002,0.002,0.003,0.003,0.004,0.005,0.004,0.004,0.003,0.004,0.003,0.003,0.003,0.003,0.003,0.003,0.003,0.003,0.003,0.003,0.003,0.002,0.002,0.002,0.002,0.002,0.002,0.003,0.004,0.004,0.003,0.002,0.002,0.002,0.002,0.002,0.002,0.002,0.002,0.003,0.003,0.003,0.003,0.002**,0.002*,0.002,0.001,0.001,0.001,0.001,0.001,0.002,0.002
,구리,0.006,0.006,0.005,0.005,0.005,0.004,0.004,0.004,0.004,0.004*,0.003,0.004,0.005,0.005,0.005,0.005,0.004,0.003,0.003,0.003,0.003,0.003,0.004,0.004,0.005,0.005,0.006,0.005,0.005,0.003,0.004,0.003,0.003,0.004,0.004,0.005,0.006,0.005,0.004,0.003,0.003,0.002,0.002,0.002,0.002,0.002,0.003,0.003,0.004,0.004,0.004,0.003,0.004,0.003*,0.002,0.003,0.003,0.003,0.003,0.003,0.003,0.003,0.003,0.003,0.003,0.003,0.003,0.003,0.003,0.003,0.003,0.004,0.003,0.004,0.003,0.003,0.003,0.002,0.002,0.003,0.003,0.003,0.002,0.002,0.002,0.002,0.002,0.002,0.002,0.002,0.002,0.002,0.002,0.002,0.002,0.002
,의왕,0.007,0.006,0.006,0.004,0.005,0.004,0.004,0.004,0.003,0.004,0.003**,0.005,0.005,0.005,0.005,0.004,0.004,0.004,0.003,0.003,0.003,0.003,0.004,0.005,0.005,0.005,0.006,0.004,0.004,0.004,0.003,0.003,0.003,0.003,0.004,0.004,0.005,0.005,0.004,0.004,0.003,0.003,0.003,0.003,0.002,0.002,0.003,0.004,0.004,0.004,0.004,0.003,0.004,0.003,0.003,0.003,0.002,0.002,0.003,0.003,0.003,0.003,0.003,0.003,0.002,0.003,0.002,0.002,0.002,0.002,0.003,0.003,0.003,0.003,0.003,0.002**,0.002,0.002,0.002,0.002,0.002,0.002,0.002,0.003,0.003,0.002,0.002,0.002,0.002,0.001,0.001,0.001,0.001,0.002,0.002,0.002
,고양,0.007,0.007,0.007,0.004,0.004,0.004,0.005,0.004,0.004,0.004,0.004,0.006,0.007,0.006,0.007,0.005,0.005,0.005,0.004,0.004,0.004,0.004,0.006,0.006,0.007,0.007,0.006,0.005,0.005,0.004,0.004,0.004,0.004,0.004,0.005,0.007,0.007,0.007,0.005,0.004,0.003,0.003,0.003,0.003,0.003,0.003,0.005,0.005,0.006,0.005,0.004,0.003,0.004,0.003,0.003,0.003,0.003,0.003,0.004,0.004,0.004,0.004,0.004,0.003,0.003,0.003,0.003,0.003,0.003,0.003,0.003,0.004,0.004,0.004,0.003,0.003,0.003,0.003,0.003,0.003,0.003*,0.003,0.003,0.003,0.003,0.003,0.002,0.003,0.003,0.002,0.002,0.002,0.002,0.002,0.002,0.003
,광주,0.007,0.007,0.007,0.006,0.005,0.005,0.005,0.004,0.004,0.005,0.005,0.008,0.008,0.008,0.005,0.006,0.006,0.005,0.004,0.004,0.004,0.003,0.006,0.005,0.006,0.005,0.007,0.006,0.003,0.002,0.004,0.004**,0.003,0.003,0.004,0.004,0.004,0.005,0.004,0.004,0.003,0.004,0.005,0.004,0.004,0.003,0.004,0.005,0.006,0.006,0.007,0.005,0.007,0.004,0.002,0.002,0.001,0.002,0.003,0.003,0.003,0.002,0.002,0.002,0.002,0.002,0.002,0.002,0.002,0.002,0.003,0.003,0.002,0.002,0.002,0.002,0.002,0.002,0.002,0.002,0.002,0.002,0.002,0.002,0.002,0.002,0.002,0.002,0.002,0.001,0.002,0.001,0.001,0.002,0.002,0.002
,군포,0.005,0.005,0.006,0.004,0.005,0.005,0.004,0.004,0.004,0.004*,0.003**,0.004**,0.005,0.005,0.005,0.005,0.005,0.005,0.004,0.004,0.004,0.004,0.005,0.005,0.006,0.005,0.006,0.005,0.005,0.005,0.004,0.004,0.004,0.004,0.005,0.006,0.006,0.005,0.004,0.004,0.004,0.004,0.003,0.003,0.003,0.003,0.004,0.004,0.005,0.004,0.004,0.003,0.005,0.004,0.004,0.003*,0.003,0.003,0.004,0.004,0.004,0.003,0.003,0.003,0.004,0.004,0.003,0.003,0.003,0.003,0.004,0.005,0.005,0.005,0.006,0.006,0.003,0.004,0.004,0.003,0.004,0.004,0.003,0.002,0.003,0.003,0.003,0.003,0.002,0.002,0.002,0.002,0.002,0.002,0.003,0.002
,시흥,0.008,0.007,0.008,0.007,0.01,0.007,0.007,0.007,0.006,0.006,0.005,0.007,0.006,0.006,0.007,0.008,0.008,0.007,0.007,0.007,0.005,0.004,0.007,0.007,0.006,0.007,0.009,0.009,0.01,0.008,0.008,0.005,0.006,0.004,0.006,0.007,0.006,0.006,0.007,0.007,0.006,0.006,0.004,0.004,0.003,0.003,0.004,0.005,0.005,0.005,0.005,0.005,0.007,0.006,0.004,0.003,0.003,0.003,0.004,0.004,0.004,0.004,0.003,0.004,0.003,0.004,0.003,0.003,0.003,0.004,0.004,0.004,0.004*,0.004,0.003,0.003,0.003,0.003,0.003,0.004,0.004,0.004,0.003,0.003,0.003,0.003,0.003,0.003,0.003,0.002,0.002,0.002,0.003,0.003,0.003,0.003
,부천,0.007,0.007,0.007,0.006,0.007,0.006,0.005,0.005,0.005,0.006,0.005,0.007,0.007,0.007,0.007,0.006,0.006,0.005,0.004,0.004,0.005,0.004,0.005,0.006,0.006,0.006,0.007,0.006,0.007,0.005,0.005,0.005,0.006,0.005,0.005,0.005,0.005,0.005,0.005,0.005,0.004*,0.005,0.004,0.003,0.003,0.004,0.004,0.005,0.005,0.005,0.005,0.004,0.006,0.004,0.004,0.005,0.004,0.005,0.005,0.005,0.005,0.005,0.005,0.005,0.004,0.004,0.004,0.004,0.004,0.004,0.004,0.005,0.004,0.004,0.004,0.004,0.003,0.003,0.002,0.002,0.002,0.002,0.003,0.003,0.003,0.002,0.002,0.002,0.002,0.001,0.002,0.001,0.001,0.002,0.002,0.002
,남양주,0.005,0.005,0.005,0.004,0.004,0.003,0.003,0.002,0.002,0.003,0.003,0.004,0.004,0.004,0.004,0.003,0.003,0.003,0.002,0.002,0.002,0.002,0.003,0.004,0.004,0.004,0.003,0.003,0.003,0.003,0.002,0.002,0.002,0.002,0.003,0.003,0.004,0.004,0.003,0.003,0.002,0.002,0.003,0.003,0.002,0.002*,0.003,0.003,0.004,0.003,0.003,0.003,0.004,0.003,0.003,0.002,0.002,0.002,0.003,0.003,0.003,0.003,0.003,0.003,0.002,0.003,0.002,0.002,0.003,0.003,0.003,0.003,0.003,0.003,0.003,0.003,0.002,0.002,0.002,0.002,0.002,0.002,0.002,0.003,0.003,0.003,0.002,0.002,0.002,0.002,0.002,0.002,0.002,0.002,0.002,0.002
,용인,0.006,0.006,0.007,0.005,0.006,0.005,0.004,0.004,0.004,0.005,0.005,0.006,0.007,0.006,0.006,0.005,0.005,0.005,0.004,0.005,0.005,0.005,0.006,0.005,0.006,0.005,0.006,0.005,0.006,0.005,0.005,0.004,0.004,0.004,0.005,0.005,0.005,0.005,0.004,0.004,0.003,0.004,0.003,0.003,0.003,0.003,0.003,0.004,0.004,0.003,0.003,0.003,0.003,0.003,0.002,0.002,0.002,0.002,0.003,0.003,0.003,0.003,0.003,0.002,0.002,0.002,0.002,0.002,0.002,0.003,0.003,0.003,0.003,0.003,0.002,0.002,0.002,0.002,0.002,0.002,0.002,0.002,0.002,0.002,0.003,0.002,0.002,0.002,0.002,0.001,0.001,0.001,0.001,0.002,0.001,0.002
,김포,0.007,0.006,0.006,0.005,0.005,0.004,0.004,0.004,0.003,0.004,0.004,0.005,0.005,0.005,0.006,0.005,0.004,0.004,0.004,0.003,0.003,0.003,0.004,0.004,0.004,0.005,0.005,0.005,0.005,0.004,0.004,0.003,0.004,0.003,0.004,0.005,0.005,0.005,0.005,0.004,0.003,0.003,0.003,0.003,0.003,0.003,0.004,0.004,0.004,0.004,0.004,0.003,0.005,0.003,0.003,0.003,0.003,0.003,0.003,0.004,0.004,0.003,0.003,0.003,0.003,0.003,0.003,0.003,0.002*,0.003,0.003,0.004,0.004,0.004,0.003,0.004,0.003,0.003,0.003,0.003,0.003,0.003*,0.003*,0.003*,0.003,0.003,0.002,0.002,0.002,0.002,0.002,0.002,0.002,0.002,0.003,0.003
,오산,0.006,0.006,0.006,0.004,0.005,0.004,0.003,0.003,0.003,0.004,0.004,0.005,0.005,0.005,0.005,0.005,0.004,0.004,0.003,0.004,0.003,0.003,0.004,0.005,0.005,0.005,0.006,0.004,0.004,0.004,0.003,0.003,0.003,0.003,0.004,0.004,0.005,0.005,0.004,0.004,0.003,0.003,0.003,0.003,0.003,0.003,0.004,0.004,0.005,0.004,0.004,0.004,0.004,0.003,0.003,0.003,0.003,0.003,0.004,0.003,0.003,0.003,0.003,0.003,0.002,0.002,0.002,0.002,0.002,0.003,0.003,0.003,0.003,0.003,0.003,0.003,0.003,0.003,0.003,0.002,0.002,0.003,0.003,0.004,0.004,0.003,0.003,0.003,0.003,0.003,0.003**,0.002,0.002,0.002,0.003,0.003
,하남,0.006,0.006,0.006,0.004,0.004,0.004,0.003,0.003,0.003,0.004,0.003,0.004,0.005,0.005,0.005,0.004,0.004,0.004,0.003,0.004,0.003,0.003,0.004,0.004,0.005,0.005,0.005,0.004,0.004,0.004,0.003,0.003,0.004,0.003,0.004,0.004,0.005,0.004,0.004,0.004,0.003,0.003,0.003,0.003,0.003,0.003,0.003,0.004,0.005,0.004,0.004,0.004,0.004,0.003,0.003,0.003,0.003,0.003,0.003,0.003,0.004,0.002,0.002,0.002,0.002,0.002,0.002,0.002,0.003,0.003,0.003,0.003,0.003,0.003,0.003,0.003,0.002,0.002,0.002,0.002,0.002,0.002,0.003,0.003,0.003,0.003,0.003,0.003,0.002,0.002,0.002,0.002,0.002,0.002,0.003,0.002
,화성,0.005,0.005,0.006,0.005,0.005,0.004,0.004,0.004,0.004,0.005,0.005*,0.006**,0.006,0.005,0.006,0.005,0.005,0.004,0.004,0.005,0.004,0.005,0.006,0.006,0.005,0.005,0.005,0.004,0.005,0.005,0.003,0.003,0.004,0.004,0.004,0.005,0.005,0.005,0.004,0.004,0.003,0.003,0.003,0.003,0.003,0.003,0.004,0.003,0.004,0.004,0.005,0.005,0.005,0.005,0.005,0.005,0.005,0.005,0.005,0.005,0.005,0.004,0.004,0.003,0.004,0.004,0.003,0.003,0.004,0.004,0.004,0.005,0.004,0.004,0.004,0.004,0.004,0.004,0.004,0.004,0.004,0.004,0.003,0.003,0.003,0.003,0.003,0.003,0.002,0.002,0.002,0.002,0.002,0.003,0.003,0.003
,양주,0.007,0.006,0.007,0.006,0.005,0.003,0.004,0.004,0.004,0.004,0.005,0.006,0.007,0.007,0.005,0.004,0.004,0.003,0.003,0.003,0.003,0.004,0.004,0.005,0.005,0.005,0.004,0.004,0.004,0.004,0.003,0.003,0.004**,0.003,0.006,0.008,0.008,0.007,0.005,0.004,0.004,0.003,0.004,0.004,0.003,0.003,0.003,0.004,0.004,0.004,0.004,0.003,0.004,0.003,0.002,0.002,0.003,0.003,0.003,0.003,0.004,0.003,0.003,0.003,0.003,0.003,0.003,0.003,0.003,0.003,0.003,0.004,0.004,0.004,0.003,0.004,0.004,0.004,0.003,0.004,0.004,0.004,0.002,0.002,0.003,0.003,0.002,0.002,0.002,0.002,0.002,0.002,0.002,0.002,0.003,0.003
,동두천,0.008,0.007,0.007,0.005,0.004,0.004,0.004,0.004,0.005,0.005,0.006,0.007,0.008,0.008,0.006,0.005,0.004,0.004,0.004,0.003,0.004,0.004,0.005,0.005,0.005,0.006,0.005,0.005,0.005,0.004,0.003,0.003**,0.003,0.003,0.006,0.007,0.005,0.006,0.005,0.004,0.003,0.004,0.004,0.003,0.003,0.003,0.004,0.005,0.005,0.005,0.005,0.003,0.004,0.003,0.002,0.003,0.004,0.003,0.005,0.006,0.005,0.004,0.004,0.004,0.004,0.005,0.004,0.004,0.004,0.005,0.004,0.005,0.005,0.005,0.004,0.004,0.003,0.002,0.003,0.003,0.003,0.004,0.003,0.003,0.003,0.003,0.003,0.003,0.002,0.002,0.002,0.002,0.002,0.002,0.004,0.004
,안성,0.005,0.005,0.005,0.004,0.005,0.004,0.003,0.003,0.003,0.004,0.004,0.005,0.006,0.006,0.005,0.005,0.004,0.004,0.003,0.003,0.003,0.004,0.004,0.005,0.005,0.004,0.005,0.004,0.004,0.005,0.003,0.003,0.003,0.004,0.004,0.004,0.005,0.005,0.004,0.003,0.003,0.003,0.003,0.003**,0.002,0.002,0.003,0.004,0.004,0.003,0.003,0.002,0.003,0.002,0.002,0.002,0.002,0.002,0.003,0.003,0.003,0.002,0.002,0.002,0.002,0.002,0.002,0.002,0.002,0.003,0.003,0.003,0.003,0.003,0.003,0.003,0.002,0.002,0.002,0.002,0.002,0.002,0.002,0.002,0.003,0.002,0.002,0.002,0.002,0.002,0.001,0.002,0.002,0.003,0.003,0.001
,이천,0.008,0.007,0.006,0.004,0.005,0.004,0.004,0.005,0.005,0.005,0.004,0.006*,0.005,0.005,0.006,0.004,0.004,0.003,0.003,0.004*,0.003,0.004,0.006,0.007,0.006,0.006,0.005,0.005,0.006,0.005,0.004,0.004,0.004,0.006,0.005,0.005,0.007,0.007,0.004,0.004,0.003,0.003,0.003,0.003,0.003,0.004,0.004,0.004,0.005,0.004,0.004,0.004,0.004,0.004,0.003,0.003,0.003,0.003,0.003,0.003,0.004,0.004,0.004,0.004,0.004,0.004,0.003,0.003,0.003,0.004,0.004,0.004,0.003,0.003,0.003,0.003,0.003,0.003,0.003,0.003,0.003,0.003,0.003,0.003,0.003,0.003,0.002,0.002,0.002,0.002,0.002,0.002,0.002,0.002,0.003,0.003
,파주,0.008,0.007,0.006,0.004,0.004,0.003,0.003,0.003,0.003,0.004,0.004,0.006,0.006,0.006,0.005,0.004,0.003,0.004,0.003,0.003,0.003,0.003,0.004,0.005,0.006,0.006,0.005,0.004,0.003,0.003,0.003,0.002,0.003,0.003,0.004,0.005,0.005,0.005,0.003,0.003,0.002,0.002,0.003,0.002,0.002,0.003,0.003,0.005,0.005,0.004,0.004,0.003,0.003,0.002,0.002,0.002,0.002,0.002,0.003,0.004,0.003,0.003,0.002,0.002,0.002,0.002,0.002,0.002,0.002,0.003,0.003,0.004,0.004,0.003,0.003,0.002,0.002,0.002,0.002,0.002,0.002,0.002,0.002,0.003,0.003,0.003,0.002,0.002,0.002,0.001,0.002,0.002,0.002,0.002,0.003,0.003
,포천,0.007,0.006,0.005,0.004,0.004,0.003,0.003,0.004,0.004,0.005,0.004,0.005,0.004,0.004,0.004,0.004,0.005**,0.004,0.003,0.003,0.004,0.004,0.005,0.005,0.006,0.006,0.006,0.005,0.004,0.003,0.003,0.003,0.004,0.004,0.005,0.005,0.005,0.005,0.005,0.004,0.004,0.003,0.003,0.003,0.003,0.004,0.004,0.005,0.006,0.005,0.006,0.004,0.004,0.003,0.003,0.003,0.003,0.004,0.004,0.004,0.004,0.004,0.004,0.003,0.003,0.003,0.003,0.003,0.003,0.003,0.004,0.004,0.004,0.004,0.004,0.003,0.003,0.003,0.003,0.003,0.002,0.003,0.004,0.003,0.003,0.003,0.003,0.002,0.002,0.002,0.002,0.002,0.002,0.002,0.003,0.003
,여주,0.008,0.008,0.008,0.005,0.005,0.004,0.004,0.004,0.003,0.004,0.004,0.005,0.006,0.005,0.006,0.005,0.004,0.004,0.003,0.004,0.003,0.004,0.005,0.006,0.006,0.006,0.005,0.005,0.006,0.003,0.003,0.002,0.003,0.003,0.004,0.006,0.007,0.007,0.004,0.003,0.003,0.003,0.004,0.004,0.004,0.003,0.003,0.004,0.004,0.004,0.004,0.003,0.003,0.004,0.005,0.003,0.003,0.003,0.004,0.005,0.004,0.004,0.004,0.003,0.004,0.004,0.003,0.004,0.003,0.003,0.003,0.003,0.003,0.004,0.004,0.004,0.003,0.003,0.004*,0.003,0.003,0.003,0.003,0.003,0.003,0.003,0.002,0.003,0.002,0.002,0.002,0.002,0.002,0.002,0.002,0.002
,연천,0.007,0.006,0.005,0.004,0.004,0.003,0.002,0.003,0.003,0.003,0.004,0.005,0.006,0.005,0.004,0.003,0.003,0.003,0.003,0.003,0.002,0.003,0.004,0.005,0.005,0.004,0.004,0.004,0.004,0.004,0.004,0.004,0.003,0.004,0.004,0.004,0.004,0.004,0.003,0.003,0.003,0.003,0.003,0.003,0.003,0.003,0.003,0.004,0.004,0.004,0.004,0.004,0.004,0.003,0.002,0.002,0.003,0.003,0.003,0.003,0.003,0.003,0.003,0.003,0.003,0.002,0.002,0.003,0.003,0.004,0.004,0.005,0.004,0.003,0.004,0.004,0.004,0.004,0.002,0.003,0.002,0.003,0.003,0.003,0.003**,0.003**,0.002,0.002,0.002,0.001,0.001,0.001*,0.002,0.002,0.002,0.002
,가평,0.005,0.005,0.005,0.003,0.004,0.003,0.003,0.003,0.003,0.003,0.004,0.005,0.006,0.004,0.004,0.004,0.003,0.003,0.003,0.003,0.003,0.003,0.004,0.004,0.005,0.005,0.005,0.003,0.003,0.003,0.003,0.003,0.003,0.003,0.004,0.005,0.005,0.004,0.003,0.003,0.002,0.003,0.003,0.003,0.003,0.003,0.003,0.004,0.003,0.003,0.003,0.003,0.003,0.004*,0.003,0.003,0.004,0.004,0.004,0.004,0.003,0.002,0.003,0.003,0.002,0.002,0.002,0.002,0.003,0.003,0.003,0.004,0.003,0.003,0.002,0.002,0.002,0.002,0.002,0.002,0.002*,0.002**,0.002**,0.003,0.003,0.003,0.002,0.002,0.002,0.001,0.001,0.002,0.002,0.002,0.002,0.002
,양평,0.004,0.004,0.004,0.004,0.004,0.003,0.003,0.003,0.003,0.003,0.003,0.003,0.004,0.004,0.004,0.003,0.003,0.002,0.002,0.002,0.002,0.002,0.003,0.003,0.004,0.004,0.004,0.003,0.003,0.003,0.002,0.002,0.002,0.002,0.003,0.003,0.004,0.003,0.003,0.003,0.002,0.003,0.002,0.002,0.002,0.002,0.003,0.003,0.003,0.003,0.003,0.002,0.003,0.002,0.002,0.002,0.002,0.002,0.002,0.002,0.002,0.002,0.002,0.002,0.002,0.002,0.001,0.002,0.002,0.002,0.003,0.003,0.002,0.003,0.003,0.002,0.002,0.002,0.002,0.002,0.002**,0.002,0.003,0.003,0.003,0.003,0.002,0.002,0.002,0.002,0.002,0.002,0.002,0.002,0.002,0.002
,도평균,0.007,0.006,0.006,0.005,0.006,0.005,0.004,0.004,0.004,0.004,0.004,0.005,0.006,0.005,0.005,0.005,0.005,0.004,0.004,0.004,0.004,0.004,0.005,0.005,0.005,0.005,0.006,0.005,0.005,0.004,0.004,0.003,0.004,0.004,0.004,0.005,0.005,0.005,0.004,0.004,0.004,0.004,0.003,0.003,0.003,0.003,0.004,0.004,0.005,0.004,0.004,0.004,0.004,0.004,0.003,0.003,0.003,0.003,0.004,0.004,0.004,0.003,0.003,0.003,0.003,0.003,0.003,0.003,0.003,0.003,0.003,0.004,0.004,0.003,0.003,0.003,0.003,0.003,0.003,0.003,0.003,0.003,0.003,0.003,0.003,0.003,0.002,0.002,0.002,0.002,0.002,0.002,0.002,0.002,0.002,0.002
강원도,양구,-,-,-,-,-,-,-,-,-,-,-,-,-,-,-,-,-,-,-,-,-,-,-,-,-,-,-,-,-,-,-,-,-,-,-,-,-,-,-,-,-,-,-,-,-,-,-,-,0.002*,0.002,0.002,0.002,0.002,0.001,0.002,0.002,0.001,0.001,0.002,0.003,0.002,0.003,0.002,0.003,0.002,0.002,0.002,0.002,0.002,0.002,0.002,0.001,0.001,0.001,0.002,0.002,0.002,0.002,0.002,0.002,0.002,0.002,0.002,0.002,0.002,0.002,0.002,0.002,0.003,0.001,0.002,0.002,0.002,0.002,0.002,0.002
,고성,-,-,-,-,-,-,-,-,-,-,-,-,-,-,-,-,-,-,-,-,-,-,-,-,-,-,-,-,-,-,-,-,-,-,-,-,-,-,-,-,-,-,-,-,-,-,-,0.002,0.003,0.002,0.002,0.002,0.002,0.002,0.002,0.002,0.002,0.002,0.002,0.003,0.002,0.002,0.002,0.002,0.002,0.002,0.002,0.001,0.001,0.001,0.002,0.002,0.002,0.002,0.002,0.002,0.002,0.001,0.002,0.002,0.002,0.002,0.002,0.002,0.002,0.003,0.002,0.002,0.002,0.002,0.002,0.002,0.002,0.001,0.002,0.002
,정선,-,-,-,-,-,-,-,-,-,-,-,-,-,-,-,-,-,-,-,-,-,-,-,-,-,-,-,-,-,-,-,-,-,-,-,-,-,-,-,-,-,-,-,-,-,-,-,-,0.002,0.003,0.004,0.002,0.002,0.002,0.002,0.002,0.002,0.002,0.002,0.003,0.004,0.002,0.002,0.002,0.002,0.003,0.002,0.002,0.002,0.002,0.002,0.002,0.003,0.003,0.002,0.002,0.002,0.002,0.002,0.003,0.003,0.002,0.002,0.002,0.002,0.002,0.002,0.002,0.002,0.002,0.002,0.002,0.002,0.002,0.002,0.002
,횡성,-,-,-,-,-,-,-,-,-,-,-,-,-,-,-,-,-,-,-,-,-,-,-,-,-,-,-,-,-,-,-,-,-,-,-,-,-,-,-,-,-,-,-,-,-,-,-,0.002,0.002,0.001,0.002,0.001,0.002,0.001,0.001,0.002,0.001,0.002,0.002,0.003,0.003,0.003,0.002,0.003,0.002,0.002,0.002,0.002,0.002,0.002,0.002,0.002,0.002,0.002,0.002,0.002,0.001,0.001,0.001,0.001,0.002,0.002,0.002,0.002,0.002,0.002,0.002,0.002,0.002,0.001,0.001,0.002,0.002,0.002,0.002,0.002
,춘천,0.007,0.007,0.006,0.004,0.003,0.003,0.002,0.002,0.002,0.003,0.003,0.005*,0.006**,0.006**,0.004**,0.003**,0.002**,0.002**,0.002**,0.002**,0.002**,0.003**,0.004**,0.005**,0.005**,0.004,0.003,0.003,0.003,0.002,0.002,0.002,0.003,0.003,0.004,0.004,0.004,0.004,0.004,0.003,0.003,0.003,0.002,0.002,0.003,0.003,0.003,0.004,0.005,0.004,0.003,0.002,0.003,0.002,0.002,0.002,0.002,0.003,0.003,0.003,0.003,0.003,0.002,0.002,0.002,0.002,0.002,0.002,0.002*,0.002*,0.003,0.004,0.004,0.004,0.003,0.002,0.002,0.002,0.002,0.002,0.002,0.002,0.003,0.003,0.003,0.003,0.002,0.002,0.002,0.002,0.002,0.002,0.002,0.002,0.002,0.003
,강릉,0.007,0.007,0.006,0.004,0.003,0.003,0.002,0.002,0.002,0.003,0.004,0.005,0.004,0.005,0.005,0.003,0.002,0.002,0.002,0.002,0.002,0.003,0.004,0.005,0.005,0.004,0.004,0.003,0.003,0.001,0.001,0.002,0.003,0.003,0.003,0.004,0.005,0.005,0.005,0.002,0.002,0.002,0.002,0.002,0.003,0.003**,0.003,0.004,0.005,0.004,0.003,0.002,0.002,0.002,0.001,0.001,0.001,0.001*,-,0.002,0.002,0.003,0.002,0.002,0.003,0.003,0.002,0.002,0.003,0.002,0.003,0.003,0.003,0.003,0.003,0.002,0.002,0.002,0.002,0.002,0.003,0.003,0.003,0.003,0.004,0.003,0.003,0.002,0.002,0.002,0.002,0.002,0.002,0.002,0.002,0.003
,원주,0.012,0.01,0.009,0.004,0.003,0.002,0.002,0.002,0.002,0.003,0.004,0.008,0.009,0.007,0.006,0.004,0.002,0.002,0.002,0.002,0.002,0.003,0.005,0.006,0.007,0.006,0.005,0.003,0.002,0.002,0.001,0.001,0.002,0.002,0.005,0.006,0.006,0.006,0.004,0.002,0.002,0.002,0.002,0.002,0.002,0.002*,0.003,0.004,0.006,0.004,0.004,0.002,0.002,0.002,0.002,0.002,0.001,0.002,0.003,0.004,0.004,0.003,0.003,0.002,0.002*,0.002*,0.002,0.002,0.002,0.003,0.003,0.004,0.004,0.003,0.003,0.003,0.002,0.002,0.002,0.002,0.002,0.002,0.003,0.003,0.003,0.003,0.003,0.002,0.003,0.002,0.002,0.002,0.002,0.002,0.003,0.004
,동해,0.006,0.005,0.005,0.003,0.004,0.003,0.002,0.002,0.002,0.003,0.003,0.004,0.004,0.004,0.003,0.002,0.003,0.002,0.002,0.001,0.001,0.002,0.003,0.003,0.003,0.003,0.003,0.002,0.003,0.002,0.002,0.002*,0.003**,0.002,0.003,0.003,0.003,0.003,0.002,0.002,0.002,0.002,0.002,0.002,0.002,0.002*,0.002,0.003,0.003,0.003,0.002,0.002,0.002,0.002,0.002,0.002,0.002,0.002,0.002*,0.002,0.002,0.002,0.002,0.002,0.002,0.001,0.001,0.001,0.001,0.002,0.003,0.003,0.003,0.002,0.002,0.002,0.002,0.001,0.002,0.002,0.002,0.002,0.002,0.002,0.002,0.002,0.002,0.002,0.002,0.002,0.002,0.002,0.002,0.002,0.002,0.002
,삼척,0.007,0.006,0.005,0.003,0.003,0.002,0.002,0.002,0.002,0.003,0.004,0.005,0.006,0.005,0.004,0.003,0.002,0.002,0.002,0.002,0.002,0.003,0.004,0.004,0.004,0.003,0.003,0.002,0.003,0.002,0.001,0.001,0.003**,0.002,0.004,0.004,0.004,0.004,0.003,0.002,0.002,0.002,0.002,0.001,0.001,0.002,0.003,0.003,0.003,0.003,0.003,0.002,0.002,0.002,0.002,0.002,0.002,0.002,0.003,0.003,0.003,0.003,0.002,0.002,0.002,0.002,0.002,0.002,0.003,0.003,0.003,0.004,0.004,0.004,0.003,0.003,0.003,0.002,0.002,0.002,0.002,0.002,0.003,0.003,0.004,0.003,0.002,0.002,0.002,0.001,0.001,0.001,0.001,0.001,0.003,0.002
,평창,-,-,-,-,-,-,-,-,-,-,-,-,-,-,-,-,-,-,-,-,-,-,-,-,-,-,-,-,-,-,-,-,-,-,-,-,0.002,0.002,0.001,0.001,0.001,0.001,0.001,0.001,0.001,0.001,0.002,0.002,0.003,0.002,0.003,0.002,0.002,0.001,0.001,0.002,0.001,0.002,0.002,0.002,0.002,0.001,0.001,0.002,0.002,0.002,0.003,0.003,0.003,0.002,0.003,0.002,0.002,0.003,0.003,0.002,0.002,0.002,0.002,0.001,0.001,0.002,0.002,0.002,0.002,0.002,0.002,0.002,0.002,0.002,0.002,0.002,0.002,0.002,0.002,0.002
,양양,-,-,-,-,-,-,-,-,-,-,-,-,-,-,-,-,-,-,-,-,-,-,-,-,-,-,-,-,-,-,-,-,-,-,-,-,-,-,-,-,-,-,-,-,-,-,-,-,0.002,0.002,0.002,0.002,0.003,0.002,0.002,0.002,0.002,0.003,0.003,0.003,0.003,0.003,0.003,0.003,0.002,0.002,0.001,0.001,0.002,0.003,0.003,0.003,0.003,0.002,0.002,0.002,0.001,0.001,0.001,0.002,0.002,0.002,0.002,0.002,0.003,0.002,0.002,0.002,0.002,0.001,0.002,0.002,0.002,0.002,0.002,0.002
,속초,-,-,-,-,-,-,-,-,-,-,-,-,-,-,-,-,-,-,-,-,-,-,-,-,-,-,-,-,-,-,-,-,-,-,-,-,-,-,-,-,-,-,-,-,-,-,-,-,0.007*,0.007,0.006,0.005,0.004,0.003,0.003,0.003,0.002,0.003,0.006,0.006,0.005,0.005,0.004,0.004,0.003,0.003,0.003,0.004,0.003,0.002,0.003,0.004,0.004,0.004,0.004,0.003,0.003,0.002,0.002,0.003,0.003,0.003,0.003,0.003,0.003,0.002,0.002,0.002,0.002,0.002,0.002,0.002,0.002,0.002,0.003,0.003
,영월,-,-,-,-,-,-,-,-,-,-,-,-,-,-,-,-,-,-,-,-,-,-,-,-,-,-,-,-,-,-,-,-,-,-,-,-,-,-,-,-,-,-,-,-,-,-,-,-,0.001,0.002,0.002,0.002,0.002,0.002,0.002,0.003,0.003,0.003,0.003,0.003,0.003*,0.003,0.003,0.004,0.004,0.004,0.003,0.002,0.003,0.002,0.003,0.002,0.002,0.002,0.003,0.002,0.002,0.002,0.002,0.002,0.002,0.002,0.003,0.002,0.002,0.002,0.002,0.002,0.002,0.002,0.002,0.002,0.002,0.003,0.003,0.003
,철원,-,-,-,-,-,-,-,-,-,-,-,-,-,-,-,-,-,-,-,-,-,-,-,-,-,-,-,-,-,-,-,-,-,-,-,-,-,-,-,-,-,-,-,-,-,-,-,-,0.005,0.004,0.004,0.003,0.004,0.004,0.003,0.003,0.003,0.003,0.003,0.003,0.003,0.004,0.004,0.003,0.003,0.003,0.003,0.004,0.004,0.003,0.003,0.002,0.004,0.004,0.004,0.004,0.005,0.003,0.004,0.003,0.004,0.004,0.003,0.003,0.003,0.003,0.003,0.003,0.002,0.002,0.002,0.002,0.001,0.001,0.003,0.003
,홍천,-,-,-,-,-,-,-,-,-,-,-,-,-,-,-,-,-,-,-,-,-,-,-,-,-,-,-,-,-,-,-,-,-,-,-,-,-,-,-,-,-,-,-,-,-,-,-,-,-,0.003,0.003,0.003,0.003,0.003,0.003,0.003,0.002,0.002,0.002,0.003,0.003,0.002,0.002,0.002,0.002,0.004,0.004,0.004,0.003,0.003,0.003,0.004,0.003,0.004,0.003,0.003,0.004,0.004,0.003,0.003,0.003,0.003,0.002,0.002,0.002,0.002,0.002,0.002,0.003,0.003,0.001,0.002,0.002,0.002,0.002,0.002
,화천,-,-,-,-,-,-,-,-,-,-,-,-,-,-,-,-,-,-,-,-,-,-,-,-,-,-,-,-,-,-,-,-,-,-,-,-,-,-,-,-,-,-,-,-,-,-,-,-,-,0.002,0.002,0.001,0.001,0.001,0.001,0.001,0.001,0.002,0.002,0.002,0.003,0.003,0.002,0.002,0.002,0.001,0.001,0.001,0.001,0.002,0.001,0.002,0.002,0.002,0.001,0.001,0.001,0.001,0.002,0.001,0.002,0.002,0.002,0.002,0.002,0.002,0.001,0.002,0.002,0.002,0.002,0.002,0.002,0.002,0.002,0.002
,태백,-,-,-,-,-,-,-,-,-,-,-,-,-,-,-,-,-,-,-,-,-,-,-,-,-,-,-,-,-,-,-,-,-,-,-,-,-,-,-,-,-,-,-,-,-,-,-,-,-,0.004,0.003,0.003,0.003,0.002,0.002,0.002,0.002,0.002,0.003,0.004,0.004,0.003,0.002,0.003,0.003,0.003,0.003,0.003,0.003,0.003,0.003,0.003,0.003,0.003,0.003,0.003,0.002,0.002,0.002,0.002,0.002,0.003,0.003,0.003,0.004,0.003,0.003,0.002,0.002,0.002,0.002,0.002,0.002,0.002,0.002,0.003
,인제,-,-,-,-,-,-,-,-,-,-,-,-,-,-,-,-,-,-,-,-,-,-,-,-,-,-,-,-,-,-,-,-,-,-,-,-,-,-,-,-,-,-,-,-,-,-,-,-,-,-,-,0.002*,0.003,0.003,0.002,0.002,0.002,0.002,0.002,0.003,0.003,0.002,0.002,0.002,0.002,0.002,0.002,0.001,0.001,0.002,0.002,0.002,0.002,0.002*,0.002*,0.002,0.002,0.002,0.002,0.002,0.001,0.001,0.003,0.003,0.003,0.002,0.002,0.002,0.002,0.001,0.001,0.001,0.002,0.002,0.002,0.002
,도평균,0.008,0.007,0.006,0.004,0.003,0.002,0.002,0.002,0.002,0.003,0.004,0.006,0.006,0.006,0.005,0.003,0.002,0.002,0.002,0.002,0.002,0.003,0.004,0.005,0.005,0.004,0.004,0.003,0.003,0.002,0.001,0.002,0.002*,0.003,0.004,0.004,0.004,0.004,0.003,0.002,0.002,0.002,0.002,0.002,0.002,0.002*,0.003,0.003,0.004,0.003,0.003,0.002,0.002,0.002,0.002,0.002,0.002,0.002,0.003,0.003,0.003,0.003,0.003,0.003,0.002,0.002,0.002,0.002,0.002,0.002,0.003,0.003,0.003,0.003,0.003,0.002,0.002,0.002,0.002,0.002,0.002,0.002,0.003,0.003,0.003,0.003,0.002,0.002,0.002,0.002,0.002,0.002,0.002,0.002,0.002,0.003
충청북도,괴산,-,-,-,-,-,-,-,-,-,-,-,-,-,-,-,-,-,-,-,-,-,-,-,-,-,-,-,-,-,-,-,-,-,-,-,-,-,-,-,-,-,-,-,-,-,-,-,-,-,0.005,0.004,0.004,0.004,0.003,0.003,0.003,0.003,0.003,0.003,0.003,0.003,0.003,0.003,0.003,0.003,0.003,0.003,0.003,0.003,0.003,0.003,0.003,0.003,0.004,0.004,0.003,0.003,0.003,0.003,0.003,0.003,0.003,0.003,0.004,0.003,0.003,0.003,0.003,0.002,0.002,0.002,0.002,0.002,0.003,0.003,0.002
,음성,-,-,-,-,-,-,-,-,-,-,-,-,-,-,-,-,-,-,-,-,-,-,-,-,-,-,-,-,-,-,-,-,-,-,-,-,-,-,-,-,-,-,-,-,-,-,-,-,-,0.004,0.004,0.003,0.003,0.003,0.002,0.003,0.003,0.002,0.003,0.004,0.004,0.004,0.003,0.003,0.003,0.003,0.003,0.003,0.002,0.003,0.002,0.003,0.003,0.002,0.002,0.002,0.002,0.002*,0.002,0.002,0.002,0.002,0.002,0.002,0.002,0.002,0.002,0.002,0.002,0.002,0.002,0.002,0.002,0.002,0.002,0.002
,청주,0.006,0.006,0.005,0.004,0.004,0.002,0.002,0.003,0.003,0.003,0.003,0.005,0.006,0.005,0.005,0.004,0.004,0.003,0.002,0.003,0.002,0.002,0.004,0.004,0.004,0.005,0.004,0.003,0.003,0.003,0.002,0.003,0.003,0.003,0.003,0.004,0.004,0.004,0.003,0.004,0.003,0.004,0.003,0.004,0.003,0.003,0.004,0.004,0.005,0.004,0.003,0.003,0.003,0.003,0.003,0.003,0.002,0.002,0.003,0.004,0.003,0.003,0.004,0.004,0.003,0.003,0.003,0.003,0.003,0.003,0.003,0.003,0.003,0.003,0.002,0.002,0.002,0.002,0.002,0.002,0.002,0.002,0.002,0.002,0.002,0.002,0.002,0.002,0.002,0.002,0.002,0.002,0.002,0.002,0.002,0.002
,충주,0.007,0.007,0.01,0.004,0.004,0.002,0.001,0.002,0.003,0.003,0.004,0.005,0.006,0.004,0.004,0.004,0.004,0.002,0.003,0.002,0.003,0.003,0.003,0.003,0.003,0.004,0.004,0.003,0.002,0.002,0.001,0.002**,0.002,0.002,0.003,0.004,0.004,0.005,0.004,0.003,0.003,0.003,0.003,0.003,0.003,0.003,0.004,0.004,0.005,0.004,0.004,0.003,0.003,0.002**,0.002,0.002,0.003,0.004,0.004,0.004,0.004,0.004,0.003,0.003,0.003,0.003,0.003,0.002,0.003,0.003,0.003,0.003,0.003,0.003,0.002,0.002,0.002,0.002,0.002,0.002,0.002,0.002,0.002,0.002,0.002,0.002,0.002,0.002,0.002,0.002,0.002,0.002,0.002,0.002,0.002,0.002
,제천,0.01,0.009,0.007,0.004,0.004,0.002,0.002,0.002,0.002,0.003,0.003,0.005,0.007,0.007,0.005,0.003,0.003,0.002,0.002,0.002,0.002,0.003,0.004,0.004,0.005,0.005,0.005,0.003,0.003,0.002,0.003,0.002,0.003,0.003,0.005,0.007,0.008,0.007,0.006,0.004,0.003,0.004,0.004,0.005,0.004,0.005,0.006,0.006,0.008,0.006,0.006,0.004,0.004,0.004,0.004,0.002,0.003,0.003,0.002,0.002,0.003,0.003,0.002**,0.005*,0.005,-,0.003,0.002,0.003,0.003,0.004,0.004,0.004,0.004,0.003,0.002,0.002,0.002,0.002,0.002,0.002,0.002,0.002,0.003,0.003,0.003,0.002,0.002,0.002,0.002,0.002,0.002,0.002,0.002,0.002,0.003
,청원,-,-,-,-,-,-,-,-,-,-,-,0.006,-,-,-,-,-,-,-,-,-,-,-,-,-,-,-,-,-,-,-,-,-,-,-,-,-,-,-,-,-,-,-,-,-,-,-,-,-,-,-,-,-,-,-,-,-,-,-,-,-,-,-,-,-,-,-,-,-,-,-,-,-,-,-,-,-,-,-,-,-,-,-,-,-,-,-,-,-,-,-,-,-,-,-,-
,단양,0.005,0.005,0.005,0.004,0.003,0.002,0.002,0.002,0.002,0.002,0.003,0.005,0.006,0.006,0.005,0.004,0.003,0.002,0.002,0.002,0.003,0.003,0.004,0.005,0.005,0.007,0.006,0.004,0.004,0.004,0.004,0.003,0.003,0.003,0.004,0.004,0.005,0.005,0.005,0.004,0.004,0.003,0.003,0.002,0.002,0.002,0.003,0.003,0.004,0.003,0.002,0.003,0.002,0.002,0.003,0.002,0.003,0.004,0.006,0.003,0.003,0.003,0.003,0.003,0.003,0.003,0.002,0.002,0.002,0.002,0.003,0.004,0.004,0.004,0.002,0.002,0.002,0.002,0.002,0.002,0.002,0.002,0.003,0.003,0.003,0.003,0.002,0.002,0.002,0.002,0.002,0.002,0.002,0.002,0.002,0.003
,진천,-,-,-,-,-,-,-,-,-,-,-,-,-,-,-,-,-,-,0.002,0.002,0.002,0.002,0.003,0.003,0.003,0.004,0.004,0.003,0.003,0.003,0.001,0.003,0.003,0.002,0.003,0.004,0.004,0.004,0.005,0.003,0.003,0.005,0.004,0.003,0.002,0.002,0.003,0.004,0.005,0.004,0.003,0.003,0.003,0.002,0.002,0.002,0.002,0.002,0.002,0.002,0.003,0.002,0.003,0.003,0.003,0.003,0.002,0.003,0.003,0.003,0.003,0.003,0.003,0.003,0.002,0.003,0.003,0.003,0.003,0.003,0.003,0.003,0.003,0.002,0.003,0.002,0.002,0.002,0.002,0.002,0.002,0.002,0.002,0.002,0.002,0.002
,옥천,-,-,-,-,-,-,-,-,-,-,-,-,-,-,-,-,-,-,-,-,-,-,-,-,-,-,-,0.003,0.003,0.003,0.002,0.002,0.002,0.003,0.003,0.004,0.004,0.004,0.003,0.002,0.002,0.003,0.003,0.003,0.003,0.002,0.004,0.005,0.005,0.005,0.004,0.003,0.004,0.002,0.003,0.002,0.002,0.003,0.003,0.003,0.003,0.003,0.003,0.004,0.003,0.003,0.003,0.002,0.003,0.003,0.004,0.004,0.004,0.003,0.002,0.002,0.002,0.002,0.002,0.002,0.001,0.002,0.002,0.002,0.002,0.002,0.002,0.002,0.002,0.001,0.002,0.002,0.001,0.002,0.002,0.002
,영동,-,-,-,-,-,-,-,-,-,-,-,-,-,-,-,-,-,-,-,-,-,-,-,-,-,-,-,-,-,-,-,-,-,-,-,-,-,-,-,0.002,0.002,0.002,0.002,0.002,0.003,0.006,0.004,0.005,0.005,0.006,0.004,0.004,0.004,0.003,0.002,0.002,0.002,0.002,0.002,0.002,0.003,0.003,0.003,0.003,0.003,0.003,0.003,0.003,0.003,0.003,0.003,0.004,0.004,0.003,0.002,0.002,0.002,0.002,0.002,0.002,0.002,0.002,0.002,0.002,0.002,0.002,0.002,0.002,0.002,0.002,0.002,0.002,0.002,0.002,0.002,0.002
,증평,-,-,-,-,-,-,-,-,-,-,-,-,-,-,-,-,-,-,-,-,-,-,-,-,-,-,-,-,-,-,-,-,-,-,-,-,-,-,-,0.002,0.002,0.002,0.002,0.002,0.002,0.002,0.002,0.003,0.003,0.003,0.002,0.002,0.002,0.001,0.001,0.003,0.002,0.002,0.003,0.003,0.003,0.003,0.003,0.003,0.002,0.002,0.002,0.003,0.003,0.003,0.003,0.003,0.003,0.002,0.002,0.002*,0,-,0.002,0.002,0.002,0.002,0.002,0.002,0.002,0.002,0.002,0.002,0.002,0.002,0.002,0.002,0.002,0.002,0.002,0.002
,보은,-,-,-,-,-,-,-,-,-,-,-,-,-,-,-,-,-,-,-,-,-,-,-,-,-,-,-,-,-,-,-,-,-,-,-,-,-,-,-,-,-,-,-,-,-,-,-,-,0.004,0.004,0.003,0.003,0.003,0.003,0.003,0.003,0.003,0.003,0.003,0.003,0.003,0.003,0.003,0.003,0.003,0.003,0.004,0.004,0.003,0.003,0.002,0.003,0.003,0.003,0.003,0.003,0.003,0.003,0.003,0.003,0.003,0.003,0.002,0.003,0.003,0.003,0.003,0.003*,0.002,0.002,0.002,0.002,0.002,0.002,0.002,0.002
,도평균,0.006,0.006,0.006,0.004,0.004,0.003,0.002,0.002,0.003,0.003,0.003,0.005,0.006,0.005,0.005,0.004,0.004,0.003,0.002,0.002,0.002,0.002,0.003,0.004,0.004,0.005,0.004,0.003,0.003,0.003,0.002,0.003,0.003,0.003,0.003,0.004,0.005,0.005,0.004,0.003,0.003,0.003,0.003,0.003,0.003,0.003,0.004,0.004,0.005,0.004,0.004,0.003,0.003,0.003,0.003,0.003,0.003,0.003,0.003,0.003,0.003,0.003,0.003,0.003,0.003,0.003,0.003,0.003,0.003,0.003,0.003,0.003,0.003,0.003,0.002,0.002,0.002,0.002,0.002,0.002,0.002,0.002,0.002,0.002,0.003,0.002,0.002,0.002,0.002,0.002,0.002,0.002,0.002,0.002,0.002,0.002
충청남도,천안,0.005,0.004,0.005,0.003,0.004,0.003,0.002,0.002,0.002,0.003,0.003,0.004,0.004,0.003,0.003,0.003,0.003,0.004,0.003,0.004,0.002,0.003,0.003,0.004,0.004,0.003,0.004,0.003,0.003,0.004,0.002,0.002,0.002,0.002,0.003,0.003,0.004,0.004,0.003,0.003,0.003,0.004,0.004,0.003,0.003,0.004,0.004,0.004,0.005,0.005,0.004,0.003,0.004,0.004,0.003,0.003,0.003,0.003,0.004,0.003,0.003,0.003,0.003*,0.003*,0.003*,0.003,0.003,0.003,0.003,0.004,0.004,0.004,0.004,0.004,0.004,0.004,0.004,0.004,0.004,0.004,0.003,0.003,0.003*,0.003,0.004,0.004,0.003,0.003,0.003,0.003,0.003,0.002,0.002,0.003,0.003,0.003
,당진,0.004,0.004,0.005,0.004,0.004,0.003,0.002,0.002,0.003,0.003,0.003,0.004,0.004,0.003,0.004,0.004,0.004,0.004,0.004,0.004,0.002,0.002,0.003,0.004,0.004,0.004,0.005,0.004,0.004,0.005,0.003,0.003,0.002,0.002,0.003*,0.005*,0.006*,0.007,0.005,0.006,0.006,0.007,0.006,0.007,0.006,0.006,0.006,0.008,0.008,0.008,0.006,0.007,0.007,0.007,0.005,0.007,0.005,0.005,0.005,0.006,0.005,0.004,0.006,0.006,0.005,0.004,0.004,0.003,0.004,0.005,0.005,0.005,0.006,0.006,0.005,0.005,0.005,0.004,0.005,0.004,0.003,0.004,0.007**,0.006,0.006,0.006,0.005,0.005,0.005,0.003,0.004,0.003,0.003,0.004,0.003,0.004
,서산,0.005,0.005,0.005,0.004,0.005,0.004,0.003,0.004,0.005,0.004,0.004,0.005,0.005,0.005,0.005,0.005,0.004,0.004,0.003,0.005,0.003*,0.003,0.004,0.005,0.004,0.004,0.009,0.006,0.006,0.005,0.002,0.003,0.004,0.004,0.003,0.003,0.004,0.004,0.004,0.004,0.004,0.005,0.005,0.005,0.004,0.004,0.005,0.005,0.005,0.005,0.005,0.005,0.006,0.006,0.004,0.005,0.005,0.004,0.004,0.003,0.004,0.003,0.003,0.003,0.003,0.003,0.003,0.003,0.004,0.004*,0.004,0.005,0.005,0.004,0.005,0.004,0.004,0.004,0.004,0.004,0.004,0.004,0.003,0.004,0.004,0.004,0.003,0.003,0.003,0.003,0.003,0.003,0.003,0.003,0.003,0.003
,아산,0.006,0.006,0.007,0.004,0.006,0.005,0.004,0.003,0.003,0.003,0.002,0.003,0.006,0.002,0.004,0.003,0.003,0.003,0.003,0.005,0.002,0.002,0.003,0.004,0.002,0.003,0.004,0.003,0.004,0.004,0.002,0.002,0.003,0.003,0.003,0.004,0.004,0.004,0.003**,0.004,0.004,0.005,0.003,0.004,0.003,0.003,0.004,0.004,0.005,0.005,0.004,0.004,0.005,0.004,0.003,0.003,0.003,0.003,0.003,0.003,0.003,0.003,0.003,0.004,0.004,0.004,0.003,0.003,0.004,0.004,0.004,0.004,0.004,0.004,0.004,0.004,0.004,0.004,0.004,0.004,0.003,0.004,0.003,0.003,0.004,0.004,0.004,0.004,0.004,0.003,0.003,0.003,0.003,0.003,0.003,0.003
,논산,-,-,-,-,-,-,-,-,-,-,-,-,-,-,-,-,-,-,-,-,-,-,-,-,-,-,-,-,-,-,0.003,0.002,0.002,0.001,0.003,0.003,0.004,0.005,0.003,0.003,0.002,0.003,0.003,0.002,0.003,0.003,0.003,0.004,0.005,0.004,0.004,0.003,0.003,0.002,0.002,0.002,0.002,0.002,0.003,0.003,0.004,0.003,0.003,0.003,0.003,0.003,0.003,0.003,0.003,0.004,0.004,0.004,0.004,0.004,0.004,0.004,0.003,0.003,0.003,0.003,0.003,0.003,0.003,0.003,0.003,0.003,0.003,0.003,0.003,0.002,0.002,0.003,0.003,0.003,0.003,0.003
,태안,-,-,-,-,-,-,-,-,-,-,-,-,-,-,-,-,-,-,-,-,-,-,-,-,-,-,-,-,-,-,0.002,0.003,0.003*,0.003,0.003,0.004,0.004,0.004,0.003,0.003,0.003,0.004,0.004,0.004,0.003,0.003,0.004,0.004,0.004,0.004,0.004,0.004,0.004,0.004,0.004,0.005,0.005,0.003,0.003,0.004,0.003,0.003,0.003,0.003,0.002,0.003,0.003,0.003,0.004,0.004,0.004,0.004,0.004,0.004,0.004,0.003,0.003,0.004,0.004,0.003,0.003,0.003,0.004,0.004,0.004,0.003,0.003,0.003,0.003,0.002,0.003,0.002,0.003,0.003,0.003,0.003
,보령,-,-,-,-,-,-,-,-,-,-,-,-,-,-,-,-,-,-,-,-,-,-,-,-,-,-,-,-,-,-,0.002,0.002,0.003,0.003,0.004,0.005,0.005,0.004,0.003,0.003,0.003,0.003*,0.004,0.004,0.003,0.003,0.003,0.004,0.005,0.005,0.005,0.004,0.005,0.005,0.004,0.005,0.004,0.003,0.003,0.003,0.004,0.003,0.003,0.004,0.004,0.004,0.003,0.003,0.004,0.004,0.004,0.004,0.004,0.004,0.004,0.004,0.004,0.004,0.004,0.004,0.004,0.004,0.003,0.003,0.003,0.003,0.003,0.003,0.004,0.003,0.003,0.003,0.003,0.003,0.002,0.003
,홍성,-,-,-,-,-,-,-,-,-,-,-,-,-,-,-,-,-,-,-,-,-,-,-,-,-,-,-,-,-,-,0.003,0.003,0.003,0.003,0.003,0.005,0.004,0.004,0.003,0.003,0.003,0.004,0.003,0.003,0.003,0.003,0.004,0.004,0.004,0.004,0.004,0.004,0.004,0.003,0.004,0.004,0.004,0.004,0.004,0.004,0.004,0.003,0.003,0.003,0.003,0.003,0.003,0.003,0.003,0.003,0.004,0.004,0.004,0.003,0.003,0.003,0.003,0.003,0.003,0.003,0.003,0.003,0.003,0.003,0.003,0.003,0.003,0.003,0.003,0.003,0.003,0.003,0.003,0.003,0.003,0.003
,공주,-,-,-,-,-,-,-,-,-,-,-,-,-,-,-,-,-,-,-,-,-,-,-,-,-,-,-,-,-,-,0.003,0.003,0.002,0.002,0.003,0.003,0.004,0.004,0.003,0.003,0.003,0.004,0.004,0.003,0.002,0.002,0.003,0.003,0.004,0.004,0.003,0.003,0.004,0.003,0.003,0.002,0.002,0.002,0.003,0.003,0.003,0.003,0.003,0.003,0.003,0.003,0.003,0.004,0.004,0.004,0.004,0.005,0.005,0.004,0.004,0.004,0.004,0.004,0.004,0.004*,0.004**,0.003,0.003,0.003,0.004,0.004,0.003,0.003,0.003,0.003,0.003,0.003,0.003,0.003,0.003,0.002
,부여,-,-,-,-,-,-,-,-,-,-,-,-,-,-,-,-,-,-,-,-,-,-,-,-,-,-,-,-,-,-,0.003,0.003,0.002,0.001,0.002,0.003,0.004,0.004,0.002,0.002,0.003,0.002,0.003,0.003,0.002,0.003,0.003,0.004,0.005,0.005,0.004,0.003,0.003,0.003,0.003,0.003,0.003,0.002,0.003,0.004,0.004,0.003,0.003,0.002,0.002,0.002,0.002,0.002,0.002,0.004,0.004,0.003,0.003,0.003,0.002,0.003,0.004,0.004,0.003,0.003,0.003,0.003,0.002,0.003,0.004,0.003,0.003,0.002,0.003,0.003,0.002,0.002,0.002,0.003,0.003,0.003
,청양,-,-,-,-,-,-,-,-,-,-,-,-,-,-,-,-,-,-,-,-,-,-,-,-,-,-,-,-,-,-,-,-,-,-,-,0.004*,0.005,0.005,0.003,0.003,0.003,0.004,0.004,0.003,0.002,0.002,0.003,0.003,0.004,0.005,0.005,0.005,0.006,0.004,0.003,0.003,0.003,0.003,0.003,0.003,0.003,0.003,0.004,0.003,0.003,0.003,0.003,0.003,0.003,0.004,0.004,0.004,0.004,0.004,0.004,0.004,0.004,0.003,0.003,0.004,0.003,0.004,0.003,0.003,0.004,0.004,0.003,0.003,0.003,0.003,0.003,0.003,0.003,0.003,0.003,0.003
,금산,-,-,-,-,-,-,-,-,-,-,-,-,-,-,-,-,-,-,-,-,-,-,-,-,-,-,-,-,-,-,-,-,-,-,-,0.004*,0.004,0.004,0.003,0.003,0.003,0.003,0.002,0.002,0.003,0.003,0.003,0.003,0.004,0.004,0.003,0.003,0.003,0.003,0.003,0.002,0.003,0.003,0.003,0.003,0.003,0.004,0.004,0.003,0.003,0.003,0.003,0.003,0.003,0.003,0.004,0.004,0.005,0.004,0.004,0.003*,0.004,0.004,0.004,0.004,0.003,0.003,0.003,0.003,0.004,0.004,0.003,0.003,0.003,0.002,0.003,0.003,0.003,0.002,0.003,0.003
,예산,-,-,-,-,-,-,-,-,-,-,-,-,-,-,-,-,-,-,-,-,-,-,-,-,-,-,-,-,-,-,0.003,0.002,0.002,0.003,0.004,0.005,0.006,0.005,0.004,0.004,0.004,0.004,0.004,0.004,0.003,0.004,0.004,0.005,0.005,0.006,0.005,0.005,0.006,0.005,0.002,0.003,0.003,0.002,0.004,0.005,0.005,0.004,0.004,0.003,0.003,0.003,0.004,0.004,0.003,0.004,0.004,0.005,0.005,0.006,0.006,0.005,0.005,0.004,0.005,0.004,0.004,0.004,0.003*,0.003,0.004,0.004,0.004,0.003,0.003,0.003,0.003,0.003,0.003,0.003,0.003,0.003
,계룡,-,-,-,-,-,-,-,-,-,-,-,-,-,-,-,-,-,-,-,-,-,-,-,-,-,-,-,-,-,-,-,-,-,-,-,-,-,-,0.002**,0.002,0.002,0.003,0.003,0.003,0.003,0.003,0.003,0.003,0.004,0.004,0.003,0.003,0.003,0.002,0.002,0.002,0.003,0.003,0.003,0.003,0.003,0.002,0.003,0.003,0.003,0.003,0.003,0.004,0.003,0.004,0.004,0.004,0.004,0.004,0.003,-,0.003,0.003,0.003,0.004,0.004,0.004,0.003,0.003,0.003,0.003,0.003,0.003,0.003,0.003,0.003,0.002,0.002,0.002,0.003,0.003
,서천,-,-,-,-,-,-,-,-,-,-,-,-,-,-,-,-,-,-,-,-,-,-,-,-,-,-,-,-,-,-,-,-,-,-,-,-,-,-,0.002**,0.002,0.003,0.003,0.004,0.003,0.003,0.003,0.003,0.003,0.004,0.003,0.003,0.002,0.003,0.002,0.002,0.003,0.003,0.002,0.002,0.003,0.003,0.003,0.003,0.003,0.003,0.003,0.003,0.003,0.004,0.004,0.004,0.004,0.004,0.003,0.003,0.003,0.003,0.003,0.003,0.003,0.003,0.003,0.003,0.003,0.003,0.003,0.003,0.003,0.003,0.003,0.003,0.003,0.002,0.003,0.003,0.003
,도평균,0.005,0.005,0.005,0.004,0.005,0.004,0.003,0.003,0.003,0.003,0.003,0.004,0.005,0.003,0.004,0.004,0.004,0.004,0.003,0.004,0.002,0.003,0.003,0.004,0.004,0.004,0.006,0.004,0.004,0.004,0.002,0.003,0.003,0.003,0.003,0.004,0.004,0.005,0.003,0.004,0.003,0.004,0.004,0.004,0.003,0.003,0.004,0.004,0.005,0.005,0.004,0.004,0.004,0.004,0.003,0.004,0.003,0.003,0.003,0.003,0.004,0.003,0.003,0.003,0.003,0.003,0.003,0.003,0.003,0.004,0.004,0.004,0.004,0.004,0.004,0.004,0.004,0.004,0.004,0.004,0.003,0.004,0.003,0.003,0.004,0.004,0.003,0.003,0.003,0.003,0.003,0.003,0.003,0.003,0.003,0.003
전라북도,임실,-,-,-,-,-,-,-,-,-,-,-,-,-,-,-,-,-,-,-,-,-,-,-,-,-,-,-,-,-,-,-,-,-,-,-,-,-,-,-,-,-,-,-,0.003,0.002*,0.003,0.003,0.003,0.004,0.004,0.004,0.004,0.004,0.004,0.005*,0.004,0.004,0.003*,0.003,0.003,0.003,0.003,0.004,0.004,0.003,0.002,0.003,0.004,0.004*,0.003*,0.004,0.005,0.003,0.004,0.004,0.003,0.003,0.003,0.003,0.003,0.003,0.003,0.003,0.004,0.005,0.006,0.004,0.004,0.003,0.003,0.003,0.004,0.003,0.003,0.002,0.003
,전주,0.006,0.005,0.006,0.005,0.006,0.005,0.006,0.005,0.005,0.006,0.005,0.006,0.007,0.006,0.005,0.006,0.005,0.004,0.003,0.003,0.004,0.004,0.004,0.004,0.005,0.005,0.006,0.005,0.004,0.004,0.004,0.005,0.004,0.004,0.004,0.004,0.005,0.005,0.005,0.005,0.004,0.004,0.005,0.004,0.004,0.004,0.005,0.005,0.005,0.005,0.005,0.006,0.004,0.003,0.004,0.003,0.003,0.004*,0.004*,0.004,0.004,0.004,0.003,0.003,0.003,0.003,0.003,0.003,0.003,0.003,0.003,0.003,0.003,0.002,0.002,0.002,0.002,0.002,0.002,0.002,0.002,0.002,0.002,0.002,0.003,0.002,0.002,0.002,0.002,0.002,0.002,0.002,0.002,0.002,0.002,0.002
,군산,0.008,0.007,0.007,0.004,0.004,0.003,0.002,0.003,0.003,0.004,0.004,0.005,0.005,0.006,0.005,0.005,0.006,0.004,0.005,0.005,0.005,0.005,0.005,0.006,0.006,0.007,0.006,0.005,0.006,0.005,0.002,0.004,0.003,0.003,0.004,0.004,0.005,0.006,0.004,0.004,0.004,0.005,0.002,0.003,0.004,0.005*,0.004,0.003*,0.005,0.005,0.004,0.005,0.005,0.005,0.004,0.004,0.005,0.004,0.004,0.004,0.004,0.004,0.004,0.004,0.004,0.003,0.003,0.003,0.003,0.004,0.004,0.004,0.004,0.004,0.004,0.004,0.004,0.003,0.003,0.003,0.003,0.003*,0.003*,0.003,0.004,0.003,0.003,0.003,0.003,0.002,0.002,0.002,0.003,0.003,0.003,0.002
,익산,0.004,0.004,0.004,0.003,0.004,0.004,0.003,0.003,0.003,0.004,0.004,0.005,0.005,0.005,0.005,0.005,0.006,0.005,0.004,0.004,0.004,0.004,0.005,0.005,0.005,0.005,0.006,0.005,0.005,0.005,0.003,0.003,0.004,0.004,0.004,0.004,0.005,0.005,0.004,0.004,0.005,0.006,0.004,0.003,0.004,0.004,0.004,0.004,0.005,0.004,0.004,0.003,0.003,0.002,0.002,0.002,0.002,0.002,0.003,0.003*,0.004,0.003,0.003,0.002,0.002,0.003,0.002,0.002,0.002,0.002,0.002,0.002,0.003,0.003,0.003*,0.003*,0.003*,0.003,0.003,0.002,0.002*,0.002,0.003,0.003,0.004,0.004,0.004,0.004,0.004,0.003,0.003,0.002,0.003,0.002,0.002,0.002
,남원,0.005,0.005,0.005,0.004,0.004,0.004,0.004,0.004,0.003,0.004,0.004,0.004,0.005,0.005*,0.004,0.004,0.004,0.004,0.004*,0.003,0.002,0.002,0.003,0.003,0.003,0.003,0.003,0.003,0.003,0.003,0.003,0.002,0.002,0.002,0.003,0.003,0.003,0.003,0.002,0.002,0.002,0.003,0.003,0.003,0.003,0.003,0.002,0.003,0.003,0.003,0.002,0.002,0.002,0.002,0.002,0.002,0.002,0.002,0.002,0.003,0.002,0.003,0.003,0.002,0.002,0.002,0.002,0.002,0.002,0.002,0.002,0.002,0.002,0.002,0.002,0.002,0.003,0.002,0.002,0.002,0.002,0.002,0.002*,0.002,0.002,0.002,0.002,0.002,0.002,0.002,0.002,0.002,0.002,0.002,0.002,0.002
,정읍,0.003,0.002,0.003,0.002,0.002,0.001,0.002,0.002,0.002,0.001,0.002,0.003,0.003,0.004,0.003,0.002,0.001,-,-,-,0.002,0.003,0.003,0.003,0.003,0.004,0.003,0.003,0.003,0.002,0.002,0.002,0.002,0.002,0.003,0.003,0.003,0.003,0.002,0.003,0.006,0.003,0.003,0.002,0.002,0.003,0.003,0.003,0.003,0.003,0.003,0.002,0.002,0.002,0.002,0.002,0.002,0.002,0.003,0.003,0.003,0.002,0.002,0.002,0.002,0.002,0.002*,0.002,0.002,0.002,0.002,0.003,0.002,0.002*,0.002,0.003,0.002,0.003,0.002,0.002,0.002,0.002,0.003,0.002,0.003,0.003,0.002,0.002,0.002,0.002,0.002,0.002,0.002,0.002,0.003,0.002
,고창,0.004,0.004,0.003,0.002,0.003,0.003,0.003,0.003,0.003,0.003,0.004,0.003,0.004,0.004,0.004,0.003,0.003,0.003,0.004,0.003,0.003,0.002,0.004,0.004,0.004,0.004,0.004,0.004,0.003,0.003,0.003,0.003,0.004,0.003,0.004,0.003,0.004,0.004,0.003,0.003,0.003,0.003,0.003,0.003,0.002,0.003,0.004,0.003*,0.004,0.004,0.003,0.002,0.002,0.002,0.002,0.002,0.002,0.002,0.003,0.002,0.003,0.002,0.003,0.003,0.003,0.003,0.003,0.003*,0.003*,0.003,0.003,0.003,0.003,0.003,0.003,0.003,0.003,0.003,0.003,0.003,0.003,0.003,0.003,0.003,0.004,0.004,0.003,0.003,0.003,0.003,0.002,0.002,0.002,0.002,0.002,0.002
,부안,-,-,-,-,0.002,0.002,0.002,0.002,0.002,0.002,0.003,0.004,0.004,0.004,0.004,0.003,0.003,0.004,0.003,0.003,0.003,0.003,0.004,0.004,0.004,0.004,0.004,0.003,0.003,0.003,0.002,0.003,0.003,0.003,0.003,0.003,0.004,0.004,0.004,0.006,0.003,0.003,0.003,0.004,0.003,0.004,0.005,0.004,0.005,0.003,0.003,0.003,0.003,0.003,0.003**,0.002,0.002,0.002,0.003,0.003,0.003,0.002,0.002,0.002,0.002,0.003,0.003,0.002,0.002,0.003,0.002,0.002,0.002,0.002,0.002,0.002,0.002,0.002,0.002,0.002,0.002,0.002,0.002,0.002,0.003,0.002,0.002,0.002,0.002,0.002,0.002,0.002,0.002,0.002,0.002,0.002
,김제,-,-,-,-,-,-,-,-,-,-,-,-,0.004,0.004,0.004,0.003,0.004,0.003,0.003,0.003,0.003,0.003,0.003,0.004,0.003,0.004,0.004,0.003,0.003,0.003,0.002,0.003,0.003,0.003,0.003,0.003,0.003,0.003,0.003,0.002,0.002,0.003,0.003,0.004,0.003,0.004,0.005,0.004,0.003,0.003,0.003,0.002,0.003,0.002,0.002,0.002,0.002,0.002,0.003,0.003,0.003,0.002,0.002,0.002,0.002,0.002,0.002,0.002,0.002,0.002,0.002,0.002,0.002,0.002,0.002,0.002,0.002,0.002,0.002,0.002,0.002,0.002,0.002,0.002,0.002,0.002,0.002,0.002,0.002,0.002,0.002,0.002,0.002,0.002,0.002,0.002
,완주,-,-,-,-,-,-,-,-,-,-,-,-,-,-,-,-,-,-,-,-,-,-,-,-,-,-,-,-,-,-,-,-,-,-,-,-,-,0.003,0.003,0.003,0.002,0.003,0.003,0.003,0.003,0.003,0.003,0.003,0.002,0.003,0.003,0.003,0.003,0.002,0.002,0.002,0.002,0.001,0.002,0.002,0.003,0.002,0.003,0.002,0.002,0.002,0.002,0.002,0.002,0.002,0.002,0.002,0.002,0.002,0.002,0.002,0.002,0.002,0.002,0.002,0.002,0.002,0.002,0.002,0.002,0.002,0.002,0.002,0.002,0.002,0.002,0.002,0.002,0.002,0.002,0.002
,진안,-,-,-,-,-,-,-,-,-,-,-,-,-,-,-,-,-,-,-,-,-,-,-,-,-,-,-,-,-,-,-,-,-,-,-,-,-,0.003,0.002,0.002,0.002,0.002,0.003,0.003,0.003,0.003,0.002,0.002,0.003,0.002,0.002,0.001,0.002,0.002,0.002,0.002,0.001,0.002,0.003,0.002,0.002,0.002,0.003,0.002,0.002,0.002,0.002,0.002,0.002,0.001,0.002,0.002,0.002,0.002,0.002,0.002,0.002,0.002,0.002,0.001,0.002,0.002,0.002,0.002,0.002,0.002,0.002,0.002,0.002,0.002,0.002,0.002,0.002,0.002,0.002,0.002
,무주,-,-,-,-,-,-,-,-,-,-,-,-,-,-,-,-,-,-,-,-,-,-,-,-,-,-,-,-,-,-,-,-,-,-,-,-,-,-,-,-,-,-,-,0.002,0.003,0.003,0.003,0.004,0.004,0.004,0.003,0.003,0.003,0.003,0.003,0.004,0.004,0.002,0.003,0.003,0.003,0.003,0.003,0.004,0.003,0.003,0.003*,0.003,0.003,0.003,0.004,0.004,0.005,0.004,0.003,0.003,0.002,0.002,0.002,0.002,0.003,0.002,0.003,0.003,0.004,0.003,0.003,0.003,0.003,0.002**,0.003,0.003,0.002,0.002,0.002,0.003
,순창,-,-,-,-,-,-,-,-,-,-,-,-,-,-,-,-,-,-,-,-,-,-,-,-,-,-,-,-,-,-,-,-,-,-,-,-,-,-,-,-,-,-,-,-,-,-,0.003,0.004,0.003*,0.003,0.003,0.004,0.004,0.004,0.003*,0.003,0.004,0.003,0.003,0.003,0.003,0.003,0.003,0.003,0.003,0.003,0.003,0.003,0.002*,0.003,0.004,0.004,0.004,0.005,0.004,0.004,0.004,0.004,0.004,0.005,0.005,0.003,0.003,0.003,0.002,0.003,0.003,0.003,0.003,0.002,0.003,0.003,0.003,0.003,0.002,0.002
,장수,-,-,-,-,-,-,-,-,-,-,-,-,-,-,-,-,-,-,-,-,-,-,-,-,-,-,-,-,-,-,-,-,-,-,-,-,-,-,-,-,-,-,-,-,-,-,-,0.003,0.004,0.004,0.004,0.004,0.005,0.004,0.004*,0.004*,0.004,0.004,0.003,0.002,0.002,0.003,0.003,0.003,0.003,0.003,0.002,0.002,0.003,0.003,0.003,0.003,0.003,0.004,0.003,0.003,0.003,0.004*,0.003*,0.003,0.003,0.003,0.003,0.003,0.003,0.002,0.002,0.002,0.002,0.003,0.002,0.003,0.002,0.002,0.002,0.002
,도평균,0.005,0.005,0.005,0.004,0.004,0.004,0.003,0.003,0.003,0.004,0.004,0.005,0.005,0.005,0.005,0.005,0.004,0.004,0.004,0.004,0.004,0.004,0.004,0.004,0.005,0.005,0.005,0.004,0.004,0.004,0.003,0.004,0.003,0.003,0.004,0.004,0.004,0.004,0.004,0.004,0.004,0.004,0.003,0.003,0.003,0.004,0.004,0.004,0.004,0.004,0.004,0.004,0.004,0.003,0.003,0.003,0.003,0.003,0.003,0.003,0.003,0.003,0.003,0.003,0.003,0.003,0.003,0.003,0.003,0.003,0.003,0.003,0.003,0.003,0.003,0.003,0.003,0.003,0.002,0.002,0.003,0.002,0.003,0.003,0.003,0.003,0.003,0.003,0.003,0.002,0.002,0.002,0.002,0.002,0.002,0.002
전라남도,화순,-,-,-,-,-,-,-,-,-,-,-,-,-,-,-,-,-,-,-,-,-,-,-,-,-,-,-,-,-,-,-,-,-,-,-,-,-,-,-,-,-,-,-,-,-,-,-,-,-,-,0.002,0.003,0.003,0.003,0.002,0.003,0.002,0.002,0.003,0.003,0.003,0.002,0.003,0.003,0.004,0.002,0.002,0.002,0.001,0.002,0.002,0.002,0.003,0.004,0.003,0.003,0.003,0.002,0.003,0.003,0.003,0.003,0.002,0.002,0.003,0.004,0.003,0.003,0.004,0.004*,0.003*,0.004,0.003,0.003,0.003,0.003*
,여수,0.007,0.008,0.008,0.007,0.008,0.007,0.005,0.007,0.006,0.006,0.005,0.007,0.007,0.006,0.007,0.006,0.007,0.006,0.006,0.007,0.007,0.007,0.007,0.008,0.007,0.006,0.007,0.006,0.007,0.007,0.005,0.005,0.006,0.006,0.006,0.006,0.006,0.007,0.006,0.006,0.006,0.007,0.007,0.005,0.005,0.006,0.007,0.006,0.006,0.006,0.005,0.005,0.006,0.005,0.004,0.005,0.005,0.005,0.005,0.005,0.004,0.004,0.004,0.004,0.004,0.004,0.003,0.003,0.003,0.004,0.004,0.004,0.004,0.004,0.003,0.004,0.003,0.003,0.003,0.003,0.003,0.004,0.004,0.004,0.004,0.004,0.003,0.003,0.003,0.002,0.003,0.002,0.003,0.003,0.004,0.004
,광양,0.005,0.006,0.008,0.006,0.009,0.009,0.006,0.006,0.006,0.007,0.006,0.006,0.006,0.007,0.006,0.008,0.009,0.009,0.008,0.007,0.005,0.004,0.005,0.005,0.005,0.006,0.007,0.008,0.008,0.008,0.006,0.006,0.005,0.005,0.006,0.005,0.005,0.006*,0.007*,0.007*,0.008,0.009,0.007,0.006,0.005,0.004*,0.005*,0.004*,0.005*,0.005,0.005,0.006,0.006,0.007,0.005,0.006,0.005,0.004,0.005,0.004,0.003,0.004,0.004,0.003,0.004,0.005,0.004,0.005,0.004,0.004,0.004,0.003,0.003,0.003,0.004,0.004,0.004,0.006,0.004,0.004*,0.003*,0.003*,0.003*,0.003*,0.004,0.003,0.004,0.004,0.004,0.004,0.004,0.003,0.003,0.003,0.003,0.003
,순천,0.005,0.004,0.004,0.004,0.004,0.004,0.004,0.003,0.003,0.004,0.004,0.004,0.003,0.004,0.004,0.005,0.005,0.004,0.004,0.004,0.003,0.003,0.004,0.005,0.004,0.004,0.004,0.004,0.005,0.005,0.004,0.005,0.005,0.005*,0.006*,0.005*,0.005,0.005,0.005,0.004,0.004,0.004,0.004,0.004,0.003*,0.003,0.004,0.004,0.004,0.004,0.004,0.004,0.004,0.004,0.004,0.004,0.004,0.004,0.005,0.004,0.004,0.004,0.004,0.003,0.004,0.004,0.003,0.003,0.003,0.003*,0.004*,0.003,0.003,0.004,0.003,0.003,0.002,0.003,0.003,0.002,0.002,0.002,0.002,0.002,0.002,0.002,0.002,0.002,0.002,0.003,0.003,0.002,0.002,0.002,0.003,0.002
,목포,0.005,0.004,0.004,0.003,0.003,0.004,0.005,0.004,0.003,0.004,0.005,0.004,0.004,0.003,0.003,0.005,0.005,0.003,0.003,0.005,0.003**,0.004**,0.004,0.004,0.005,0.004,0.004,0.004,0.004,0.003,0.002,0.002,0.002,0.001,0.002,0.002,0.002,0.003,0.003,0.003,0.003,0.003,0.003,0.004,0.003,0.003,0.004,0.004,0.004,0.004,0.004,0.004,0.004,0.004,0.003,0.003,0.004,0.003,0.003,0.003,0.003,0.002,0.002,0.002,0.003,0.002,0.003,0.002,0.003,0.003,0.002,0.002,0.002,0.003,0.002,0.002,0.002,0.002,0.002,0.003,0.003,0.003,0.002,0.002,0.003,0.002,0.003,0.003,0.002,0.003,0.002,0.003,0.003,0.002,0.002,0.003
,영암,0.006,0.006,0.005,0.003,0.004,0.004,0.004,0.005,0.005,0.004,0.005,0.006,0.005,0.005,0.005,0.004,0.005,0.004,0.004,0.004,0.003,0.004,0.006,0.005,0.005,0.005,0.005,0.005,0.005,0.004,0.003,0.004,0.005,0.004,0.003,0.003,0.003,0.003,0.003,0.003,0.005,0.005*,0.004,0.004,0.006,0.005,0.006,0.005,0.005,0.004,0.004,0.003,0.006,0.005,0.004,0.004,0.004,0.004,0.005,0.005,0.004,0.004,0.003,0.003,0.003,0.004,0.003**,0.003**,0.004**,0.004,0.004,0.005,0.005**,0.004**,-,-,0.002**,0.003,0.002**,0.003,0.003,0.003,0.003,0.002,0.002,0.002,0.003,0.003,0.003,0.003,0.003,0.002,0.003,0.003,0.003,0.003
,나주,-,-,-,-,-,-,-,-,-,-,-,-,-,-,-,-,-,-,-,-,-,-,-,-,-,-,-,-,-,-,-,-,-,-,-,-,0.005,0.004,0.003,0.003,0.003,0.004,0.003*,0.003,0.003,0.003,0.003,0.003,0.004,0.004,0.003,0.003,0.003,0.003,0.003,0.003,0.003,0.004,0.002,0.003,0.003,0.003,0.003,0.002,0.002,0.002,0.003,0.002,0.003,0.002,0.002,0.003,0.003,0.003,0.003,0.003,0.002,0.002,0.002,0.002,0.003,0.002,0.002,0.001,0.002,0.002,0.002,0.002,0.003,0.003,0.003,0.002,0.002,0.002,0.002,0.002
,담양,-,-,-,-,-,-,-,-,-,-,-,-,-,-,-,-,-,-,-,-,-,-,-,-,-,-,-,-,-,-,-,-,-,-,-,-,0.005,0.004,0.004,0.004,0.003,0.003,0.003,0.003,0.003,0.002,0.003,0.003,0.003,0.004,0.003,0.003,0.003,0.003,0.002,0.003,0.003,0.003,0.003,0.003,0.003,0.003,0.002,0.003,0.003,0.003,0.003,0.004,0.003,0.003,0.003,0.003,0.003,0.003,0.002,0.003,0.002,0.003,0.002,0.003,0.003,0.002,0.003,0.003,0.003,0.003,0.002,0.002,0.003,0.003,0.003,0.002**,0.003,0.002,0.002,0.002
,장성,-,-,-,-,-,-,-,-,-,-,-,-,-,-,-,-,-,-,-,-,-,-,-,-,-,-,-,-,-,-,-,-,-,-,-,-,0.003,0.003,0.003,0.003,0.003,0.003,0.003,0.003,0.002,0.003,0.003,0.003,0.004,0.004,0.005,0.005,0.006,0.005,0.005,0.004,0.005,0.004,0.002,0.003,0.004,0.003,0.003,0.003,0.004,0.004,0.004,0.003,0.003,0.003,0.003,0.004,0.004,0.004,0.003,0.003,0.003,0.003,0.002,0.003,0.002,0.002,-,0.003,0.003,0.003,0.002*,0.003,0.003,0.003,0.003,0.003,0.003,0.003,0.003,0.003
,해남,-,-,-,-,-,-,-,-,-,-,-,-,-,-,-,-,-,-,-,-,-,-,-,-,-,-,-,-,-,-,-,-,-,-,-,-,-,-,-,-,0.005,0.006,0.006,0.006,0.006,0.006,0.007,0.01,0.009,0.008,0.005,0.004,0.004,0.004,0.004,0.004,0.004,0.004,0.004,0.004,0.004,0.004,0.003,0.003,0.004,0.004,0.003,0.003,0.003,0.003,0.003,0.003,0.003,0.003,0.003,0.003,0.003,0.003,0.003,0.003,0.003,0.003,0.003,0.003,0.003,0.003,0.002,0.002,0.003,0.003,0.003,0.003,0.003,0.003,0.003,0.003
,영광,-,-,-,-,-,-,-,-,-,-,-,-,-,-,-,-,-,-,-,-,-,-,-,-,-,-,-,-,-,-,-,-,-,-,-,-,-,-,-,-,-,-,-,-,-,-,0.003,0.003,0.004,0.004,0.003,0.003,0.003,0.002,0.003,0.003,0.004,0.004,0.004,0.003,0.003,0.003,0.002,0.003,0.003,0.003,0.003,0.003,0.003,0.002,0.003,0.003,0.003,0.004,0.003,0.003,0.002,0.003,0.003*,0.002,0.002,0.002,0.002,0.002,0.002,0.002,0.003,0.002,0.002,0.003,0.003,0.002,0.002,0.002,0.002,0.002
,장흥,-,-,-,-,-,-,-,-,-,-,-,-,-,-,-,-,-,-,-,-,-,-,-,-,-,-,-,-,-,-,-,-,-,-,-,-,-,-,-,-,-,-,-,-,-,-,-,-,0.003,0.003,0.003,0.003,0.004,0.004,0.003,0.003,0.003,0.004,0.004,0.003,0.002,0.003,0.003,0.003,0.003,0.003,0.003,0.003,0.003,0.003,0.003,0.002,0.002,0.003,0.003,0.004,0.003,0.002,0.002,0.002,0.002,0.002,0.002,0.001*,0.002,0.002,0.002,0.002,0.002,0.002,0.002,0.002,0.003,0.002,0.002,0.001
,진도,-,-,-,-,-,-,-,-,-,-,-,-,-,-,-,-,-,-,-,-,-,-,-,-,-,-,-,-,-,-,-,-,-,-,-,-,-,-,-,-,-,-,-,-,-,-,-,-,-,0.002,0.002,0.003,0.003,0.002,0.002,0.003,0.003,0.003,0.003,0.003,0.003,0.002,0.002,0.002,0.002,0.002,0.002,0.002,0.002,0.002,0.002,0.002,0.002,0.002,0.002,0.002,0.002,0.002,0.003,0.002,0.002,0.002,0.003,0.002,0.002,0.002,0.002,0.002,0.002,0.002,0.002,0.003,0.003,0.003,0.003,0.003
,완도,-,-,-,-,-,-,-,-,-,-,-,-,-,-,-,-,-,-,-,-,-,-,-,-,-,-,-,-,-,-,-,-,-,-,-,-,-,-,-,-,-,-,-,-,-,-,-,-,-,0.003,0.002,0.002,0.003,0.003,0.003,0.003,0.003,0.003,0.003,0.003,0.003,0.002,0.002,0.002,0.002,0.002,0.002,0.003,0.002,0.002,0.002,0.002,0.002,0.003,0.003,0.003,0.003,0.003,0.003,0.002,0.002,0.003,0.002,0.002,0.002,0.002,0.002,0.002,0.003,0.003,0.003,0.003,0.003,0.003,0.003,0.002
,함평,-,-,-,-,-,-,-,-,-,-,-,-,-,-,-,-,-,-,-,-,-,-,-,-,-,-,-,-,-,-,-,-,-,-,-,-,-,-,-,-,-,-,-,-,-,-,-,-,-,0.002,0.002,0.002,0.003,0.002,0.002,0.002,0.002,0.002,0.002,0.002,0.002,0.002,0.002,0.002,0.002,0.002,0.002,0.002,0.001,0.002,0.002,0.002,0.002,0.003,0.003,0.003,0.002,0.002,0.002,0.002,0.003,0.004,0.003,0.002,0.002,0.002,0.002,0.002,0.003,0.003,0.003,0.003,0.003,0.003,0.001,0.002
,고흥,-,-,-,-,-,-,-,-,-,-,-,-,-,-,-,-,-,-,-,-,-,-,-,-,-,-,-,-,-,-,-,-,-,-,-,-,-,-,-,-,-,-,-,-,-,-,-,-,-,-,0.002*,0.002,0.002,0.002,0.002,0.003,0.003,0.002,0.002,0.003,0.003,0.002,0.002,0.002,0.002,0.002,0.002,0.002,0.002,0.002,0.002,0.001,0.001,0.002,0.001,0.002,0.001,0.002,0.002,0.003,0.003,0.003,0.002,0.002,0.003,0.003,0.002,0.002,0.003,0.002,0.003,0.003,0.003,0.003,0.003,0.002
,신안,-,-,-,-,-,-,-,-,-,-,-,-,-,-,-,-,-,-,-,-,-,-,-,-,-,-,-,-,-,-,-,-,-,-,-,-,-,-,-,-,-,-,-,-,-,-,-,-,-,-,0.004,0.004,0.004,0.003,0.004,0.003,0.004,0.004,0.005,0.005,0.005,0.003,0.004,0.003,0.003,0.004,0.004,0.003,0.003,0.004,0.003,0.003,0.003,0.003,0.003,0.003,0.002,0.002,0.003,0.003,0.002,0.002,0.002,0.002,0.002,0.003,0.002,0.003,0.003,0.002,0.003,0.002,0.002,0.002,0.002,0.002
,무안,-,-,-,-,-,-,-,-,-,-,-,-,-,-,-,-,-,-,-,-,-,-,-,-,-,-,-,-,-,-,-,-,-,-,-,-,-,-,-,-,-,-,-,-,-,-,-,-,-,-,0.003*,0.003,0.004,0.006,0.007,0.003,0.003,0.002,0.002,0.003,0.004,0.004,0.004,0.003,0.003,0.003,0.003,0.002,0.003,0.003,0.003,0.003,0.003,0.003,0.003,0.003,0.003,0.003,0.003,0.003,0.003,0.003,0.003,0.001,0.002,0.002,0.002,0.003,0.002,0.002,0.002,0.002,0.002,0.002,0.002,0.002
,강진,-,-,-,-,-,-,-,-,-,-,-,-,-,-,-,-,-,-,-,-,-,-,-,-,-,-,-,-,-,-,-,-,-,-,-,-,-,-,-,-,-,-,-,-,-,-,-,-,-,-,-,-,-,0.002,0.002,0.003,0.003,0.003,0.003,0.003,0.003,0.003,0.003,0.003,0.003,0.003,0.003*,0.002,0.002,0.002,0.002*,0.002,0.002,0.003,0.002,0.002,0.002,0.003,0.003,0.003,0.003,0.003,0.003,0.003,0.003,0.003,0.003,0.003,0.003,0.003,0.003,0.003,0.003**,-,0.002*,0.002
,곡성,-,-,-,-,-,-,-,-,-,-,-,-,-,-,-,-,-,-,-,-,-,-,-,-,-,-,-,-,-,-,-,-,-,-,-,-,-,-,-,-,-,-,-,-,-,-,-,-,-,-,-,-,-,-,-,-,0.003,0.003,0.003,0.003,0.002,0.003,0.003,0.003,0.002,0.002,0.002,0.002,0.002,0.002,0.002,0.001,0.002,0.002,0.002,0.002,0.002,0.002,0.003,0.003,0.003,0.003,0.002,0.002,0.003,0.003,0.002,0.002,0.003,0.003,0.002,0.002,0.002,0.002,0.003,0.003
,구례,-,-,-,-,-,-,-,-,-,-,-,-,-,-,-,-,-,-,-,-,-,-,-,-,-,-,-,-,-,-,-,-,-,-,-,-,-,-,-,-,-,-,-,-,-,-,-,-,-,-,-,-,-,-,0.002**,0.003,0.003,0.003,0.003,0.003,0.003,0.003,0.003,0.003,0.003,0.003,0.003,0.003,0.003,0.003,0.003,0.003,0.003,0.003,0.003,0.003,0.003,0.003,0.003,0.003,0.003,0.003,0.002,0.002,0.003,0.003,0.002,0.002,0.003,0.002,0.003,0.002,0.002,0.002,0.002,0.002
,보성,-,-,-,-,-,-,-,-,-,-,-,-,-,-,-,-,-,-,-,-,-,-,-,-,-,-,-,-,-,-,-,-,-,-,-,-,-,-,-,-,-,-,-,-,-,-,-,-,-,-,-,-,-,-,-,-,0.003,0.002,0.003,0.004,0.003,0.002,0.002,0.002,0.002,0.002,0.002,0.002,0.001,0.002,0.002,0.003,0.003,0.003,0.002,0.002,0.002,0.002,0.003,0.003,0.003,0.003,0.002,0.003,0.003,0.003,0.003,0.003,0.003,0.003,0.003,0.003,0.003,0.003,0.003,0.002
,도평균,0.006,0.006,0.006,0.005,0.006,0.006,0.005,0.005,0.005,0.005,0.005,0.006,0.005,0.005,0.005,0.006,0.007,0.006,0.005,0.006,0.005,0.005,0.005,0.006,0.005,0.005,0.006,0.006,0.006,0.006,0.005,0.005,0.005,0.005,0.005,0.005,0.005,0.005,0.005,0.005,0.005,0.006,0.005,0.005,0.004,0.004,0.005,0.005,0.005,0.005,0.004,0.004,0.005,0.004,0.004,0.004,0.004,0.004,0.004,0.004,0.004,0.003,0.003,0.003,0.003,0.003,0.003,0.003,0.003,0.003,0.003,0.003,0.003,0.003,0.003,0.003,0.003,0.003,0.003,0.003,0.003,0.003,0.003,0.003,0.003,0.003,0.003,0.003,0.003,0.003,0.003,0.003,0.003,0.003,0.003,0.003
경상북도,영덕,-,-,-,-,-,-,-,-,-,-,-,-,-,-,-,-,-,-,-,-,-,-,-,-,-,-,-,-,-,-,-,-,-,-,-,-,-,-,-,-,-,-,-,-,-,-,-,-,-,-,-,-,-,-,-,-,-,-,-,0.002**,0.002,0.002,0.002,0.002,0.002,0.002,0.002,0.002,0.002,0.002,0.002,0.002*,0.002,0.002,0.002,0.002,0.002,0.002,0.002,0.002,0.002,0.002,0.002,0.002,0.003,0.003,0.003,0.002,0.002,0.002,0.002,0.002,0.002,0.002,0.002,0.002
,영천,-,-,-,-,-,-,-,-,-,-,-,-,-,-,-,-,-,-,-,-,-,-,-,-,-,-,-,-,-,-,-,-,-,-,-,-,-,-,-,-,-,-,-,-,-,-,-,-,0.004,0.004,0.004,0.003,0.004,0.004,0.004,0.003,0.003,0.003,0.004,0.005,0.006,0.005,0.004,0.004,0.004,0.004,0.003,0.003,0.003,0.004,0.003,0.004,0.004,0.003,0.003,0.003,0.003,0.003,0.003,0.003,0.004,0.003,0.003,0.003,0.003,0.003,0.003,0.003,0.003,0.002,0.002,0.002,0.002,0.003,0.003,0.003
,의성,-,-,-,-,-,-,-,-,-,-,-,-,-,-,-,-,-,-,-,-,-,-,-,-,-,-,-,-,-,-,-,-,-,-,-,-,-,-,-,-,-,-,-,-,-,-,-,-,-,-,-,-,-,-,-,-,-,-,-,-,0.004**,0.005,0.004,0.004,0.003,0.003,0.003,0.003,0.003,0.003,0.003,0.004,0.006,0.005,0.004,0.003,0.002,0.003,0.003,0.002,0.003,0.003,0.003,0.004,0.005,0.004,0.003,0.003,0.003,0.003,0.002,0.002,0.003,0.002,0.003,0.003
,울릉도,-,-,-,-,-,-,-,-,-,-,-,-,-,-,-,-,-,-,-,-,-,-,-,-,-,-,-,-,-,-,-,-,-,-,-,-,-,-,-,-,-,-,-,-,-,-,-,-,-,-,-,-,-,-,0.002**,0.002,0.001,0.001,0.002,0.002,0.002,0.002,0.002,0.002,0.003,0.003,0.002,0.002,0.002,0.002,0.002,0.002,0.002,0.002,0.001,0.002,0.001,0.001,0.002,0.002,0.002,0.002,0.002,0.002,0.001,0.001,0.001,0.001,0.001,0.002,0.002,0.001,0.002,0.002,0.002,0.002
,포항,0.005,0.006,0.007,0.007,0.008,0.007,0.007,0.007,0.007,0.006,0.006,0.007*,0.006,0.005,0.005,0.006,0.007,0.006,0.005,0.005,0.005,0.004,0.004,0.005,0.006,0.006,0.007,0.006,0.005,0.005,0.005,0.006*,0.004,0.004,0.004,0.003,0.004,0.005,0.005,0.005,0.005,0.005,0.006,0.004,0.003,0.004,0.004,0.003,0.003,0.003,0.003,0.004,0.004,0.004,0.004,0.005,0.005,0.004,0.004,0.004,0.004,0.004,0.004,0.004,0.004,0.005,0.004,0.004,0.005,0.004,0.003,0.003,0.004,0.004,0.004,0.004,0.003,0.004,0.004,0.004,0.004,0.003,0.003,0.003,0.003,0.003,0.003,0.003,0.003,0.003,0.004,0.003,0.003,0.002,0.003,0.002
,구미,0.008,0.008,0.007,0.005*,0.006*,0.006*,0.005*,0.005*,0.005*,0.006*,0.005*,0.006*,0.007*,0.006*,0.005*,0.004*,0.004*,0.004*,0.005*,0.004*,0.004,0.003,0.003,0.004,0.004,0.004,0.004,0.003,0.003,0.003,0.003,0.004,0.004,0.004,0.004,0.004,0.004,0.004,0.003,0.003,0.003,0.003,0.003,0.003,0.003,0.003,0.003,0.003,0.004,0.003,0.003,0.003,0.003,0.003,0.003,0.003,0.002,0.003,0.003,0.004,0.003,0.004,0.004,0.003,0.003,0.002,0.002,0.003,0.002,0.002,0.003*,0.003,0.003,0.003,0.003,0.003,0.003,0.004,0.003,0.002,0.002,0.002,0.002,0.002,0.003,0.002,0.003,0.002,0.002,0.002,0.002,0.002,0.002,0.002,0.002,0.003
,김천,0.004,0.003,0.004,0.007,0.008,0.007,0.002,0.002,0.002,0.003,0.003,0.004,0.004,0.003,0.002,0.002,0.002,0.001,0.001,0.002,0.002,0.004,0.006,0.006,0.005,0.002,0.003,0.003,0.002,0.003,0.002**,0.002,0.002**,0.002**,0.003,0.004,0.004,0.005,0.003,0.003,0.003,0.003,0.003,0.003,0.003,0.003*,0.004,0.004,0.004,0.003**,0.003,0.003,0.002,0.002,0.002,0.002,0.002,0.002,0.002,0.003,0.003,0.003,0.002,0.003,0.002,0.003,0.002,0.003,0.002,0.003,0.003,0.003,0.003,0.003,0.003,0.003,0.002,0.002,0.002,0.002,0.002,0.002,0.003*,0.003,0.003,0.003,0.003,0.003,0.003,0.003,0.003,0.003,0.003,0.003,0.003,0.003
,경주,0.009,0.005,0.006,0.006,0.006,0.007,0.007,0.003,0.003,0.002,0.002,0.006,0.006,0.006,0.007,0.005,0.006,0.004,0.005,0.006,0.003,0.002,0.004,0.004,0.005,0.004,0.005,0.003,0.004,0.005,0.005,0.004,0.003,0.004,0.004,0.004,0.005,0.005,0.004,0.004,0.005,0.005,0.004,0.004,0.003,0.003,0.003,0.004,0.005,0.004,0.003,0.004,0.004,0.004**,0.003,0.004,0.004,0.004,0.004,0.005,0.004,0.003,0.003,0.003,0.004,0.005,0.004,0.004,0.004,0.004,0.004,0.005,0.005,0.005,0.004,0.004,0.003,0.003,0.003,0.003,0.003,0.003,0.003,0.003,0.003,0.003,0.003,0.003,0.004,0.003,0.004,0.003,0.003,0.003,0.003,0.003
,안동,0.005,0.004,0.003,0.002,0.003,0.002,0.003,0.004,0.004,0.004,0.005,0.006,0.005,0.005,0.004,0.003,0.003,0.003,0.004,0.005,0.005,0.005,0.007,0.003,0.004,0.004,0.004,0.003,0.003,0.004,0.005,0.006,0.006,0.006,0.006,0.008,0.007,0.007,0.007,0.003,0.005,0.003,0.003,0.004,0.004,0.003,0.003**,-,-,0.002*,0.003,0.003,0.003,0.002,0.002,0.002,0.002,0.002,0.003,0.003,0.004,0.004,0.003,0.003,0.002,0.003,0.002,0.002,0.002,0.002,0.002,0.003,0.003,0.003,0.002,0.002,0.002,0.002,0.002,0.001,0.002,0.002,0.002,0.002,0.003,0.003,0.003,0.003,0.002,0.002,0.002,0.002,0.001,0.002,0.002,0.003
,영주,0.02,0.016,0.014*,0.009,0.007,0.004,0.003,0.001,0.003,0.005,0.008,0.014,0.014,0.011,0.006,0.003,0.002,0.002,0.003,0.004,0.004,0.005,0.009,0.012,0.015,0.012,0.01,0.005,0.002,0.003,0.002,0.003,0.003,0.004,0.008,0.008,0.008,0.01,0.007,0.005,0.004,0.004,0.004,0.004,0.003,0.004,0.006,0.008,0.009,0.006,0.004,0.003,0.003,0.003,0.002,0.002*,0.002,0.002,0.003,0.003*,-,0.003,0.004,0.005,0.003,0.003,0.002,0.002,0.002,0.003,0.003,0.004,0.003,0.003,0.002,0.002,0.002,0.002,0.002*,0.002,0.002,0.002,0.003,0.005,0.006,0.004,0.004,0.003,0.003,0.003,0.003,0.003,0.002,0.003,0.004,0.005
,경산,0.006,0.005,0.003,0.005,0.004,0.003,0.004,0.004,0.003,0.003,0.004,0.005,0.005,0.005,0.004,0.004,0.004,0.003,0.003,0.003,0.004,0.004,0.004,0.005,0.004,0.004,0.005,0.004,0.005,0.006,0.005,0.002,0.002,0.002,0.003,0.003,0.004,0.004,0.004,0.004,0.005,0.004,0.003,0.003,0.004,0.003,0.003,0.004,0.004,0.004,0.004,0.004,0.005,0.007,0.004,0.004,0.003,0.003,0.003,0.003,0.003,0.003,0.003,0.003,0.004,0.005**,0.004,0.004,0.003,0.003,0.003,0.004,0.004,0.003,0.004,0.003,0.004,0.005,0.003,0.004,0.004,0.004,0.004,0.004,0.004,0.003,0.004,0.003,0.003*,0.003,0.003,0.003,0.003,0.002,0.003,0.003
,상주,-,-,-,-,-,-,-,-,-,-,-,-,-,-,-,-,-,-,-,-,-,-,-,-,-,-,-,-,-,-,-,-,-,-,-,0.004** ,0.004,0.005,0.003,0.003,0.003,0.003,0.003,0.003,0.003,0.003,0.003,0.004,0.003,0.003,0.003,0.003,0.003,0.002,0.002,0.002,0.003,0.003,0.003,0.005,0.005,0.004,0.004,0.004,0.004,0.004,0.003,0.004,0.003,0.003,0.003,0.003,0.004,0.004,0.003,0.003,0.002,0.002,0.003,0.003,0.003,0.004,0.003,0.003,0.003,0.003,0.003,0.003,0.003,0.002,0.002,0.002,0.002,0.002,0.002,0.002
,칠곡,-,-,-,-,-,-,-,-,-,-,-,-,-,-,-,-,-,-,-,-,-,-,-,-,-,-,-,-,-,-,-,-,-,-,-,0.005** ,0.005,0.004,0.004,0.003,0.004,0.003,0.003,0.003,0.003,0.003,0.003,0.004,0.004,0.004,0.004,0.004,0.003,0.003,0.003,0.003,0.003,0.002,0.003,0.004,0.004,0.004,0.003,0.004,0.004,0.003,0.003,0.003,0.003,0.003,0.003,0.003,0.004,0.004,0.004,0.004,0.004,0.005,0.005,0.005,0.004,0.003,0.003,0.003,0.004,0.004,0.003,0.003,0.003,0.002,0.003,0.003**,0.003,0.004,0.003,0.003
,울진,-,-,-,-,-,-,-,-,-,-,-,-,-,-,-,-,-,-,-,-,-,-,-,-,-,-,-,-,-,-,-,-,-,-,-,-,-,-,-,-,-,-,-,-,-,-,-,-,-,0.004*,0.004,0.003,0.003,0.003,0.003,0.003,0.003,0.003,0.002,0.003,0.003,0.003,0.003,0.003,0.003,0.003,0.003,0.003,0.003,0.003,0.003,0.003,0.003,0.003,0.003,0.003,0.003,0.003,0.002,0.002,0.002,0.002,0.002,0.003,0.003,0.003,0.002,0.002,0.002,0.003,0.002,0.002,0.002,0.002,0.002,0.002
,봉화,-,-,-,-,-,-,-,-,-,-,-,-,-,-,-,-,-,-,-,-,-,-,-,-,-,-,-,-,-,-,-,-,-,-,-,-,-,-,-,-,-,-,-,-,-,-,-,-,-,-,-,-,0.014,0.005,0.005,0.005,0.003,0.006,0.009,0.013,0.011,0.012,0.009,0.009,0.006,0.006,0.003,0.005,0.004,0.007,0.008,0.02,0.013,0.011,0.008,0.007,0.004,0.003,0.002,0.002,0.003,0.003,0.004,0.005,0.007,0.007,0.005,0.005,0.005,0.003,0.003,0.004,0.003,0.004,0.007*,0.009
,고령,-,-,-,-,-,-,-,-,-,-,-,-,-,-,-,-,-,-,-,-,-,-,-,-,-,-,-,-,-,-,-,-,-,-,-,-,-,-,-,-,-,-,-,-,-,-,-,-,-,-,-,-,-,-,-,-,-,0.002,0.003,0.005,0.005,0.005,0.004,0.005,0.003,0.003,0.003,0.003,0.003,0.004,0.005,0.005,0.004,0.003,0.004,0.003,0.004,0.003,0.002,0.002,0.002,0.002,0.003,0.004,0.005,0.004,0.003,0.003,0.002,0.002,0.002,0.001,0.001,0.002,0.003,0.003
,군위,-,-,-,-,-,-,-,-,-,-,-,-,-,-,-,-,-,-,-,-,-,-,-,-,-,-,-,-,-,-,-,-,-,-,-,-,-,-,-,-,-,-,-,-,-,-,-,-,-,-,-,-,-,-,-,-,-,-,-,-,0.003**,0.003,0.003,0.003,0.003,0.003,0.002,0.004,0.003,0.002,0.003,0.003,0.003,0.003,0.003,0.002,0.003,0.003,0.003,0.002,0.003,0.002,0.002,0.002,0.002,0.002,0.002,0.002,0.003,0.002,0.003,0.002,0.002,0.003,0.002,0.002
,성주,-,-,-,-,-,-,-,-,-,-,-,-,-,-,-,-,-,-,-,-,-,-,-,-,-,-,-,-,-,-,-,-,-,-,-,-,-,-,-,-,-,-,-,-,-,-,-,-,-,-,-,-,-,-,-,-,-,-,-,-,-,-,0.003,0.003,0.002,0.003,0.003,0.002,0.002,0.002,0.002,0.003,0.003,0.003,0.002,0.002,0.002,0.002,0.003,0.003,0.003,0.003,0.003,0.004,0.003,0.003,0.003,0.003,0.003,0.003,0.002,0.002,0.002,0.002,0.003,0.003
,예천,-,-,-,-,-,-,-,-,-,-,-,-,-,-,-,-,-,-,-,-,-,-,-,-,-,-,-,-,-,-,-,-,-,-,-,-,-,-,-,-,-,-,-,-,-,-,-,-,-,-,-,-,-,-,-,-,-,-,-,-,-,-,0.003,0.003,0.002,0.003,0.003,0.003,0.003,0.003,0.004,0.004,0.003,0.003,0.003,0.002,0.003,0.003,0.003,0.002,0.002,0.002,0.003,0.003,0.003,0.003,0.003,0.003,0.002,0.002,0.002,0.002,0.002,0.002,0.002,0.002
,청도,-,-,-,-,-,-,-,-,-,-,-,-,-,-,-,-,-,-,-,-,-,-,-,-,-,-,-,-,-,-,-,-,-,-,-,-,-,-,-,-,-,-,-,-,-,-,-,-,-,-,-,-,-,-,-,-,-,-,-,-,-,0.003,0.003,0.003,0.003,0.003,0.003,0.003,0.003,0.003,0.004,0.004,0.004,0.004,0.003,0.003,0.003,0.003,0.003,0.002,0.002,0.003,0.003,0.003,0.003,0.003,0.003,0.002,0.003,0.002,0.002,0.002,0.002,0.002,0.002,0.002
,청송,-,-,-,-,-,-,-,-,-,-,-,-,-,-,-,-,-,-,-,-,-,-,-,-,-,-,-,-,-,-,-,-,-,-,-,-,-,-,-,-,-,-,-,-,-,-,-,-,-,-,-,-,-,-,-,-,-,-,-,-,-,-,0.003**,0.003,0.003,0.003,0.003,0.003,0.003,0.002,0.003,0.003,0.003,0.003,0.003,0.002,0.003,0.003,0.003,0.003,0.003,0.003,0.002,0.003,0.003,0.003,0.003,0.002,0.003,0.003,0.002,0.002,0.002,0.002,0.002,0.002
,영양,-,-,-,-,-,-,-,-,-,-,-,-,-,-,-,-,-,-,-,-,-,-,-,-,-,-,-,-,-,-,-,-,-,-,-,-,-,-,-,-,-,-,-,-,-,-,-,-,-,-,-,-,-,-,-,-,-,-,-,-,-,-,0.003,0.002,0.003,0.002,0.003,0.002,0.002,0.003,0.003,0.003,0.003,0.003,0.003,0.003,0.003,0.003,0.003,0.002,0.002,0.002,0.002,0.002,0.002,0.003,0.003,0.002,0.002,0.002,0.002,0.002,0.003,0.002,0.002,0.002
,문경,-,-,-,-,-,-,-,-,-,-,-,-,-,-,-,-,-,-,-,-,-,-,-,-,-,-,-,-,-,-,-,-,-,-,-,-,-,-,-,-,-,-,-,-,-,-,-,-,-,-,-,-,-,-,-,-,-,-,-,-,-,0.004*,0.004,0.004,0.004,0.004,0.003,0.003,0.003,0.004,0.005,0.005,0.006,0.006,0.004,0.003,0.003,0.003,0.003,0.003,0.002,0.002,0.003,0.004,0.004,0.003,0.003,0.003,0.003,0.002,0.002,0.002,0.002,0.002,0.003,0.003
,도평균,0.007,0.007,0.006,0.006,0.007,0.006,0.005,0.005,0.005,0.005,0.005,0.007,0.007,0.006,0.005,0.004,0.005,0.004,0.004,0.004,0.004,0.004,0.005,0.005,0.006,0.005,0.005,0.004,0.004,0.004,0.004,0.004,0.004,0.004,0.004,0.004,0.004,0.005,0.004,0.004,0.004,0.004,0.004,0.003,0.003,0.003,0.004,0.004,0.004,0.004,0.003,0.003,0.004,0.004,0.003,0.004,0.003,0.003,0.003,0.004,0.004,0.004,0.004,0.003,0.003,0.004,0.003,0.003,0.003,0.003,0.003,0.004,0.004,0.004,0.003,0.003,0.003,0.003,0.003,0.003,0.003,0.003,0.003,0.003,0.003,0.003,0.003,0.003,0.003,0.003,0.003,0.003,0.002,0.002,0.003,0.003
경상남도,창원,0.004,0.004,0.005,0.004,0.005,0.005,0.005,0.005,0.004,0.004,0.004,0.004,0.004,0.005,0.005,0.004,0.005,0.005,0.005,0.004,0.004,0.004,0.004,0.004,0.004,0.005,0.005,0.005,0.005,0.005,0.005,0.005,0.004,0.003,0.005,0.004,0.004,0.004,0.004,0.004,0.004,0.005,0.005,0.004,0.003,0.003,0.004,0.003,0.004,0.004,0.004,0.004,0.004,0.004,0.004,0.003,0.003,0.003,0.003,0.004,0.003,0.003,0.003,0.003,0.003,0.003,0.003,0.003,0.003,0.003,0.003,0.003,0.003,0.003,0.003,0.003,0.003,0.003,0.003*,0.003*,0.003,0.003,0.003,0.003,0.003,0.003,0.003,0.003,0.003,0.003,0.003,0.003,0.003,0.003,0.003,0.003
,진주,0.006,0.005,0.005,0.004,0.005,0.003,0.004,0.004,0.003,0.003,0.003,0.004,0.004,0.005,0.005,0.005,0.005,0.004,0.005,0.004,0.002,0.003,0.004,0.005,0.005,0.005,0.005,0.005,0.006,0.005,0.005,0.004,0.004,0.003,0.004,0.005,0.005,0.005,0.004,0.005,0.004,0.005,0.005,0.004,0.003,0.003,0.003,0.004,0.004,0.004,0.004,0.004,0.004,0.003,0.003,0.003,0.003,0.003,0.003,0.003,0.003,0.004,0.004,0.004,0.004,0.004,0.003,0.003,0.003,0.003*,0.004*,0.004,0.004,0.004,0.003,0.003*,0.004*,0.003*,0.003**,0.003*,0.003,0.003,0.004,0.004,0.004,0.003,0.004,0.004,0.004,0.003,0.003,0.003*,0.003*,0.003,0.003,0.003
,하동,0.003,0.004,0.005,0.004,0.005,0.005,0.002,0.002,0.003,0.003,0.003,0.003,0.004,0.004,0.004,0.005,0.005,0.005,0.004,0.005,0.003,0.002,0.003,0.004,0.005,0.005,0.005,0.005,0.005,0.005,0.004,0.003,0.004,0.003,0.004,0.004,0.004,0.004,0.003,0.004,0.004,0.005,0.007,0.006,0.003,0.002,0.002,0.003,0.003,0.004,0.003,0.004,0.004,0.005,-,-,-,0.002,0.003,0.003,0.003,0.003,0.003*,0.003,0.004,0.004,0.003,0.004,0.002,0.003,0.003,0.003,0.003,0.003,0.003,0.003,0.003,0.004,0.003,0.003,0.002,0.003,0.003,0.003,0.004,0.003,0.003,0.004,0.004,0.003,0.004,0.003,0.002,0.003,0.003,0.003
,김해,0.005,0.005,0.005,0.004,0.005,0.004,0.004,0.004,0.003,0.004,0.004,0.004,0.005,0.004,0.004,0.003,0.004,0.004,0.004,0.004,0.003,0.003,0.003,0.004,0.004,0.004,0.005,0.004,0.004,0.004,0.004,0.003,0.003,0.003,0.004,0.004,0.004,0.004,0.004,0.004,0.005,0.005,0.005,0.004,0.004,0.004,0.004,0.004,0.004,0.003,0.003,0.003,0.004,0.004,0.004,0.004,0.004,0.003,0.003,0.004,0.004,0.003,0.003,0.003,0.003,0.003,0.003,0.003,0.003,0.003*,0.003,0.004,0.003,0.003,0.003,0.003,0.003,0.004,0.003,0.003,0.003,0.003,0.003,0.004,0.004,0.003,0.003,0.003,0.003,0.003,0.003,0.003,0.003,0.003,0.003,0.003
,양산,0.004,0.005,0.006,0.004,0.004,0.004,0.004,0.005*,0.006**,0.005,0.005,0.005,0.005,0.005,0.006,0.006,0.006,0.005,0.006,0.004,0.004,0.004,0.004,0.004,0.004,0.004,0.005,0.005,0.007,0.006,0.006,0.006,0.004,0.004,0.004,0.004,0.005,0.005,0.004,0.005,0.005,0.005,0.005,0.005,0.004,0.004,0.004,0.004,0.005,0.004,0.004,0.005,0.005,0.005,0.004,0.004,0.003,0.003,0.003,0.004,0.003,0.003,0.004,0.003,0.004,0.004,0.004,0.004,0.003,0.004,0.004,0.004*,0.004,0.003,0.003,0.004,0.003,0.004,0.003*,0.003*,0.003,0.003,0.003,0.003,0.003,0.003,0.003,0.003,0.003,0.003,0.003,0.003,0.003,0.003,0.003,0.003
,거제,0.005,0.005,0.004,0.004,0.006,0.009,0.007,0.007,0.006,0.004,0.005,0.007,0.006,0.004,0.005,0.006,0.009,0.008,0.005,0.005,0.005,0.004,0.003,0.004,0.005,0.005,0.005,0.006,0.009,0.007,0.005,0.004,0.004,0.004,0.004,0.004,0.005**,-,0.004,0.004,0.004,0.003,0.003,0.002,0.002,0.002,0.002,0.003,0.002,0.003,0.003,0.002,0.003,0.003,0.003,0.002,0.003,0.002,0.002,0.002,0.003,0.003,0.003,0.003,0.003,0.002,0.003,0.003,0.003,0.003,0.003,0.003**,0.003*,0.003,0.003,0.003,0.003,0.003,0.003,0.003,0.003,0.003,0.004,0.004,0.004,0.003,0.003,0.003,0.004,0.003,0.003,0.003**,0.003**,0.003*,0.003,0.003
,사천,0.006,0.006,0.007,0.006,0.005,0.004,0.007,0.007,0.005,0.005,0.004,0.004,0.005,0.005,0.005,0.004,0.004,0.004,0.003,0.004,0.003,0.003,0.004,0.005,0.005,0.005,0.005,0.005,0.006,0.005,0.006,0.004,0.004,0.004,0.005,0.005,0.005,0.006,0.005,0.005,0.005,0.005,0.005,0.004,0.004,0.004,0.005,0.005,0.005,0.005,0.005,0.005,0.005,0.004,0.004,0.004,0.004,0.003,0.004,0.005,0.004,0.004,0.004,0.004,0.004,0.003,0.003,0.004,0.003,0.003,0.004,0.004*,0.004,0.004,0.003,0.003,0.003,0.003,0.003,0.003,0.003,0.003,0.004,0.004,0.004,0.003,0.004,0.003,0.004,0.003,0.003,0.003,0.003,0.003,0.004,0.004
,밀양,-,-,-,-,-,-,-,-,-,-,-,-,-,-,-,-,-,-,-,-,-,-,-,-,-,-,-,-,-,-,-,-,-,-,0.003*,0.003,0.003,0.004,0.003,0.003,0.003,0.003,0.003,0.003,0.003,0.003,0.003,0.004,0.004,0.004,0.004,0.004,0.004,0.003,0.003,0.003,0.002,0.002,0.003,0.003,0.003,0.003,0.003,0.003,0.003,0.003,0.003,0.003,0.003,0.003,0.003,0.004,0.003,0.004,0.003,0.003,0.003,0.004,0.004,0.004,0.004,0.004,0.004,0.004,0.003,0.003,0.004,0.004,0.003,0.003,0.003,0.003,0.003,0.003,0.002,0.003
,통영,-,-,-,-,-,-,-,-,-,-,-,-,-,-,-,-,-,-,-,-,-,-,-,-,-,-,-,-,-,-,-,-,-,-,0.002*,0.002,0.002,0.003,0.003,0.003,0.003,0.004,0.004,0.003,0.003,0.003,0.003,0.004,0.004,0.003,0.003,0.004,0.004,0.003,0.003,0.003,0.003,0.002,0.002,0.003,0.003,0.003,0.003,0.003,0.003,0.003,0.003,0.003,0.002,0.003,0.002,0.003,0.004,0.003,0.003,0.003,0.002,0.003,0.003,0.003,0.003,0.002,0.004,0.003,0.004,0.003,0.003,0.003,0.003,0.003,0.003,0.003,0.003,0.003,0.003,0.003
,고성,-,-,-,-,-,-,-,-,-,-,-,-,-,-,-,-,-,-,-,-,-,-,-,-,-,-,-,-,-,-,-,-,-,-,-,-,-,-,-,-,-,-,-,-,-,-,-,-,0.004,0.003,0.003,0.003,0.003,0.003,0.002,0.003,0.002,0.002,0.002,0.003,0.003,0.003,0.003,0.003,0.002,0.003,0.002,0.003,0.002,0.003,0.005,0.004*,0.003,0.003,0.003,0.002,0.002,0.004,0.003,0.003,0.003,0.003,0.003,0.002,0.003,0.004,0.003,0.003,0.003,0.002,0.002,0.002,0.002,0.003,0.003,0.003
,거창,-,-,-,-,-,-,-,-,-,-,-,-,-,-,-,-,-,-,-,-,-,-,-,-,-,-,-,-,-,-,-,-,-,-,-,-,-,-,-,-,-,-,-,-,-,-,-,-,0.003,0.002,0.002,0.002,0.002,0.002,0.001,0.001,0.002,0.002,0.002,0.002,0.003,0.003,0.003,0.003,0.002,0.002,0.002,0.002,0.002,0.002,0.003,0.003,0.002,0.002,0.002,0.002,0.002,0.002,0.002,0.002,0.002,0.002,0.003,0.003,0.002,0.003,0.003,0.003,0.002*,0.002*,0.002,0.002,0.002,0.002,0.002,0.002
,함안,-,-,-,-,-,-,-,-,-,-,-,-,-,-,-,-,-,-,-,-,-,-,-,-,-,-,-,-,-,-,-,-,-,-,-,-,-,-,-,-,-,-,-,-,-,-,-,-,0.002,0.003,0.004,0.002,0.003,0.002,0.002,0.002,0.002,0.002,0.003,0.003,0.003,0.003,0.003,0.003,0.003,0.002,0.002,0.002,0.003,0.002,0.002,0.003,0.003,0.003,0.002,0.002,0.002,0.002,0.002,0.003,0.003,0.002,0.003,0.003,0.003,0.003,0.003,0.003,0.003,0.002,0.003,0.003,0.002,0.002,0.002,0.003
,함양,-,-,-,-,-,-,-,-,-,-,-,-,-,-,-,-,-,-,-,-,-,-,-,-,-,-,-,-,-,-,-,-,-,-,-,-,-,-,-,-,-,-,-,-,-,-,-,-,0.003,0.003,0.003,0.002,0.003,0.002,0.001,0.002,0.002,0.002,0.002,0.002,0.002,0.003,0.002,0.003,0.002,0.002,0.002,0.002,0.002,0.002,0.002,0.003,0.003,0.003,0.002,0.002,0.002,0.002,0.002,0.002,0.002,0.002,0.002,0.003,0.003,0.003,0.003,0.002,0.003,0.002,0.003,0.002,0.003,0.002,0.002,0.003
,남해,-,-,-,-,-,-,-,-,-,-,-,-,-,-,-,-,-,-,-,-,-,-,-,-,-,-,-,-,-,-,-,-,-,-,-,-,-,-,-,-,-,-,-,-,-,-,-,-,0.005,0.004,0.004,0.004,0.005,0.003,0.003,0.003,0.002,0.003,0.003,0.004,0.004,0.004*,0.003,0.003*,0.003,0.003,0.002,0.003,0.002,0.003,0.003,0.004,0.003,0.003,0.003,0.003,0.003,0.003,0.002,0.003,0.003,0.002,0.004,0.004,0.004,0.004,0.003,0.003,0.003,0.002,0.003,0.002,0.002,0.003,0.003,0.003
,산청,-,-,-,-,-,-,-,-,-,-,-,-,-,-,-,-,-,-,-,-,-,-,-,-,-,-,-,-,-,-,-,-,-,-,-,-,-,-,-,-,-,-,-,-,-,-,-,-,-,-,-,-,-,-,-,-,-,-,0.002,0.003,0.003,0.003,0.003,0.003,0.003,0.003,0.002,0.003,0.002,0.003,0.003,0.003,0.003,0.003,0.003,0.003,0.003,0.003,0.003,0.003,0.002,0.002,0.003,0.003,0.003,0.003,0.003,0.003,0.003,0.003,0.003,0.003,0.002,0.003,0.003,0.002
,의령,-,-,-,-,-,-,-,-,-,-,-,-,-,-,-,-,-,-,-,-,-,-,-,-,-,-,-,-,-,-,-,-,-,-,-,-,-,-,-,-,-,-,-,-,-,-,-,-,-,-,-,-,-,-,-,-,-,-,0.003,0.003,0.003,0.003,0.003,0.003,0.003,0.003,0.002,0.002,0.002,0.002,0.003,0.003,0.003,0.003,0.003,0.003,0.003,0.003,0.003,0.002,0.002,0.002,0.003,0.003,0.003,0.003,0.003,0.003,0.003,0.003,0.002,0.003,0.002,0.002,0.003,0.002
,창녕,-,-,-,-,-,-,-,-,-,-,-,-,-,-,-,-,-,-,-,-,-,-,-,-,-,-,-,-,-,-,-,-,-,-,-,-,-,-,-,-,-,-,-,-,-,-,-,-,-,-,-,-,-,-,-,-,-,-,0.004,0.004,0.004,0.004,0.003,0.003,0.003,0.003,0.003,0.003,0.003,0.004,0.004,0.003,0.003,0.004,0.003,0.003,0.003,0.003,0.002,0.003,0.003,0.003,0.003,0.004,0.004,0.003,0.003,0.003,0.003,0.003,0.003,0.003,0.003,0.003,0.003,0.003
,합천,-,-,-,-,-,-,-,-,-,-,-,-,-,-,-,-,-,-,-,-,-,-,-,-,-,-,-,-,-,-,-,-,-,-,-,-,-,-,-,-,-,-,-,-,-,-,-,-,-,-,-,-,-,-,-,-,-,-,0.003,0.003,0.003,0.003,0.003,0.003,0.003,0.003,0.002,0.003,0.002,0.002,0.003,0.002,0.003,0.003,0.003,0.003,0.003,0.003,0.003**,-,0.003*,0.003,0.003,0.003,0.003,0.003,0.003,0.003,0.003,0.003,0.003,0.003,0.003,0.003,0.004,0.003
,도평균,0.004,0.005,0.005,0.004,0.005,0.004,0.005,0.004,0.004,0.004,0.004,0.004,0.005,0.005,0.005,0.005,0.005,0.004,0.005,0.004,0.003,0.003,0.004,0.004,0.004,0.004,0.005,0.005,0.006,0.005,0.005,0.004,0.004,0.003,0.004,0.004,0.004,0.004,0.004,0.004,0.004,0.005,0.005,0.004,0.003,0.003,0.004,0.004,0.004,0.004,0.004,0.004,0.004,0.004,0.003,0.003,0.003,0.003,0.003,0.003,0.003,0.003,0.003,0.003,0.003,0.003,0.003,0.003,0.003,0.003,0.003,0.003,0.003,0.003,0.003,0.003,0.003,0.003,0.003,0.003,0.003,0.003,0.003,0.003,0.003,0.003,0.003,0.003,0.003,0.003,0.003,0.003,0.003,0.003,0.003,0.003
제주특별자치도,제주,0.002,0.002,0.002,0.003,0.004,0.003,0.004,0.004,0.003,0.003,0.002,0.002,0.003,0.002,0.003,0.004,0.005,0.005,0.004,0.003,0.003,0.002,0.003,0.003,0.003,0.003,0.003,0.003,0.004,0.004,0.003,0.002*,0.002*,0.002,0.002,0.001,0.003,0.003,0.003,0.003,0.003,0.003,0.004,0.003,0.002,0.003,0.003,0.002,0.003,0.002,0.003,0.004,0.004,0.003,0.002,0.003,0.003,0.002,0.002,0.002,0.002,0.002,0.001,0.002,0.002,0.002,0.001,0.002,0.002,0.002,0.002,0.002,0.001,0.002,0.001,0.002,0.002,0.002,0.002,0.002,0.002,0.001,0.002,0.002,0.001,0.001,0.002,0.002,0.002,0.001,0.002,0.001,0.001,0.001,0.002,0.001
,서귀포,0.002,0.003,0.004,0.006,0.007,0.004,0.003,0.004,0.003,0.004,0.003,0.003,0.005,0.003,0.002,0.003,0.003,0.003,0.001,0.001,0.001,0.002,0.002,0.001,0.001,0.001,0.001,0.002,0.002,0.001,0.002,0.001,0.001,0.001,0.001,0.001,0.001,0.002,0.002,0.003,0.003,0.003,0.003,0.003,0.002,0.002,0.002,0.002,0.002,0.002,0.002,0.002,0.002,0.002,0.001,0.002,0.001,0.001,0.002,0.002,0.002,0.001,0.001,0.001,0.001,0.001,0.001,0.001,0.001,0.001,0.001,0.001,0.001,0.001,0.001,0.001,0.001,0.001,0.001,0.001,0.001,0.001,0.001,0.001,0.001,0.001,0.001,0.001,0.001,0.001,0.001,0.001,0.001,0.001,0.001,0.001
,도평균,0.002,0.002,0.003,0.004,0.005,0.003,0.004,0.004,0.003,0.003,0.002,0.002,0.004,0.002,0.003,0.004,0.004,0.004,0.003,0.002,0.002,0.002,0.003,0.003,0.002,0.002,0.002,0.003,0.003,0.003,0.002,0.002*,0.002,0.001,0.001,0.001,0.002,0.003,0.003,0.003,0.003,0.003,0.003,0.003,0.002,0.002,0.002,0.002,0.002,0.002,0.002,0.003,0.003,0.002,0.002,0.002,0.002,0.002,0.002,0.002,0.002,0.001,0.001,0.001,0.001,0.001,0.001,0.001,0.001,0.001,0.001,0.001,0.001,0.002,0.001,0.002,0.001,0.001,0.001,0.001,0.001,0.001,0.002,0.001,0.001,0.001,0.002,0.001,0.002,0.001,0.001,0.001,0.001,0.001,0.001,0.001
